a	n	0.147541
a	ja	0.098361
a	m	0.098361
a	on	0.098361
a	ssa	0.081967
aamulla	ja	0.055556
aamulla	huono	0.055556
aamulla	kello	0.055556
aamun	aikana	0.375000
aiemmin	tällä	0.061008
aiemmin	että	0.055703
aiemmin	tänä	0.047745
aiemmin	tänään	0.039788
aiemmin	ollut	0.039788
aiemmin	on	0.037135
aiemmin	kertonut	0.037135
aiemmin	tässä	0.031830
aiemmin	oli	0.021220
aiemmin	hän	0.013263
aiemmin	kesällä	0.013263
aiemmin	myös	0.013263
aiemmin	venäjän	0.013263
aiemmin	toiminut	0.013263
aiemmin	ja	0.013263
aiemmin	mutta	0.013263
aiemmin	esimerkiksi	0.010610
aiemmin	päivällä	0.010610
aiemmin	se	0.010610
aiemmin	kun	0.010610
aiemmin	kerrottiin	0.007958
aiemmin	maanantaina	0.007958
aiemmin	niitä	0.007958
aiemmin	tiistaina	0.007958
aiemmin	nähty	0.007958
aiemmin	muun	0.007958
aiemmin	käynyt	0.007958
aiemmin	sunnuntaina	0.007958
aiemmin	sanonut	0.007958
aiheesta	klo	0.279221
aiheesta	kello	0.240260
aiheesta	voi	0.220779
aiheesta	on	0.038961
aika	on	0.130102
aika	paljon	0.058673
aika	ajoin	0.043367
aika	ja	0.033163
aika	lailla	0.033163
aika	näyttää	0.030612
aika	oli	0.025510
aika	ei	0.020408
aika	hyvin	0.017857
aika	monta	0.015306
aika	hyvä	0.010204
aika	moni	0.010204
aika	vähän	0.010204
aika	jolloin	0.010204
aika	sitten	0.010204
aika	iso	0.010204
aika	usein	0.007653
aika	hankalaa	0.007653
aika	kovaa	0.007653
aika	ottaa	0.007653
aika	muuttaa	0.007653
aika	kääntää	0.007653
aika	pian	0.007653
aika	alkoi	0.007653
aikana	on	0.071429
aikana	ja	0.041270
aikana	yhteensä	0.025397
aikana	noin	0.023810
aikana	mutta	0.022222
aikana	kun	0.022222
aikana	yli	0.020635
aikana	jolloin	0.017460
aikana	hän	0.014286
aikana	niin	0.012698
aikana	prosenttia	0.012698
aikana	myös	0.012698
aikana	kaksi	0.011111
aikana	ollut	0.011111
aikana	muun	0.011111
aikana	kertoo	0.011111
aikana	että	0.009524
aikana	lähes	0.009524
aikana	sekä	0.009524
aikana	voi	0.009524
aikana	ei	0.009524
aikana	vain	0.007937
aikana	joten	0.007937
aikana	jo	0.007937
aikana	kolme	0.007937
aikana	kahdesti	0.006349
aikana	miljoonaa	0.006349
aikana	se	0.006349
aikana	sillä	0.006349
aikana	ennen	0.006349
aikana	uusia	0.006349
aikana	uutta	0.006349
aikana	koko	0.006349
aikana	jos	0.006349
aikana	hänen	0.006349
aikana	eri	0.004762
aikana	vuonna	0.004762
aikana	neljä	0.004762
aikana	tehty	0.004762
aikana	kaikki	0.004762
aikoihin	ja	0.238095
aikoina	on	0.100000
aikoina	myös	0.075000
aikoina	hän	0.050000
aikoina	ollut	0.037500
aikoja	sitten	0.208333
aio	antaa	0.081081
ajattelemaan	että	0.444444
ajoin	ennen	0.333333
ala	on	0.425532
ala	ja	0.063830
alkaen	ja	0.179104
alkaen	on	0.044776
alkuun	mennessä	0.113208
alkuun	asti	0.056604
alkuun	ja	0.056604
alkuun	saakka	0.056604
alle	kymmenen	0.052632
alle	euroa	0.052632
alle	puolet	0.040936
alle	prosenttia	0.040936
alle	kahden	0.035088
alle	parin	0.035088
alle	ja	0.035088
alle	viisi	0.029240
alle	kaksi	0.029240
alle	on	0.023392
alle	puoli	0.023392
alle	kuusi	0.023392
alle	prosentin	0.023392
alle	kilometrin	0.017544
alle	sen	0.017544
alle	minuuttia	0.017544
alueen	kuvernööri	0.105882
alueen	läpi	0.035294
alueen	ulkopuolelta	0.035294
alus	on	0.428571
alusta	lähtien	0.235714
alusta	asti	0.207143
alusta	alkaen	0.185714
alusta	loppuun	0.071429
alusta	lukien	0.050000
alusta	ja	0.042857
alusta	saakka	0.028571
amanda	on	0.750000
amerikan	ja	0.444444
apu	on	0.120000
armeijan	jälkeen	0.157895
arvo	on	0.460674
arvo	oli	0.179775
arvo	ja	0.056180
arvo	nousi	0.044944
asema	on	0.240000
asema	ja	0.200000
asiassa	on	0.129870
asiassa	ei	0.064935
askel	kohti	0.360000
askel	on	0.120000
asti	ja	0.106918
asti	kun	0.062893
asti	mutta	0.062893
asti	kunnes	0.044025
asti	ollut	0.018868
asti	joten	0.018868
asuin	ja	0.545455
asuu	noin	0.052632
asuu	ja	0.052632
asuu	nyt	0.052632
asuu	nykyään	0.052632
asuu	yli	0.052632
auto	on	0.191781
auto	ja	0.068493
auto	oli	0.054795
auto	ajoi	0.041096
auto	ei	0.041096
auttanut	meitä	0.214286
avaimet	käteen	0.333333
avioliitto	on	0.571429
avuksi	on	0.230769
avuksi	jos	0.230769
city	ja	0.333333
dollaria	eli	0.305556
dollaria	ja	0.111111
e	ja	0.222222
edelleen	voimassa	0.028674
edelleen	hyvin	0.025090
edelleen	myös	0.025090
edelleen	paljon	0.025090
edelleen	että	0.021505
edelleen	on	0.017921
edelleen	korkealla	0.017921
edelleen	kesken	0.017921
edelleen	ja	0.014337
edelleen	auki	0.014337
edelleen	pieni	0.010753
edelleen	jopa	0.010753
edelleen	mahdollista	0.010753
edelleen	yli	0.010753
edelleen	olla	0.010753
edelleen	suosittu	0.010753
edelleen	mutta	0.010753
edelleen	kateissa	0.010753
edelleen	vain	0.010753
edelleen	säilyttää	0.010753
edustaja	kertoi	0.108108
edustaja	sanoi	0.108108
edustaja	on	0.081081
ehdolla	on	0.181818
ehdotti	että	0.600000
eiköhän	se	0.444444
eilen	torstaina	0.166667
eilen	että	0.089744
eilen	maanantaina	0.089744
eilen	keskiviikkona	0.089744
eilen	illalla	0.051282
eilen	tiistaina	0.051282
eilen	perjantaina	0.051282
eläimet	ja	0.166667
eläimet	ovat	0.125000
eläkkeelle	jäänyt	0.333333
elämä	on	0.302632
elämä	ja	0.052632
elämä	ei	0.052632
elämä	muuttui	0.052632
elämä	voi	0.052632
elämä	oli	0.039474
elämässä	on	0.117647
elämässä	tulee	0.088235
elämästä	ja	0.250000
emme	voi	0.162304
emme	ole	0.141361
emme	tiedä	0.068063
emme	halua	0.031414
emme	saa	0.031414
emme	edes	0.020942
emme	päässeet	0.020942
emme	kuitenkaan	0.015707
emme	lähde	0.015707
emme	me	0.015707
emme	osaa	0.015707
emme	pysty	0.015707
emme	tietenkään	0.015707
emme	olisi	0.015707
emme	kykene	0.015707
emme	vielä	0.015707
emme	tee	0.015707
ensimmäinen	kerta	0.122905
ensimmäinen	ja	0.033520
ensimmäinen	on	0.033520
ensimmäinen	askel	0.033520
ensimmäinen	sitten	0.033520
ensimmäinen	vuosi	0.027933
ensimmäinen	päivä	0.027933
ensimmäinen	asia	0.027933
ensimmäinen	vaihe	0.022346
ensimmäinen	syy	0.022346
ensimmäinen	osa	0.016760
ensimmäinen	kierros	0.016760
ensimmäinen	kokemus	0.016760
ensimmäinen	oli	0.016760
ensimmäinen	peli	0.016760
ensimmäisen	kerran	0.585526
ensimmäisen	viikon	0.039474
ensimmäisen	päivän	0.032895
ensimmäisen	kauden	0.032895
ensimmäisen	ja	0.026316
ensimmäisen	kuvan	0.019737
ensimmäisen	voiton	0.019737
ensimmäisen	ottelun	0.019737
ensimmäisessä	vaiheessa	0.333333
ensin	pitää	0.037037
ensin	ja	0.027778
entinen	puheenjohtaja	0.170213
entinen	presidentti	0.170213
entinen	pääministeri	0.085106
entinen	johtaja	0.085106
entinen	poliisi	0.063830
entistä	enemmän	0.428571
entistä	vähemmän	0.090909
entistä	paremmin	0.090909
entistä	pidempään	0.051948
entistä	tarkemmin	0.038961
entistä	useammin	0.038961
entä	jos	0.243902
entä	mitä	0.121951
entä	miten	0.073171
erikoista	että	0.300000
erilaisia	vaihtoehtoja	0.102041
erilaisia	kuin	0.081633
erilaisia	ja	0.061224
erilaisia	tapoja	0.061224
erilaisia	tapahtumia	0.061224
erilaisia	asioita	0.061224
ero	on	0.304348
ero	kasvoi	0.130435
ero	ei	0.108696
ero	oli	0.086957
eroon	ja	0.157895
erottaa	toisistaan	0.263158
eräänä	päivänä	0.444444
eräänä	yönä	0.333333
esimerkki	siitä	0.307692
esimerkki	on	0.115385
esineitä	ovat	0.214286
esineitä	ja	0.214286
esitti	että	0.230769
esityksen	mukaan	0.260870
esityksen	ja	0.086957
esityksen	mukaisesti	0.086957
esityksen	aikana	0.065217
esitystä	vastaan	0.277778
eteenpäin	ja	0.186441
eteenpäin	kun	0.067797
eteenpäin	jos	0.050847
ettei	hän	0.074447
ettei	se	0.072435
ettei	ole	0.044266
ettei	hänen	0.024145
ettei	tämä	0.022133
ettei	hänellä	0.022133
ettei	kukaan	0.020121
ettei	mikään	0.016097
ettei	niitä	0.014085
ettei	venäjän	0.014085
ettei	sitä	0.012072
ettei	sen	0.010060
ettei	ollut	0.010060
ettei	yksikään	0.010060
ettei	tällainen	0.008048
ettei	myöskään	0.008048
ettei	niin	0.008048
ettei	asia	0.008048
ettei	yhtään	0.008048
ettei	pelkkä	0.008048
ettei	tästä	0.008048
ettei	hallitus	0.008048
ettei	asiassa	0.008048
ettei	minulla	0.006036
ettei	uusi	0.006036
ettei	yhdysvaltojen	0.006036
ettei	halua	0.006036
ettei	siitä	0.006036
ettei	tiedä	0.006036
ettei	kaikkia	0.006036
ettei	tilanne	0.006036
ettei	lasten	0.006036
ettei	saa	0.006036
ettei	enää	0.006036
ettei	maa	0.006036
ettei	kaikki	0.006036
ettei	ketään	0.006036
ettei	tilanteessa	0.006036
ettei	sota	0.006036
ettei	edes	0.006036
että	se	0.045540
että	hän	0.030486
että	venäjän	0.019571
että	jos	0.017313
että	hänen	0.015431
että	on	0.014302
että	sen	0.014114
että	he	0.012985
että	ne	0.012985
että	myös	0.012232
että	kaikki	0.010915
että	nyt	0.010538
että	tämä	0.010162
että	ei	0.010162
että	kun	0.009409
että	esimerkiksi	0.009033
että	kyseessä	0.007527
että	olen	0.007339
että	vaikka	0.007151
että	ihmiset	0.006775
että	heidän	0.006586
että	meillä	0.005834
että	olisi	0.005645
että	osa	0.005269
että	jokainen	0.005269
että	tämän	0.004893
että	sitä	0.004893
että	kyse	0.004893
että	olemme	0.004516
että	hänellä	0.004328
että	koko	0.004328
että	joku	0.004328
että	mitä	0.004140
että	meidän	0.004140
että	nämä	0.003952
että	niitä	0.003764
että	tilanne	0.003764
että	hallitus	0.003764
että	moni	0.003575
että	kaupunki	0.003575
etukäteen	mutta	0.177778
etukäteen	että	0.111111
etukäteen	ja	0.066667
euroopassa	ja	0.255556
euroopassa	on	0.211111
euroopassa	ei	0.055556
g	n	0.115385
g	ryhmä	0.115385
g	ja	0.115385
haaste	on	0.400000
haittaa	myös	0.100000
hallituksen	puheenjohtaja	0.190476
hallituksen	jäsen	0.059524
hallituksen	on	0.053571
hallituksen	esitys	0.053571
hallituksen	sisällä	0.047619
hallituksen	mukaan	0.041667
hallituksen	esityksen	0.029762
hallituksen	esitystä	0.029762
hallituksen	kanssa	0.023810
hallituksen	ja	0.023810
hallituksen	pitää	0.017857
hallituksen	mielestä	0.017857
hallituksen	toimintaa	0.017857
haluaa	olla	0.047414
haluaa	että	0.034483
haluaa	muistuttaa	0.025862
haluaa	varmistaa	0.025862
haluaa	myös	0.025862
haluaa	pitää	0.025862
haluaa	tehdä	0.025862
haluaa	lisätä	0.021552
haluaa	ostaa	0.021552
haluaa	kuitenkin	0.021552
haluaa	näyttää	0.017241
haluaa	auttaa	0.017241
haluaa	tuoda	0.017241
haluaa	eroon	0.012931
haluaa	osoittaa	0.012931
haluaa	kertoa	0.012931
haluaa	kehittää	0.012931
haluaa	tarjota	0.012931
haluaa	lähteä	0.012931
haluaa	päästä	0.012931
haluaa	tietää	0.012931
haluaa	tulla	0.012931
haluaa	ja	0.012931
haluaa	suojella	0.012931
haluaa	antaa	0.012931
haluaa	hän	0.012931
haluaa	jatkaa	0.012931
haluaa	nostaa	0.012931
haluaa	palata	0.012931
harvinaista	että	0.375000
heidän	mukaansa	0.128000
heidän	mielestään	0.120000
heidän	kanssaan	0.112000
heidän	on	0.056000
heidän	olevan	0.024000
heidän	elämänsä	0.024000
heidän	piti	0.024000
heidän	työnsä	0.024000
heidän	tulisi	0.024000
heille	on	0.090909
heille	että	0.077922
heille	jotka	0.051948
heillä	on	0.588235
heillä	ei	0.147059
heillä	oli	0.068627
helpompi	saada	0.125000
helppoa	ja	0.260000
helppoa	sillä	0.080000
henkilö	on	0.134831
henkilö	joka	0.089888
henkilö	ei	0.078652
henkilö	oli	0.067416
henkilö	jonka	0.056180
henkilö	tai	0.044944
henkilö	halusi	0.033708
henkilö	voi	0.033708
henkilö	olisi	0.033708
henkilö	ja	0.033708
herättää	kysymyksen	0.120000
heti	kun	0.089474
heti	perään	0.063158
heti	että	0.036842
heti	seuraavana	0.026316
heti	aamulla	0.026316
heti	sen	0.026316
heti	alkuun	0.021053
heti	ensi	0.021053
heti	ja	0.015789
heti	ensimmäisellä	0.015789
heti	ottelun	0.015789
heti	sodan	0.015789
heti	käyttöön	0.015789
hetki	on	0.153846
hetki	sitten	0.057692
hetki	lyö	0.057692
hieman	yli	0.150259
hieman	ennen	0.150259
hieman	alle	0.124352
hieman	enemmän	0.025907
hieman	kello	0.025907
hieman	huolissaan	0.020725
hieman	mutta	0.020725
hieman	vähemmän	0.020725
hieman	viime	0.020725
hieman	myöhemmin	0.015544
hiljaista	ja	0.444444
hinnalla	millä	0.272727
hintaan	ja	0.200000
hintaan	vaikuttavat	0.120000
hitaasti	ja	0.363636
hiukan	liian	0.136364
hoidetaan	myös	0.200000
huoleen	ei	0.750000
huolehtia	siitä	0.260870
huoli	on	0.181818
huoli	siitä	0.136364
huoli	ja	0.090909
huoli	että	0.068182
huolimatta	että	0.131944
huolimatta	se	0.041667
huolimatta	siitä	0.027778
huomasin	että	0.400000
huomio	on	0.500000
huumeiden	käyttöön	0.272727
hylkäsi	kaikki	0.272727
hyvissä	ajoin	0.821429
hyväksi	mutta	0.093023
hyvällä	tasolla	0.428571
hyvällä	tuulella	0.142857
hyvässä	kunnossa	0.708333
hyvässä	kuin	0.125000
hyvään	suuntaan	0.210526
hyvään	elämään	0.210526
hyökkäyksen	jälkeen	0.254237
hyökkäyksen	ja	0.101695
hyökkäyksen	takia	0.084746
hyökkäyksen	vuoksi	0.067797
hyökkäyksen	uhka	0.050847
hyökkäyksen	aikana	0.050847
hyötyä	kun	0.130435
ihan	hyvä	0.031496
ihan	heti	0.027559
ihan	eri	0.023622
ihan	kuin	0.023622
ihan	muuta	0.019685
ihan	hyvin	0.019685
ihan	mitä	0.019685
ihan	niin	0.019685
ihan	oikeasti	0.019685
ihan	ok	0.019685
ihan	kaikkea	0.015748
ihan	kaikki	0.015748
ihan	sama	0.015748
ihan	mukavasti	0.015748
ihan	yhtä	0.015748
ihan	tavallisia	0.011811
ihan	vain	0.011811
ihan	viime	0.011811
ihan	normaalisti	0.011811
ihan	tarkkaan	0.011811
ihan	kiva	0.011811
ihan	hyvältä	0.011811
ihan	tavallinen	0.011811
ihan	varmasti	0.011811
ihan	omaa	0.011811
ihmisille	jotka	0.171429
ihmisten	kanssa	0.152000
ihmisten	ja	0.096000
ihmisten	elämää	0.040000
ihmisten	on	0.032000
ihmisten	elämän	0.024000
ihmisten	ei	0.024000
ihmisten	hyväksi	0.024000
ihmisten	määrä	0.024000
ihmistä	on	0.231250
ihmistä	ja	0.131250
ihmistä	joista	0.093750
ihmistä	kuoli	0.043750
ihmistä	jotka	0.025000
ihmistä	sai	0.025000
ihmistä	eli	0.025000
ihmistä	kertoo	0.025000
ihmistä	mikä	0.018750
ihmistä	oli	0.018750
ikä	on	0.310345
ikä	oli	0.137931
ikä	vuotta	0.103448
ikään	kuin	0.606557
ilmaiseksi	ja	0.214286
ilme	on	0.750000
ilmi	että	0.700000
ilmi	myös	0.050000
ilmoituksen	jälkeen	0.241379
ilmoituksen	mukaan	0.241379
ilmoituksen	siitä	0.103448
iloinen	että	0.250000
iloinen	yllätys	0.166667
iloinen	siitä	0.125000
ilta	on	0.348837
ilta	oli	0.162791
ilta	aikaan	0.069767
itselleen	ja	0.109375
itselleen	uuden	0.046875
itselleen	tai	0.046875
itselleen	kun	0.046875
ja	sen	0.034156
ja	se	0.023737
ja	on	0.013004
ja	myös	0.011751
ja	hänen	0.010811
ja	sitä	0.009322
ja	venäjän	0.008852
ja	niiden	0.008774
ja	hän	0.007991
ja	nyt	0.007991
ja	nuorten	0.007051
ja	muut	0.006894
ja	että	0.006502
ja	muiden	0.006502
ja	siitä	0.006424
ja	ne	0.005719
ja	koko	0.005562
ja	sitten	0.005327
ja	siihen	0.005249
ja	miten	0.004857
ja	muita	0.004857
ja	heidän	0.004779
ja	samalla	0.004622
ja	toinen	0.004465
ja	esimerkiksi	0.004230
ja	oli	0.004152
ja	kun	0.003995
ja	kaksi	0.003839
ja	jopa	0.003839
ja	mitä	0.003682
ja	niin	0.003604
ja	erityisesti	0.003604
ja	yksi	0.003604
ja	jos	0.003525
ja	niitä	0.003525
ja	vielä	0.003525
ja	he	0.003447
ja	osa	0.003447
ja	siinä	0.003212
ja	siksi	0.002977
jalat	maassa	0.230769
jatkoi	matkaa	0.100000
jatkuu	ja	0.108527
jatkuu	edelleen	0.077519
jatkuu	ensi	0.054264
jatkuu	vielä	0.054264
jatkuu	myös	0.038760
jatkuu	yhä	0.038760
jatkuu	normaalisti	0.031008
jatkuu	tiistaina	0.023256
jatkuu	maanantaina	0.023256
jatkuvasti	uutta	0.073171
jeesuksen	kristuksen	0.103448
jeesus	on	0.176471
jeesus	kristus	0.102941
jeesus	sanoi	0.073529
jeesus	oli	0.044118
jeesus	tulee	0.044118
johnson	sanoi	0.151515
johnson	on	0.121212
johnson	ja	0.090909
johnson	oli	0.090909
joiden	mukaan	0.172840
joiden	kanssa	0.074074
joiden	avulla	0.055556
joiden	on	0.055556
joiden	joukossa	0.043210
joiden	tarkoitus	0.030864
joiden	perusteella	0.024691
joiden	jälkeen	0.024691
joiden	mielestä	0.024691
joiden	kautta	0.024691
joiden	vuoksi	0.024691
joiden	myötä	0.018519
joiden	aikana	0.018519
joiden	pitäisi	0.018519
joiden	toiminta	0.018519
joidenkin	mielestä	0.266667
joihin	on	0.103896
joihin	ei	0.077922
joihin	voi	0.064935
joihin	oli	0.051948
joihin	liittyy	0.038961
joihin	kuuluu	0.038961
joille	ei	0.153846
joille	on	0.153846
joita	ei	0.161017
joita	on	0.110169
joita	hän	0.046610
joita	voi	0.038136
joita	oli	0.038136
joita	ovat	0.025424
joita	se	0.016949
joita	he	0.016949
joita	kukaan	0.012712
joita	voidaan	0.012712
joita	meillä	0.012712
joita	muut	0.012712
joita	nyt	0.012712
joita	pitäisi	0.012712
joita	saa	0.012712
joita	käytetään	0.012712
jokaisen	maan	0.104167
jokaisen	on	0.083333
jokaisen	tulee	0.062500
jolle	on	0.240000
jolle	se	0.120000
jonka	mukaan	0.188540
jonka	jälkeen	0.070240
jonka	hän	0.057301
jonka	kanssa	0.048059
jonka	avulla	0.036969
jonka	on	0.031423
jonka	kautta	0.025878
jonka	aikana	0.024030
jonka	vuoksi	0.018484
jonka	myötä	0.014787
jonka	se	0.014787
jonka	perusteella	0.012939
jonka	takia	0.011091
jonka	hinta	0.011091
jonka	toiminta	0.011091
jonka	lisäksi	0.011091
jonka	mukaisesti	0.007394
jonka	päälle	0.007394
jonka	tehtävänä	0.007394
jonka	arvo	0.007394
jonka	kaikki	0.007394
jonka	johdosta	0.005545
jonka	pitäisi	0.005545
jonka	ei	0.005545
jonka	saa	0.005545
jonka	voi	0.005545
jonka	kerrotaan	0.005545
jonka	lämpötila	0.005545
jonka	yhteydessä	0.005545
jonka	sai	0.005545
jos	on	0.046624
jos	ei	0.041801
jos	se	0.040193
jos	hän	0.021704
jos	joku	0.019293
jos	he	0.018489
jos	haluaa	0.017685
jos	ne	0.015273
jos	niitä	0.012862
jos	vain	0.011254
jos	kaikki	0.009646
jos	tämä	0.008842
jos	taas	0.008842
jos	et	0.008842
jos	olisi	0.008842
jos	sen	0.008039
jos	esimerkiksi	0.008039
jos	näin	0.008039
jos	sitä	0.007235
jos	tilanne	0.007235
jos	me	0.007235
jos	nyt	0.007235
jos	niin	0.006431
jos	siitä	0.005627
jos	tulee	0.005627
jos	olet	0.005627
jos	siis	0.005627
jos	emme	0.005627
jos	ja	0.005627
jos	venäjän	0.004823
jos	nämä	0.004823
jos	jokin	0.004823
jos	asiakas	0.004823
jos	olen	0.004019
jos	sieltä	0.004019
jos	toinen	0.004019
jos	maa	0.004019
jos	hänellä	0.004019
jos	jotain	0.004019
jos	kuitenkin	0.004019
jostain	syystä	0.533333
jostain	muusta	0.133333
jota	ei	0.179688
jota	on	0.125000
jota	hän	0.066406
jota	voidaan	0.031250
jota	voi	0.027344
jota	kutsutaan	0.023438
jota	varten	0.019531
jota	pidetään	0.019531
jota	myös	0.019531
jota	se	0.019531
jota	monet	0.015625
jota	en	0.015625
jota	käytetään	0.011719
jota	oli	0.011719
jota	moni	0.011719
jota	seurasi	0.011719
jota	vastaan	0.011719
jotain	muuta	0.127517
jotain	uutta	0.046980
jotain	aivan	0.046980
jotain	ihan	0.033557
jotain	ja	0.033557
jotain	mitä	0.026846
jotain	niin	0.020134
jotain	todella	0.020134
jotain	hyvää	0.020134
jotain	pientä	0.020134
jotain	on	0.020134
joukko	ihmisiä	0.125000
joukko	on	0.093750
joukkoon	on	0.071429
joukkoon	ja	0.071429
joulun	alla	0.239130
joulun	jälkeen	0.173913
joulun	aikaan	0.152174
joulun	ja	0.065217
joutuu	nyt	0.071429
joutuu	maksamaan	0.059524
joutuu	olemaan	0.035714
joutuu	odottamaan	0.035714
joutuu	aina	0.035714
joutuu	tekemään	0.035714
joutuu	muuttamaan	0.035714
juttuun	on	0.384615
jälkeen	kun	0.174431
jälkeen	hän	0.044420
jälkeen	on	0.036836
jälkeen	ja	0.034670
jälkeen	että	0.020585
jälkeen	mutta	0.018418
jälkeen	prosentin	0.013001
jälkeen	se	0.013001
jälkeen	vielä	0.009751
jälkeen	ollut	0.008667
jälkeen	taas	0.007584
jälkeen	ne	0.007584
jälkeen	myös	0.006501
jälkeen	he	0.006501
jälkeen	tilanne	0.006501
jälkeen	noin	0.006501
jälkeen	ei	0.006501
jälkeen	niin	0.006501
jälkeen	venäjän	0.005417
jälkeen	hänen	0.005417
jälkeen	toiseksi	0.004334
jälkeen	ettei	0.004334
jälkeen	enää	0.004334
jälkeen	kolmas	0.004334
jälkeen	eikä	0.004334
jälkeen	takaisin	0.004334
jälkeen	edessä	0.004334
jälkeen	vuonna	0.004334
jälkeen	mies	0.003250
jälkeen	keskiviikkona	0.003250
jälkeen	miesten	0.003250
jälkeen	uuden	0.003250
jälkeen	en	0.003250
jälkeen	mikä	0.003250
jälkeen	poliisi	0.003250
jälkeen	jos	0.003250
jälkeen	tuli	0.003250
jälkeen	alkoi	0.003250
jälkeen	lauantaina	0.003250
jälkeen	kävi	0.003250
järjestää	myös	0.057143
jätetään	myös	0.272727
jättää	tekemättä	0.078125
jää	vain	0.058480
jää	eläkkeelle	0.040936
jää	myös	0.029240
jää	käteen	0.029240
jää	voimaan	0.029240
jää	mieleen	0.017544
jää	pois	0.017544
jää	ilman	0.017544
jää	alle	0.017544
jää	yksin	0.017544
jää	aina	0.017544
jää	hyvin	0.017544
jää	kuitenkin	0.017544
jäänyt	vain	0.054795
jäänyt	tällä	0.041096
kaasu	ja	0.222222
kaasu	ovat	0.166667
kahdesta	syystä	0.222222
kahteen	ja	0.133333
kahteen	muuhun	0.100000
kahvia	ja	0.411765
kaikella	on	0.500000
kaikesta	huolimatta	0.325000
kaikesta	muusta	0.125000
kaikesta	myös	0.075000
kaikilla	on	0.470588
kaikissa	kolmessa	0.200000
kaikissa	näissä	0.200000
kaikkia	ei	0.065574
kaikkia	ihmisiä	0.065574
kaikkia	niitä	0.049180
kaikkialla	maailmassa	0.270270
kaikkialla	missä	0.081081
kaikkialla	euroopassa	0.081081
kaipaa	lisää	0.157895
kaipaa	myös	0.157895
kaksi	vuotta	0.148342
kaksi	maalia	0.062827
kaksi	viikkoa	0.057592
kaksi	kertaa	0.057592
kaksi	kuukautta	0.040140
kaksi	muuta	0.031414
kaksi	ja	0.029668
kaksi	miljoonaa	0.027923
kaksi	pistettä	0.024433
kaksi	ensimmäistä	0.024433
kaksi	tuntia	0.020942
kaksi	ihmistä	0.019197
kaksi	tai	0.019197
kaksi	päivää	0.017452
kaksi	minuuttia	0.015707
kaksi	lasta	0.013962
kaksi	prosenttia	0.013962
kaksi	voittoa	0.012216
kaksi	parasta	0.012216
kaksi	viimeistä	0.012216
kaksi	peliä	0.010471
kaksi	uutta	0.010471
kaksi	oli	0.010471
kaksi	seuraavaa	0.010471
kaksi	henkilöä	0.010471
kaksi	kolmesta	0.010471
kaksi	koiraa	0.008726
kaksi	vaihtoehtoa	0.008726
kaksi	miestä	0.008726
kaksi	asiaa	0.006981
kaksi	tärkeää	0.006981
kaksi	euroa	0.006981
kaksi	naista	0.006981
kaksi	isoa	0.006981
kaksi	tuhatta	0.006981
kaksi	kappaletta	0.005236
kaksi	hyvää	0.005236
kaksi	astetta	0.005236
kaksi	on	0.005236
kansa	on	0.137931
kansa	ja	0.103448
kasvavat	ja	0.200000
katon	alla	0.428571
katsomaan	myös	0.100000
katsomaan	mitä	0.100000
katsovat	että	0.437500
kaunotar	on	0.416667
kaupungista	on	0.222222
kaupungista	ja	0.111111
kaupunki	on	0.293515
kaupunki	ei	0.047782
kaupunki	ja	0.037543
kaupunki	sai	0.023891
kaupunki	saa	0.020478
kaupunki	aikoo	0.020478
kaupunki	haluaa	0.017065
kaupunki	tarjoaa	0.017065
kaupunki	kertoo	0.017065
kaupunki	järjestää	0.017065
kaupunki	järjesti	0.013652
kaupunki	vastaa	0.013652
kaupunki	tarvitsee	0.013652
kaupunki	voi	0.013652
kaupunki	päätti	0.010239
kaupunki	ottaa	0.010239
kaupunki	olisi	0.010239
kaupunki	selvittää	0.010239
kaupunki	jonka	0.010239
kaupunki	etsii	0.010239
kaupunki	osti	0.010239
kaupunki	sijaitsee	0.010239
kaupunki	toivoo	0.010239
kaupunki	voisi	0.010239
kaupunki	tukee	0.010239
kautta	ja	0.074890
kautta	on	0.070485
kautta	myös	0.035242
kautta	aikojen	0.030837
kautta	mutta	0.022026
kautta	maailman	0.017621
kautta	hän	0.017621
kautta	niin	0.017621
kautta	että	0.013216
kautta	maan	0.013216
kautta	ei	0.013216
kautta	voi	0.013216
kautta	tai	0.013216
kautta	koko	0.013216
kenelläkään	ole	0.333333
kenen	tahansa	0.318182
kenen	kanssa	0.227273
kenet	tahansa	0.600000
kerran	viikossa	0.070423
kerran	vuonna	0.056338
kerran	ja	0.037559
kerran	päivässä	0.028169
kerran	aikaisemmin	0.028169
kerran	vuodessa	0.028169
kerran	jo	0.023474
kerran	kuukaudessa	0.023474
kerran	aiemmin	0.023474
kerran	kuussa	0.023474
kerran	hän	0.023474
kerran	viime	0.018779
kerran	kun	0.014085
kerran	mutta	0.014085
kerran	on	0.014085
kerran	perjantaina	0.014085
kerran	olen	0.014085
kerran	tai	0.014085
kerrotaan	että	0.500000
kerrotaan	olevan	0.057377
kerrotaan	myös	0.024590
kerrotaan	olleen	0.024590
kerrotaan	mitä	0.024590
kerrottiin	että	0.393939
kerrottiin	olevan	0.090909
kerta	kun	0.425926
kerta	toisensa	0.185185
kerta	ei	0.055556
kertaa	ja	0.072243
kertaa	enemmän	0.057034
kertaa	viikossa	0.049430
kertaa	sitten	0.045627
kertaa	vuodessa	0.026616
kertaa	vuoteen	0.022814
kertaa	kun	0.019011
kertaa	noin	0.015209
kertaa	vuonna	0.015209
kertaa	se	0.015209
kertaa	päivässä	0.015209
kertaa	tällä	0.015209
kertaa	ilman	0.011407
kertaa	putkeen	0.011407
kertaa	nopeammin	0.011407
kertaa	myös	0.011407
kertaa	mukana	0.011407
kertaa	niin	0.011407
kertoi	että	0.189498
kertoi	asiasta	0.050228
kertoi	aiemmin	0.050228
kertoi	myös	0.041096
kertoi	ettei	0.041096
kertoi	tiistaina	0.036530
kertoi	torstaina	0.034247
kertoi	olevansa	0.029680
kertoi	perjantaina	0.029680
kertoi	keskiviikkona	0.027397
kertoi	maanantaina	0.022831
kertoi	tänään	0.020548
kertoi	venäjän	0.018265
kertoi	viime	0.015982
kertoi	myöhemmin	0.015982
kertoi	jo	0.015982
kertoi	lauantaina	0.015982
kertoi	maan	0.013699
kertoi	ensimmäisenä	0.011416
kertoi	sunnuntaina	0.009132
kertoi	poliisille	0.009132
kertoi	oikeudessa	0.009132
kertoi	juuri	0.006849
kertoi	muun	0.006849
kertoi	siitä	0.006849
kertoi	poliisi	0.006849
kertoi	eilen	0.006849
kertoi	yk	0.006849
kertoi	aikaisemmin	0.006849
kertoi	puoli	0.006849
kertomaan	kuinka	0.111111
kertoo	että	0.493280
kertoo	myös	0.038978
kertoo	olevansa	0.024194
kertoo	ettei	0.024194
kertoo	asiasta	0.018817
kertoo	kuinka	0.018817
kertoo	ja	0.012097
kertoo	miten	0.012097
kertoo	poliisi	0.012097
kertoo	muun	0.009409
kertoo	siitä	0.009409
kertoo	sen	0.008065
kertoo	se	0.008065
kertoo	maan	0.008065
kertoo	esimerkiksi	0.008065
kertoo	venäjän	0.006720
kertoo	mitä	0.006720
kertoo	yk	0.006720
kertoo	kaupungin	0.005376
kertoo	hänen	0.005376
kertoo	euroopan	0.005376
kertoo	kuitenkin	0.005376
kertoo	yhtiö	0.005376
kertoo	heidän	0.005376
kertoo	uuden	0.005376
kertoo	the	0.004032
kertoo	yhtiön	0.004032
kertoo	itse	0.004032
kertoo	ylikomisario	0.004032
kertoo	nyt	0.004032
kertovat	että	0.298851
kertovat	myös	0.068966
kertovat	muun	0.034483
kertovat	siitä	0.034483
kesken	mutta	0.129870
kesken	ja	0.064935
kesken	kauden	0.064935
kesken	pelin	0.038961
kesken	on	0.038961
keskiviikkona	iltapäivällä	0.104895
keskiviikkona	että	0.083916
keskiviikkona	kello	0.069930
keskiviikkona	kun	0.062937
keskiviikkona	ja	0.055944
keskiviikkona	myös	0.027972
keskiviikkona	jolloin	0.020979
keskiviikkona	klo	0.020979
keskiviikkona	noin	0.020979
keskiviikkona	on	0.020979
keskustelu	on	0.492754
keskustelu	ja	0.043478
keskustelu	voi	0.043478
kestää	noin	0.080000
kestää	vuoden	0.053333
kestää	kauemmin	0.040000
kestää	muutaman	0.040000
kestää	vielä	0.040000
kestää	pitkään	0.040000
kesä	on	0.294118
kesä	oli	0.088235
kesänä	hän	0.087500
kesänä	ja	0.037500
kesänä	mutta	0.037500
kesänä	vain	0.037500
ketään	ei	0.258065
ketään	vastaan	0.161290
kieltää	myös	0.333333
kiinan	ja	0.134328
kiinan	kanssa	0.089552
kiinan	presidentti	0.074627
kirja	on	0.266667
kirja	kertoo	0.111111
kirja	ei	0.088889
kirje	ja	0.300000
kirjoittaa	että	0.133333
kirjoittaa	ja	0.088889
kirkko	on	0.333333
kirkko	ei	0.166667
kirkko	ja	0.136364
kirkko	oli	0.075758
kirkon	ja	0.138462
kirkon	jäsen	0.046154
kirkossa	ja	0.129032
kirkossa	on	0.096774
kohta	on	0.131579
kohta	enää	0.078947
kohtaus	jossa	0.600000
kokenut	että	0.250000
kokenut	ja	0.093750
kokenut	joukkue	0.093750
kolmannen	kerran	0.321429
kone	ja	0.363636
kone	oli	0.136364
koneen	tulos	0.214286
korkea	hinta	0.200000
korkea	aika	0.171429
korkea	mutta	0.085714
korkea	asteen	0.085714
korkealla	tasolla	0.388889
korkealla	ja	0.166667
koska	se	0.127971
koska	hän	0.053016
koska	ne	0.034735
koska	he	0.034735
koska	ei	0.023766
koska	tämä	0.020110
koska	kaikki	0.020110
koska	sen	0.020110
koska	siinä	0.016453
koska	sitä	0.012797
koska	oli	0.012797
koska	hänen	0.010969
koska	esimerkiksi	0.010969
koska	on	0.010969
koska	hänellä	0.009141
koska	niiden	0.009141
koska	en	0.009141
koska	myös	0.009141
koska	nämä	0.009141
koska	olemme	0.009141
koska	eivät	0.007313
koska	niitä	0.007313
koska	heidän	0.007313
koska	meillä	0.007313
koska	hallitus	0.007313
koska	emme	0.007313
koska	niistä	0.005484
koska	vain	0.005484
koska	osa	0.005484
koska	yhtiö	0.005484
koska	sillä	0.005484
koska	viime	0.005484
koska	haluaa	0.005484
koska	heillä	0.005484
koska	niissä	0.005484
koska	kyseessä	0.005484
koska	mitään	0.005484
koska	siellä	0.005484
kotiinsa	ja	0.428571
koulussa	on	0.304348
koulussa	ja	0.130435
kovaa	vauhtia	0.190476
kovaa	ja	0.119048
kovaa	että	0.071429
ku	n	0.611111
kuitenkin	että	0.028336
kuitenkin	olla	0.025594
kuitenkin	myös	0.023766
kuitenkin	jo	0.021024
kuitenkin	on	0.020110
kuitenkin	ollut	0.019196
kuitenkin	vielä	0.018282
kuitenkin	edelleen	0.017367
kuitenkin	vain	0.017367
kuitenkin	se	0.016453
kuitenkin	hyvin	0.010969
kuitenkin	paljon	0.009141
kuitenkin	vasta	0.008227
kuitenkin	muistuttaa	0.007313
kuitenkin	selvästi	0.006399
kuitenkin	nyt	0.006399
kuitenkin	liian	0.005484
kuitenkin	saanut	0.005484
kuitenkin	aina	0.005484
kuitenkin	pitää	0.005484
kuitenkin	niin	0.005484
kuitenkin	tärkeää	0.005484
kuitenkin	sanoo	0.004570
kuitenkin	sen	0.004570
kuitenkin	tehdä	0.004570
kuitenkin	kerrotaan	0.004570
kuitenkin	kertoo	0.004570
kuitenkin	pitänyt	0.004570
kuitenkin	vaikuttaa	0.004570
kuitenkin	esimerkiksi	0.004570
kuitenkin	jatkuu	0.004570
kuitenkin	hyvä	0.004570
kuitenkin	vaikea	0.004570
kuitenkin	jatkaa	0.003656
kuitenkin	omat	0.003656
kuitenkin	löytyy	0.003656
kuitenkin	myöntää	0.003656
kuitenkin	muistaa	0.003656
kuitenkin	syytä	0.003656
kuitenkin	joka	0.003656
kuljettaja	ei	0.170213
kuljettaja	oli	0.085106
kuljettaja	ja	0.063830
kuljettaja	törmäsi	0.063830
kulta	ja	0.235294
kumpi	on	0.200000
kunhan	ei	0.236842
kunhan	vain	0.078947
kunhan	se	0.078947
kuningatar	on	0.272727
kuoleman	ja	0.323529
kuoleman	jälkeen	0.205882
kuoleman	johdosta	0.088235
kuoli	ihmistä	0.106667
kuoli	perjantaina	0.053333
kuoli	ainakin	0.053333
kuoli	yli	0.053333
kuoli	ja	0.053333
kuoli	kaksi	0.040000
kuoli	vuonna	0.040000
kuoli	maan	0.040000
kuoli	viime	0.040000
kuolleista	ja	0.363636
kuolleista	on	0.272727
kuuden	kuukauden	0.159420
kuuden	vuoden	0.159420
kuuden	prosentin	0.144928
kuuden	viikon	0.101449
kuuden	aikaan	0.086957
kuuden	jälkeen	0.043478
kuukausi	sitten	0.574074
kuukausi	ennen	0.074074
kuukausi	on	0.055556
kuulla	että	0.258065
kuun	lopussa	0.235294
kuun	aikana	0.176471
kuun	loppuun	0.176471
kuvia	ja	0.250000
kuvia	joissa	0.107143
kuvia	tai	0.053571
kylässä	ja	0.294118
kyse	on	0.561837
kyse	ei	0.095406
kyse	oli	0.070671
kyse	siitä	0.045936
kyse	voi	0.031802
kyse	olisi	0.021201
kyse	vain	0.017668
kyse	sitten	0.017668
kyse	ole	0.010601
kyse	ja	0.010601
kyseessä	on	0.545788
kyseessä	oli	0.172161
kyseessä	ei	0.073260
kyseessä	olisi	0.043956
kyseessä	ovat	0.025641
kyseessä	olevan	0.014652
kyseessä	saattaa	0.014652
kyseessä	ole	0.014652
kyseessä	olleen	0.010989
kysymys	on	0.344262
kysymys	siitä	0.065574
kysymys	kuuluu	0.049180
kysymys	miten	0.040984
kysymys	mitä	0.032787
kysymys	onko	0.024590
kysymys	milloin	0.024590
kädestä	suuhun	0.428571
kärsivät	eniten	0.227273
käsin	ja	0.266667
käteistä	rahaa	0.600000
käynyt	ilmi	0.076923
käynyt	läpi	0.064103
käynyt	niin	0.038462
käynyt	jo	0.038462
käytössä	on	0.127273
käytössä	ja	0.081818
käytössä	vain	0.054545
käytössä	myös	0.045455
käytössä	ollut	0.036364
käytössä	olevia	0.036364
käytössä	oleva	0.036364
käytössä	muun	0.027273
käytössä	olevan	0.027273
lailla	on	0.111111
laivalla	on	1.000000
laskenut	prosenttia	0.145833
laskenut	että	0.145833
laskenut	niin	0.062500
laskenut	ja	0.062500
lasten	ja	0.508108
lasten	kanssa	0.081081
lasten	nuorten	0.027027
lasten	vanhemmat	0.021622
lasten	äiti	0.016216
lasten	lisäksi	0.016216
lehdessä	oli	0.136364
lehti	on	0.228571
lehti	kertoo	0.142857
lehti	ja	0.085714
lento	on	0.300000
liian	vähän	0.143617
liian	myöhään	0.047872
liian	aikaisin	0.042553
liian	suuri	0.037234
liian	aikaista	0.037234
liian	paljon	0.031915
liian	nopeasti	0.031915
liian	kauan	0.026596
liian	pieni	0.021277
liian	pitkälle	0.021277
liian	lähellä	0.021277
liian	myöhäistä	0.021277
liian	helposti	0.021277
liian	suuret	0.021277
liian	usein	0.015957
liian	vanha	0.015957
liian	lyhyt	0.015957
liian	kaukana	0.015957
liian	kovaa	0.015957
liian	kova	0.015957
liian	lähelle	0.015957
liian	kuuma	0.015957
liikkumaan	ja	0.500000
liiton	mukaan	0.250000
liiton	puheenjohtaja	0.156250
lintu	on	0.200000
lintu	ja	0.200000
lisäksi	myös	0.118741
lisäksi	hän	0.065808
lisäksi	että	0.027182
lisäksi	se	0.024320
lisäksi	muun	0.021459
lisäksi	on	0.020029
lisäksi	mukana	0.011445
lisäksi	tarvitaan	0.011445
lisäksi	oli	0.011445
lisäksi	muita	0.010014
lisäksi	monet	0.010014
lisäksi	esimerkiksi	0.010014
lisäksi	hallitus	0.010014
lisäksi	poliisi	0.008584
lisäksi	hänen	0.008584
lisäksi	venäjän	0.008584
lisäksi	kaksi	0.007153
lisäksi	yksi	0.007153
lisäksi	tarjolla	0.007153
lisäksi	kaupungin	0.007153
lisäksi	lähes	0.005722
lisäksi	vain	0.005722
lisäksi	ainakin	0.005722
lisäksi	heidän	0.005722
lisäksi	olen	0.005722
lisäksi	voi	0.005722
lisäksi	kaupungissa	0.004292
lisäksi	kaikki	0.004292
lisäksi	auttaa	0.004292
lisäksi	oman	0.004292
lisäksi	noin	0.004292
lisäksi	paljon	0.004292
lisäksi	yhdeksän	0.004292
lisäksi	osa	0.004292
lisäksi	häneltä	0.004292
lisäksi	hänet	0.004292
lisäksi	he	0.004292
lisäksi	jo	0.004292
lisäksi	ne	0.004292
lisäksi	pitää	0.004292
lisätä	myös	0.073171
lisätä	ja	0.073171
llä	on	0.233333
llä	oli	0.100000
loppua	kohti	0.181818
loppujen	lopuksi	0.904762
loput	prosenttia	0.357143
los	angelesissa	0.576923
los	angelesin	0.423077
lukea	ja	0.103448
lukion	jälkeen	0.214286
lukiossa	on	0.187500
lukuun	ottamatta	0.950820
luonnon	ja	0.206897
luottaa	että	0.227273
luottaa	siihen	0.136364
lyhyt	matka	0.250000
läheltä	piti	0.222222
läheltä	ja	0.222222
lähteä	mihinkään	0.060606
lähteä	liikkeelle	0.060606
lähteä	jopa	0.045455
lähteä	mukaan	0.045455
lämmin	ja	0.250000
läpi	ja	0.145695
läpi	myös	0.052980
läpi	kesän	0.033113
läpi	koko	0.026490
läpi	elämän	0.019868
läpi	sitä	0.019868
läpi	vuoden	0.019868
läpi	kaikki	0.019868
lääkkeitä	ja	0.277778
lääkkeitä	on	0.166667
löytynyt	ja	0.133333
maa	ja	0.317708
maa	on	0.192708
maa	ei	0.041667
maa	jossa	0.036458
maa	joka	0.020833
maa	oli	0.020833
maa	voi	0.015625
maa	tukee	0.015625
maa	saa	0.015625
maa	alueen	0.015625
maahan	ja	0.132075
maahan	on	0.075472
maahan	asti	0.056604
maalla	on	0.400000
maalla	ei	0.150000
maassa	on	0.214286
maassa	ja	0.071429
maassa	oli	0.035714
maassa	jossa	0.035714
maassa	olevat	0.026786
mahdollisuus	on	0.093168
mahdollisuus	käyttää	0.055901
mahdollisuus	saada	0.049689
mahdollisuus	vaikuttaa	0.037267
mahdollisuus	päästä	0.037267
mahdollisuus	tehdä	0.031056
mahdollisuus	nousta	0.024845
mahdollisuus	pelata	0.024845
mahdollisuus	kertoa	0.018634
mahdollisuus	hakea	0.018634
mahdollisuus	keskustella	0.018634
mahdollisuus	lähteä	0.018634
mahdollisuus	mennä	0.018634
mahdollisuutta	että	0.166667
mahdollisuutta	saada	0.074074
mahdollisuutta	ei	0.055556
mainitsi	myös	0.300000
maista	on	0.212121
maista	ja	0.090909
malli	on	0.379310
malli	ja	0.103448
meidän	on	0.235955
meidän	pitää	0.117978
meidän	täytyy	0.061798
meidän	tulee	0.061798
meidän	kaikkien	0.050562
meidän	pitäisi	0.050562
meidän	olisi	0.044944
meidän	ei	0.033708
meidän	piti	0.022472
meidän	tehtävämme	0.022472
meidän	tulisi	0.016854
meidän	omat	0.016854
melkein	kuin	0.071429
melkein	joka	0.053571
meneillään	oleva	0.222222
meneillään	olevan	0.185185
meneillään	on	0.111111
menevän	läpi	0.428571
merkkejä	siitä	0.361111
merkkejä	että	0.111111
merkkejä	ja	0.083333
miehelle	joka	0.176471
mielellään	myös	0.166667
mielenkiintoinen	ja	0.214286
miettimään	miten	0.166667
miettiä	mitä	0.111111
miettiä	miten	0.088889
miettiä	voisiko	0.066667
mihinkään	muualle	0.150000
mikään	ei	0.313433
mikään	muu	0.104478
mikään	yllätys	0.059701
miljoona	euroa	0.473684
miljoonan	dollarin	0.633333
miljoonan	tonnin	0.133333
millainen	on	0.214286
millaisia	ajatuksia	0.222222
mille	tahansa	0.428571
minun	on	0.142857
minun	ei	0.079365
minun	mielestäni	0.079365
minun	pitäisi	0.063492
minun	oli	0.063492
minun	pitää	0.047619
minuutin	pelin	0.120000
minuutin	jälkeen	0.100000
minuutin	ajan	0.100000
minuutin	kohdalla	0.080000
minuutin	välein	0.060000
minuutin	aikana	0.060000
minuutin	ja	0.060000
minuutin	päästä	0.060000
missään	vaiheessa	0.333333
missään	nimessä	0.269841
missään	tapauksessa	0.079365
missään	muualla	0.079365
missään	päin	0.047619
mitkä	ovat	0.432432
mitkä	asiat	0.162162
molemmilla	oli	0.400000
molemmilla	on	0.300000
monet	ovat	0.131579
monet	muut	0.131579
monet	hänen	0.043860
monet	eivät	0.035088
monet	asiat	0.035088
monet	pitävät	0.026316
monet	muutkin	0.026316
monta	kertaa	0.306667
monta	vuotta	0.066667
monta	lasta	0.066667
monta	asiaa	0.040000
muiden	ihmisten	0.176471
muiden	kanssa	0.161765
muiden	tavoin	0.058824
muiden	joukossa	0.044118
muihin	maihin	0.187500
muihin	töihin	0.187500
muille	kuin	0.136364
muistaa	että	0.404762
muistaa	ettei	0.035714
muistaa	kuinka	0.035714
muistaa	myös	0.035714
muistoja	ja	0.187500
muita	kuin	0.082569
muita	ihmisiä	0.064220
muita	vaihtoehtoja	0.055046
muita	keinoja	0.055046
muita	syitä	0.027523
muita	jotka	0.027523
muita	tietoja	0.027523
muita	useammin	0.027523
muitakin	syitä	0.142857
mukaansa	on	0.057018
mukaansa	se	0.035088
mukaansa	venäjän	0.030702
mukaansa	ole	0.030702
mukaansa	myös	0.026316
mukaansa	ei	0.017544
mukaansa	olisi	0.017544
mukaansa	tämän	0.017544
mukaansa	hyvin	0.013158
mukaansa	kyse	0.013158
mukaansa	viime	0.013158
mukaansa	noin	0.013158
mukana	on	0.178808
mukana	myös	0.089404
mukana	oli	0.069536
mukana	ovat	0.052980
mukana	oleva	0.026490
mukana	ja	0.026490
mukana	jo	0.019868
mukana	ollut	0.019868
mukana	noin	0.019868
mukana	muun	0.016556
mukana	mutta	0.013245
mukana	esimerkiksi	0.013245
mukana	olleet	0.013245
mukana	olleen	0.009934
mukana	eri	0.009934
mukana	siinä	0.009934
mukana	olevat	0.009934
mukana	olivat	0.009934
mukava	nähdä	0.129032
mukava	tulla	0.096774
mukava	olla	0.096774
mun	juttu	0.200000
mutta	ei	0.054473
mutta	se	0.051832
mutta	nyt	0.038296
mutta	myös	0.031033
mutta	hän	0.023110
mutta	sen	0.022780
mutta	jos	0.017498
mutta	on	0.016837
mutta	kun	0.016507
mutta	ne	0.010895
mutta	samalla	0.010895
mutta	sitten	0.008584
mutta	en	0.008254
mutta	hänen	0.008254
mutta	toisaalta	0.007923
mutta	eivät	0.007923
mutta	tämä	0.007923
mutta	niiden	0.007593
mutta	sitä	0.007593
mutta	kyllä	0.007263
mutta	esimerkiksi	0.006273
mutta	vielä	0.005943
mutta	tällä	0.005612
mutta	viime	0.005612
mutta	lopulta	0.005282
mutta	onko	0.005282
mutta	niin	0.004952
mutta	mitä	0.004952
mutta	vain	0.004622
mutta	siitä	0.004292
mutta	niitä	0.004292
mutta	kuitenkin	0.004292
mutta	kaikki	0.004292
mutta	oli	0.004292
mutta	he	0.003962
mutta	onneksi	0.003632
mutta	silti	0.003632
mutta	olen	0.003632
mutta	mitään	0.003632
mutta	emme	0.003301
muu	kuin	0.148936
muu	ei	0.127660
muualla	kuin	0.254545
muualla	maassa	0.163636
muualla	maailmassa	0.127273
muualla	euroopassa	0.090909
muutaman	vuoden	0.211679
muutaman	päivän	0.124088
muutaman	viikon	0.109489
muutaman	kerran	0.109489
muutaman	kuukauden	0.065693
muutaman	tunnin	0.058394
muutaman	minuutin	0.036496
muutaman	sadan	0.036496
muutaman	kilometrin	0.036496
muutaman	viime	0.036496
muutaman	metrin	0.029197
muutaman	kymmenen	0.021898
muuten	kuin	0.064220
muuten	on	0.036697
muuten	vain	0.036697
muuten	olisin	0.027523
muuten	ei	0.027523
muuten	oli	0.027523
muutoksia	ei	0.089286
muutoksia	on	0.071429
muutoksia	joista	0.071429
muutoksia	viime	0.053571
muutoksia	mutta	0.053571
muutos	on	0.163043
muutos	ei	0.108696
muutos	ja	0.054348
muutos	joka	0.043478
muutos	näkyy	0.032609
muuttua	nopeasti	0.120000
muuttuu	ja	0.090909
myyty	mutta	0.136364
myyty	ja	0.136364
myyty	jo	0.136364
myöhemmin	hän	0.070270
myöhemmin	myös	0.037838
myöhemmin	kun	0.032432
myöhemmin	ja	0.032432
myöhemmin	tänä	0.032432
myöhemmin	että	0.021622
myöhemmin	vielä	0.021622
myöhemmin	illalla	0.021622
myöhemmin	tässä	0.016216
myöhemmin	samana	0.016216
myöhemmin	keskiviikkona	0.016216
myöhemmin	vuonna	0.016216
myöhemmin	lauantaina	0.016216
myöhemmin	takaisin	0.016216
myöhemmin	hänen	0.016216
myötä	myös	0.076271
myötä	ja	0.025424
naapurin	kanssa	0.666667
naimisiin	ja	0.230769
nainen	on	0.150000
nainen	ei	0.042857
nainen	oli	0.042857
nainen	joka	0.035714
nainen	saa	0.035714
nainen	ja	0.035714
nainen	kertoi	0.028571
nainen	sanoo	0.028571
nainen	sai	0.028571
nainen	väittää	0.021429
nainen	mutta	0.021429
nainen	otti	0.021429
nainen	kuoli	0.021429
naiset	ovat	0.206897
naiset	ja	0.086207
naiset	olivat	0.068966
naiset	eivät	0.051724
naisia	ja	0.340909
naisia	on	0.159091
naisia	jotka	0.068182
ne	ovat	0.255988
ne	eivät	0.085329
ne	on	0.049401
ne	voivat	0.049401
ne	olivat	0.034431
ne	jotka	0.028443
ne	kaikki	0.016467
ne	pitää	0.014970
ne	tulevat	0.014970
ne	oli	0.011976
ne	saavat	0.011976
ne	jäävät	0.010479
ne	toimivat	0.010479
ne	alkavat	0.008982
ne	olisivat	0.007485
ne	voidaan	0.007485
ne	sitten	0.005988
ne	voisivat	0.005988
ne	vaikuttavat	0.005988
ne	kuuluvat	0.005988
ne	tekevät	0.005988
ne	tuovat	0.005988
ne	jo	0.004491
ne	pitäisi	0.004491
ne	sopivat	0.004491
ne	menevät	0.004491
ne	saattavat	0.004491
ne	voi	0.004491
ne	myös	0.004491
ne	tarvitsevat	0.004491
ne	joilla	0.004491
ne	käyvät	0.004491
ne	asiat	0.004491
ne	antavat	0.004491
ne	kun	0.004491
ne	pysyvät	0.004491
ne	vaativat	0.004491
netissä	on	0.272727
niille	jotka	0.313725
niille	ei	0.078431
niille	on	0.078431
nimensä	mukaisesti	0.428571
noussut	prosenttia	0.070000
noussut	esiin	0.060000
noussut	ja	0.060000
noussut	noin	0.050000
noussut	jo	0.040000
noussut	viime	0.030000
noussut	myös	0.030000
nuoria	ja	0.161290
nuoria	on	0.096774
nuoria	miehiä	0.048387
näkevät	että	0.307692
näkynyt	jo	0.153846
näkynyt	myös	0.115385
näyttelijä	on	0.172414
odottaa	että	0.090909
odottaa	vielä	0.050505
odottaa	parhaillaan	0.050505
odottaa	jo	0.040404
odottaa	myös	0.030303
odottaa	edelleen	0.030303
odottaa	innolla	0.030303
odottavat	että	0.148148
odottavat	vielä	0.111111
ohjeita	ja	0.227273
ohjeita	on	0.136364
ohjelma	on	0.151515
ohjelmaa	ja	0.136364
oikealla	tavalla	0.187500
oikealla	puolella	0.187500
oikeastaan	vain	0.061224
oikeastaan	mitään	0.061224
oikeasti	on	0.072727
oikeudessa	että	0.192308
oikeudessa	on	0.115385
olekaan	niin	0.208333
olekaan	enää	0.166667
olekaan	ollut	0.125000
olemaan	myös	0.045977
olemaan	tarkkana	0.045977
olemaan	yhteydessä	0.034483
olemme	saaneet	0.080189
olemme	tehneet	0.061321
olemme	nyt	0.042453
olemme	kuitenkin	0.037736
olemme	olleet	0.033019
olemme	käyneet	0.023585
olemme	jo	0.023585
olemme	kaikki	0.023585
olemme	nähneet	0.018868
olemme	myös	0.018868
olemme	hyvin	0.018868
olemme	tulleet	0.018868
olemme	yrittäneet	0.014151
olemme	täysin	0.014151
olemme	niin	0.014151
olemme	iloisia	0.014151
olemme	kokeneet	0.014151
oletetaan	että	0.777778
olevansa	valmis	0.132812
olevansa	erittäin	0.046875
olevansa	tietoinen	0.039062
olevansa	varma	0.031250
olevansa	huolissaan	0.031250
olevansa	surullinen	0.023438
olevansa	kiinnostunut	0.023438
olevansa	osa	0.023438
olevansa	kiitollinen	0.023438
olikin	sitten	0.133333
ollaan	huolissaan	0.044444
ollaan	valmiita	0.033333
ollaan	tyytyväisiä	0.033333
ollaan	nyt	0.033333
ollaan	tässä	0.033333
ollaan	myös	0.033333
olleen	hänen	0.054795
olleen	kunnossa	0.041096
ollut	mukana	0.024500
ollut	jo	0.021921
ollut	mitään	0.016763
ollut	vielä	0.016763
ollut	viime	0.015474
ollut	koko	0.012250
ollut	se	0.011605
ollut	aina	0.011605
ollut	myös	0.010316
ollut	hyvin	0.010316
ollut	niin	0.010316
ollut	enää	0.009671
ollut	paljon	0.009026
ollut	että	0.007737
ollut	vaikea	0.007737
ollut	yksi	0.007737
ollut	pitkään	0.007092
ollut	tyytyväinen	0.007092
ollut	noin	0.006447
ollut	aiemmin	0.006447
ollut	mahdollista	0.006447
ollut	ihan	0.006447
ollut	enemmän	0.005803
ollut	hyvä	0.005803
ollut	suuri	0.005803
ollut	olemassa	0.005803
ollut	mahdollisuus	0.005803
ollut	yhteydessä	0.005158
ollut	tietoa	0.005158
ollut	mikään	0.005158
ollut	venäjän	0.005158
ollut	muun	0.005158
ollut	yli	0.005158
ollut	ja	0.005158
ollut	sen	0.004513
ollut	käytössä	0.004513
ollut	aivan	0.004513
ollut	täysin	0.004513
ollut	tarkoitus	0.004513
ollut	ensimmäinen	0.004513
oltava	valmiina	0.060000
omin	sanoin	0.400000
omin	päin	0.300000
omin	silmin	0.300000
ongelmana	on	0.400000
onko	se	0.099526
onko	tämä	0.066351
onko	kyse	0.037915
onko	sinulla	0.033175
onko	hän	0.028436
onko	tässä	0.028436
onko	kyseessä	0.023697
onko	meillä	0.023697
onko	meidän	0.014218
onko	täällä	0.014218
onko	mahdollista	0.014218
onko	kaikki	0.014218
opiskella	ja	0.454545
osallistua	myös	0.212121
osan	ajasta	0.093023
osan	siitä	0.069767
otettu	käyttöön	0.166667
otettu	mukaan	0.083333
otettu	kiinni	0.083333
otettu	huomioon	0.066667
otettu	vastaan	0.050000
ovat	olleet	0.097073
ovat	jo	0.038903
ovat	kuitenkin	0.030752
ovat	myös	0.029641
ovat	saaneet	0.027418
ovat	tehneet	0.018525
ovat	nyt	0.017043
ovat	hyvin	0.015191
ovat	esimerkiksi	0.013338
ovat	tulleet	0.013338
ovat	mukana	0.011856
ovat	muun	0.011486
ovat	vielä	0.011486
ovat	niin	0.010745
ovat	viime	0.010745
ovat	edelleen	0.009263
ovat	ottaneet	0.008522
ovat	kaikki	0.008522
ovat	vain	0.007781
ovat	yhä	0.007410
ovat	aina	0.007410
ovat	osa	0.007040
ovat	peräisin	0.007040
ovat	voineet	0.006669
ovat	voimassa	0.006299
ovat	usein	0.006299
ovat	huolissaan	0.006299
ovat	kertoneet	0.006299
ovat	valmiita	0.006299
ovat	tällä	0.005928
ovat	sen	0.005928
ovat	käyneet	0.005928
ovat	yleensä	0.005558
ovat	muuttuneet	0.005187
ovat	antaneet	0.005187
ovat	päässeet	0.005187
ovat	kuin	0.004446
ovat	venäjän	0.004446
ovat	jälleen	0.004446
ovat	yhtä	0.004446
oven	takana	0.333333
p	oli	0.103448
p	x	0.103448
p	n	0.103448
paha	olo	0.125000
paha	pettymys	0.125000
pahan	mielen	0.157895
pahan	päivän	0.157895
pahan	vallan	0.157895
pahinta	on	0.300000
paikalla	oli	0.206349
paikalla	on	0.166667
paikalla	ja	0.055556
paikalla	ollut	0.047619
paikalla	myös	0.039683
paikalla	olleet	0.039683
paikalla	ovat	0.031746
paikalla	ei	0.023810
paikalla	olivat	0.023810
paikasta	toiseen	0.214286
paikasta	on	0.178571
paikat	ovat	0.125000
paikkaan	ja	0.222222
painaa	noin	0.090909
painaa	ja	0.090909
paine	on	0.294118
palannut	takaisin	0.375000
palkinto	on	0.285714
palkinto	jaetaan	0.214286
pankin	mukaan	0.153846
paperi	ja	0.666667
paras	vaihtoehto	0.094118
paras	ratkaisu	0.082353
paras	tulos	0.082353
paras	mahdollinen	0.070588
paras	tapa	0.058824
paras	oli	0.058824
paras	keino	0.035294
paremmin	kuin	0.272727
paremmin	ja	0.101010
parempi	kuin	0.308824
parempi	vaihtoehto	0.102941
parempi	palkka	0.044118
parin	vuoden	0.269231
parin	viikon	0.182692
parin	kuukauden	0.096154
parin	viime	0.096154
parin	tunnin	0.076923
parin	päivän	0.038462
parin	ja	0.028846
pelaa	ensi	0.081633
pelaa	jo	0.061224
pelaa	lauantaina	0.061224
peli	on	0.186275
peli	oli	0.107843
peli	päättyi	0.039216
peli	ei	0.039216
peli	tarjoaa	0.029412
peli	kulkee	0.029412
peli	mutta	0.029412
peli	toimii	0.029412
pelin	jälkeen	0.238095
pelin	aikana	0.059524
pelin	ja	0.035714
pelissä	on	0.232558
pelissä	voi	0.093023
pelkoa	ja	0.250000
pelkää	että	0.310345
pelkää	ettei	0.137931
pelkää	sitä	0.103448
pelkään	että	0.571429
perhe	ja	0.267717
perhe	on	0.141732
perhe	muutti	0.070866
perhe	asuu	0.039370
perhe	oli	0.039370
perhe	ei	0.031496
perhe	elämän	0.031496
perhe	elämä	0.023622
perhe	asui	0.023622
perheen	kanssa	0.095238
perheen	äiti	0.079365
perheen	mukaan	0.047619
perjantai	iltana	0.620690
perjantai	iltaisin	0.103448
perjantai	oli	0.103448
perusteella	on	0.039474
perusteella	ja	0.039474
perusteella	myös	0.032895
perusteella	ei	0.032895
perusteella	että	0.026316
perusteella	hänelle	0.026316
perusteella	noin	0.019737
perusteella	tämä	0.019737
pian	sen	0.070423
pian	myös	0.049296
pian	vuotta	0.035211
pian	sillä	0.035211
pian	tämän	0.028169
pian	jo	0.021127
pian	taas	0.021127
pian	uuden	0.021127
pian	uudestaan	0.021127
pian	ja	0.021127
pian	paikalle	0.021127
pidempään	sillä	0.136364
pidempään	kuin	0.136364
pidetään	yhtenä	0.072464
pidetään	kiinni	0.043478
pidetään	yllä	0.043478
pienellä	rahalla	0.428571
pienempi	kuin	0.607143
pistettä	ja	0.416667
pistettä	kun	0.062500
pistettä	tehnyt	0.041667
pistettä	edellä	0.041667
pistettä	mieheen	0.041667
piti	olla	0.068966
piti	tulla	0.039409
piti	tehdä	0.024631
piti	alkaa	0.019704
piti	kuitenkin	0.019704
piti	itseään	0.019704
piti	sitä	0.019704
piti	valita	0.014778
piti	häntä	0.014778
piti	järjestää	0.014778
piti	lähteä	0.014778
piti	tilannetta	0.014778
piti	palloa	0.014778
piti	asiaa	0.014778
piti	jo	0.014778
piti	saada	0.014778
piti	pelata	0.014778
pitkin	ja	0.142857
pitkin	kohti	0.085714
pitkälle	että	0.142857
pitkään	aikaan	0.119658
pitkään	ja	0.076923
pitkään	mutta	0.068376
pitkään	ollut	0.042735
pitkään	myös	0.034188
pitkään	kuin	0.034188
pitkään	ennen	0.034188
pitkään	on	0.034188
pitkään	sillä	0.025641
pitkään	kun	0.025641
pitkään	olleet	0.025641
pitänyt	olla	0.096154
pitänyt	tehdä	0.057692
pitänyt	jo	0.038462
pitänyt	saada	0.028846
pitääkö	olla	0.250000
poika	oli	0.153846
poika	ja	0.102564
poika	on	0.102564
poikien	kanssa	0.333333
pois	ja	0.117978
pois	maasta	0.033708
pois	käytöstä	0.033708
pois	sitä	0.028090
pois	kun	0.028090
pois	mutta	0.022472
pois	on	0.016854
pois	kaikki	0.016854
pois	lukien	0.016854
pois	mahdollisuutta	0.016854
pois	sillä	0.016854
pois	töistä	0.016854
pois	jos	0.016854
poliisia	vastaan	0.296296
poliisia	karkuun	0.111111
poliisista	kertoi	0.375000
poliisit	olivat	0.235294
pormestarin	mukaan	0.625000
projekti	on	0.277778
prosentin	ja	0.156250
prosentin	verran	0.125000
prosentin	osuus	0.093750
puhdasta	vettä	0.600000
puhelimeen	ja	0.500000
puhui	asiasta	0.090909
puu	on	0.352941
puun	ja	0.300000
pysty	enää	0.129630
pysty	tekemään	0.111111
pysty	kertomaan	0.055556
pystymme	tekemään	0.166667
pysynyt	samana	0.160000
pysynyt	jo	0.120000
pyydetään	myös	0.214286
pyysi	anteeksi	0.142857
pyysi	häntä	0.107143
pyytänyt	että	0.157895
pyytää	anteeksi	0.096774
päivänä	viikossa	0.130435
päivänä	hän	0.065217
päivänä	kun	0.032609
päivänä	jolloin	0.032609
päivät	ovat	0.277778
päivät	ja	0.166667
päivät	olivat	0.166667
pääministeri	liz	0.126761
pääministeri	ja	0.070423
pääministeri	ei	0.070423
pääministeri	on	0.056338
pääministeri	sanoi	0.042254
pääministeri	oli	0.042254
pääsivät	myös	0.090909
päästä	eroon	0.040541
päästä	yli	0.033784
päästä	mukaan	0.027027
päästä	pelaamaan	0.027027
päästä	nopeasti	0.027027
päästä	ja	0.020270
päästä	enää	0.020270
päästä	sisään	0.020270
päästä	mutta	0.020270
päätin	että	0.266667
päätti	että	0.093525
päätti	maanantaina	0.043165
päätti	vuonna	0.028777
päätti	kuitenkin	0.028777
päätti	myös	0.021583
päätti	kokeilla	0.021583
päätti	asiasta	0.021583
päätti	jäädä	0.021583
päätti	esittää	0.021583
päätti	olla	0.021583
päättänyt	että	0.196721
päättänyt	luopua	0.065574
päättänyt	antaa	0.049180
päättänyt	aloittaa	0.049180
päätöksiä	jotka	0.155556
päätöksiä	ei	0.111111
päätöksiä	tehdään	0.066667
pöydän	ääressä	0.428571
radio	on	0.235294
radio	ja	0.176471
radio	ohjelman	0.176471
radio	n	0.176471
rakennuksessa	on	0.307692
rakennuksessa	oli	0.230769
rakennus	ja	0.300000
rakennus	on	0.260000
rakennus	oli	0.080000
rakentaa	parhaillaan	0.063492
rakkauden	ja	0.384615
rankkaa	ja	0.300000
raskasta	joulua	0.333333
raskasta	ja	0.200000
ratkaisun	jälkeen	0.111111
riippuu	siitä	0.368421
riittävästi	aikaa	0.108108
riittää	ja	0.089888
riittää	että	0.056180
riittää	edelleen	0.033708
rock	in	0.230769
ryhmän	ja	0.097561
ryhmän	puheenjohtaja	0.073171
ryhmän	kanssa	0.073171
saa	olla	0.049153
saa	myös	0.025424
saa	ensi	0.016949
saa	käyttää	0.015254
saa	enää	0.013559
saa	mennä	0.011864
saa	ja	0.011864
saa	uuden	0.011864
saa	jäädä	0.010169
saa	pitää	0.008475
saa	kuitenkin	0.008475
saa	euroa	0.008475
saa	laittaa	0.008475
saa	ajaa	0.008475
saa	vaikuttaa	0.006780
saa	järjestää	0.006780
saa	esimerkiksi	0.006780
saa	helposti	0.006780
saa	edes	0.006780
saa	valita	0.006780
saa	tietoa	0.006780
saa	yli	0.006780
saa	hyvän	0.006780
saa	tulla	0.006780
saa	nähdä	0.006780
saa	paljon	0.006780
saa	tehdä	0.006780
saa	rakentaa	0.006780
saa	jatkuvasti	0.006780
saa	harjoitella	0.005085
saa	kertoa	0.005085
saa	siirtää	0.005085
saa	unohtaa	0.005085
saa	heti	0.005085
saa	oman	0.005085
saa	ylittää	0.005085
saa	siitä	0.005085
saa	käydä	0.005085
saa	nyt	0.005085
saa	häneltä	0.005085
saapunut	paikalle	0.129032
saaren	mukaan	0.363636
saattanut	olla	0.153846
saattoi	olla	0.259259
saattoi	tulla	0.055556
saattoi	tapahtua	0.055556
saattoi	saada	0.055556
saavat	olla	0.054264
saavat	myös	0.038760
saavat	usein	0.023256
saavat	vielä	0.023256
saavat	nauttia	0.023256
samaa	mieltä	0.397849
samaa	kuin	0.064516
samaa	vauhtia	0.032258
samaa	sanoo	0.032258
sana	on	0.242424
sanoisi	että	0.750000
sanonut	että	0.372549
sanonut	ettei	0.215686
sarjan	on	0.060000
satoja	tuhansia	0.173913
satoja	miljoonia	0.130435
satoja	vuosia	0.130435
satoja	ihmisiä	0.108696
satoja	kertoja	0.065217
sattuu	ja	0.176471
seinää	vasten	0.666667
seitsemän	vuotta	0.141791
seitsemän	prosenttia	0.097015
seitsemän	vuoden	0.074627
seitsemän	kertaa	0.037313
seitsemän	maalia	0.037313
seitsemän	kuukautta	0.029851
seitsemän	pistettä	0.029851
seitsemän	ottelun	0.029851
seitsemän	päivän	0.029851
seitsemän	minuuttia	0.022388
seitsemän	miljoonaa	0.022388
seitsemän	jälkeen	0.022388
selittää	että	0.111111
sellaista	ei	0.159420
sellaista	joka	0.101449
sellaista	se	0.043478
sellaista	että	0.043478
selväksi	että	0.531250
selväksi	ettei	0.093750
selvästi	viime	0.045455
selvästi	enemmän	0.036364
selvästi	vuoden	0.036364
selvästi	pienempi	0.036364
selvästi	eniten	0.036364
selvästi	vähemmän	0.036364
selvästi	alle	0.027273
selvästi	suurempi	0.027273
selvästi	mutta	0.027273
selvästi	suurempaa	0.027273
selvästi	ja	0.027273
selvästi	yli	0.027273
senkin	jälkeen	0.312500
seuraavaksi	hän	0.071429
seuraavaksi	eniten	0.053571
seuraavaksi	vuorossa	0.053571
seuraavalla	kerralla	0.571429
seuraavana	päivänä	0.365385
seuraavana	vuonna	0.307692
seuraavana	aamuna	0.096154
seuraavana	vuorossa	0.057692
seuraavana	viikonloppuna	0.057692
seuraukset	ovat	0.375000
seuraukset	olisivat	0.208333
siirtyy	ensi	0.135135
siis	ole	0.053412
siis	myös	0.023739
siis	että	0.017804
siis	on	0.017804
siis	vielä	0.014837
siis	olla	0.014837
siis	ollut	0.011869
siis	esimerkiksi	0.011869
siis	jo	0.011869
siis	vain	0.008902
siis	lähes	0.008902
siis	yli	0.008902
siis	luvassa	0.008902
silmin	nähden	0.300000
siltä	että	0.628571
siltä	varalta	0.095238
siltä	ettei	0.085714
siltä	kuin	0.047619
siltä	tuntuu	0.038095
sisään	ja	0.255814
sodan	takia	0.140625
sodan	aikana	0.130208
sodan	vuoksi	0.098958
sodan	ja	0.072917
sodan	jälkeen	0.057292
sodan	myötä	0.041667
sodan	keskellä	0.036458
sodan	alussa	0.020833
sodan	seuraukset	0.020833
sodan	ajan	0.015625
sopimuksen	mukaan	0.153846
sopimuksen	jonka	0.092308
sopimuksen	myötä	0.092308
sopimuksen	ja	0.046154
sopimuksen	arvo	0.046154
sopimus	on	0.361111
sopimus	oli	0.083333
sopimus	jossa	0.083333
sopivan	kokoinen	0.272727
sota	on	0.287356
sota	ja	0.120690
sota	jatkuu	0.040230
sota	ei	0.040230
sota	alkoi	0.040230
sota	ajan	0.028736
sota	oli	0.022989
sota	vaikuttaa	0.017241
sota	kestää	0.017241
sota	loppuu	0.017241
sota	alueella	0.017241
sota	päättyy	0.017241
sota	euroopassa	0.017241
sota	sai	0.017241
sotilaita	on	0.250000
sotilaita	ja	0.187500
sotilas	ja	0.333333
st	n	0.500000
suinkaan	ole	0.578947
sunnuntaina	kello	0.112676
sunnuntaina	ja	0.070423
sunnuntaina	iltapäivällä	0.063380
sunnuntaina	että	0.049296
sunnuntaina	on	0.042254
sunnuntaina	hän	0.035211
sunnuntaina	klo	0.028169
sunnuntaina	myös	0.021127
sunnuntaina	kun	0.021127
suora	lähetys	0.411765
suoraan	että	0.112245
suoraan	kahdessa	0.051020
suoraan	venäjän	0.040816
suoraan	tai	0.040816
suoraan	kantaa	0.030612
suoraan	ja	0.030612
suoraan	sanoa	0.030612
suoraan	sanoen	0.030612
suoraan	sanottuna	0.030612
suunnilleen	sama	0.150000
suunnitella	ja	0.250000
suunnitelmia	ja	0.222222
suunnitelmia	ei	0.166667
suuntaan	ja	0.213115
suuntaan	on	0.081967
suuntaan	kun	0.065574
suuntaan	että	0.065574
suuntaan	kuin	0.049180
suuria	muutoksia	0.250000
suuria	vaikeuksia	0.104167
suuria	asioita	0.062500
suuria	ettei	0.062500
suuria	tunteita	0.062500
suurin	osa	0.600000
suurin	ja	0.033333
suurin	ongelma	0.029167
suurin	syy	0.029167
suurin	haaste	0.020833
suurin	ryhmä	0.016667
suurin	on	0.012500
suurin	pankki	0.012500
suurin	omistaja	0.012500
suurin	sitten	0.012500
suurin	uhka	0.012500
syitä	sille	0.107143
syitä	miksi	0.107143
syystä	tai	0.169014
syystä	että	0.084507
syystä	ei	0.056338
syystä	hän	0.056338
syytetty	on	0.181818
syytetty	mies	0.136364
sää	on	0.268293
sää	oli	0.121951
sää	ei	0.097561
sää	vaikuttaa	0.073171
sää	kuitenkin	0.073171
sääntöjen	mukaan	0.857143
säästää	sähköä	0.206897
säästää	rahaa	0.103448
t	k	0.200000
tahansa	voi	0.203125
tai	jopa	0.040164
tai	sen	0.026230
tai	sitten	0.023770
tai	ei	0.022951
tai	ainakin	0.013115
tai	vaikka	0.012295
tai	muuta	0.010656
tai	että	0.010656
tai	toisella	0.010656
tai	muita	0.009836
tai	vaikkapa	0.009836
tai	toisesta	0.009836
tai	muuten	0.009836
tai	edes	0.009016
tai	kaksi	0.008197
tai	vähemmän	0.007377
tai	muiden	0.007377
tai	sitä	0.007377
tai	muun	0.006557
tai	kolme	0.006557
tai	eivät	0.006557
tai	ehkä	0.006557
tai	jos	0.006557
tai	niiden	0.006557
tai	se	0.005738
tai	on	0.005738
tai	muihin	0.005738
tai	ne	0.005738
tai	siihen	0.004918
tai	muu	0.004918
tai	hänen	0.004918
tai	mitä	0.004918
tai	niitä	0.004918
tai	oikeastaan	0.004918
tai	muut	0.004098
tai	venäjän	0.004098
tai	kokonaan	0.004098
tai	kokemusta	0.004098
tai	mikä	0.004098
tai	kun	0.004098
taida	tietää	0.250000
taivas	on	0.428571
takaa	löytyy	0.069767
takaa	ja	0.069767
takaa	sen	0.069767
takaisin	ja	0.098039
takaisin	kotiin	0.078431
takaisin	kun	0.049020
takaisin	venäjän	0.039216
takaisin	mutta	0.039216
takaisin	yli	0.029412
takaisin	on	0.029412
takaisin	jo	0.029412
taloon	on	0.160000
taloon	ja	0.160000
taloon	jossa	0.120000
tapaamisen	jälkeen	0.545455
tapahtumaan	on	0.185185
tapahtunutta	ja	0.500000
tarinoita	ja	0.263158
tarjoaa	myös	0.136364
tarjoaa	mahdollisuuden	0.068182
tarvitsee	apua	0.073529
tarvitsee	nyt	0.058824
tarvitsee	yhä	0.044118
tarvitsee	vain	0.044118
tarvitsee	myös	0.044118
teemme	sen	0.081081
teetä	ja	0.500000
tehdään	myös	0.036145
tehdään	kaikki	0.024096
tehdään	vielä	0.024096
tehdään	aina	0.024096
tehdään	ja	0.024096
tehdään	paljon	0.018072
tehdään	eri	0.018072
tehdään	nyt	0.018072
tehdään	muun	0.018072
tehdään	ilmoitus	0.018072
tehdään	yhdessä	0.018072
tehdään	koko	0.018072
tehdään	esimerkiksi	0.018072
tehnyt	mitään	0.040462
tehnyt	ja	0.028902
tehnyt	töitä	0.028902
tehnyt	niin	0.023121
tehnyt	kaksi	0.017341
tehnyt	sopimuksen	0.017341
tehnyt	koska	0.017341
tehnyt	yhteistyötä	0.017341
tehnyt	sen	0.017341
tehnyt	neljä	0.017341
tehnyt	päätöksen	0.017341
tehnyt	useita	0.017341
tehnyt	jo	0.017341
tehtävämme	on	0.800000
tekevät	myös	0.056338
tekevät	yhteistyötä	0.056338
tekevät	nyt	0.042254
tekevät	ja	0.042254
televisiossa	ja	0.333333
tien	päällä	0.166667
tien	ja	0.111111
tien	päälle	0.083333
tiet	ovat	0.428571
tietenkin	myös	0.120000
tieto	siitä	0.121622
tieto	että	0.108108
tieto	ei	0.067568
tieto	ja	0.054054
tieto	on	0.054054
tieto	pitää	0.040541
tietoinen	että	0.190476
tietoinen	siitä	0.142857
tietojen	mukaan	0.854545
tietojen	perusteella	0.072727
tietokone	ja	1.000000
tietä	pitkin	0.272727
tietävät	että	0.192308
tiistaina	että	0.079268
tiistaina	ja	0.079268
tiistaina	iltapäivällä	0.054878
tiistaina	kello	0.054878
tiistaina	kun	0.048780
tiistaina	aamulla	0.036585
tiistaina	myös	0.024390
tiistaina	klo	0.024390
tiistaina	mutta	0.024390
tiistaina	ettei	0.018293
tiistaina	noin	0.018293
tiistaina	uutta	0.018293
tilaisuus	on	0.242424
tilaisuus	oli	0.090909
tilalle	on	0.171429
tilalle	tulee	0.085714
tilalle	tuli	0.085714
tilanteen	ja	0.135135
tilanteen	takia	0.121622
tilanteen	vuoksi	0.108108
tilanteen	mukaan	0.054054
tilanteen	tekee	0.054054
tilanteen	on	0.054054
todellinen	riski	0.100000
todellinen	luku	0.100000
todisteita	siitä	0.250000
tohtori	ja	0.500000
toimia	ja	0.070000
toimia	joilla	0.040000
toimia	on	0.040000
toimia	samoin	0.030000
toimia	myös	0.030000
toimia	vastaan	0.030000
toimii	myös	0.095238
toimii	tällä	0.063492
toimii	hyvin	0.039683
toimii	ja	0.039683
toimii	muun	0.031746
toimii	nykyisin	0.023810
toimii	nykyään	0.023810
toimii	neljä	0.023810
toimii	edelleen	0.023810
toiminut	muun	0.090909
toiminut	jo	0.064935
toiminut	myös	0.051948
toiminut	hyvin	0.051948
toiminut	ja	0.038961
toiminut	oikein	0.038961
toimisto	ja	0.300000
toisella	puolella	0.326087
toisella	viikolla	0.173913
toisella	tavalla	0.086957
toisella	kerralla	0.065217
toiselle	puolelle	0.388889
toisensa	jälkeen	0.512195
toisensa	perään	0.121951
toisiaan	ja	0.160000
toisiaan	kohtaan	0.120000
toisiaan	vastaan	0.120000
toivat	esille	0.200000
tosi	paljon	0.087379
tosi	hyvä	0.087379
tosi	tv	0.038835
tosi	tärkeä	0.038835
tosi	iso	0.038835
tosi	hyvin	0.029126
tosi	hyviä	0.029126
tosi	hyvältä	0.029126
tosi	tyytyväinen	0.029126
tosi	tärkeää	0.029126
toteuttaa	myös	0.131579
tuen	ja	0.173913
tulee	olemaan	0.069057
tulee	olla	0.058433
tulee	myös	0.029216
tulee	kuitenkin	0.015936
tulee	voimaan	0.014608
tulee	vastaan	0.014608
tulee	vielä	0.011952
tulee	toimia	0.010624
tulee	nyt	0.009296
tulee	tehdä	0.009296
tulee	aina	0.009296
tulee	varmasti	0.009296
tulee	huolehtia	0.009296
tulee	hänen	0.007968
tulee	ensi	0.007968
tulee	täyteen	0.007968
tulee	hyvä	0.007968
tulee	lisää	0.007968
tulee	niin	0.007968
tulee	sitten	0.007968
tulee	koko	0.007968
tulee	tänä	0.007968
tulee	noin	0.006640
tulee	tapahtumaan	0.006640
tulee	paljon	0.006640
tulee	ottaa	0.006640
tulee	helposti	0.006640
tulee	pitää	0.006640
tulee	mutta	0.005312
tulee	täyttää	0.005312
tulee	mieleen	0.005312
tulee	lopulta	0.005312
tulee	tällä	0.005312
tulee	ja	0.005312
tulee	tukea	0.005312
tulee	tarjota	0.005312
tulee	järjestää	0.005312
tulee	edelleen	0.005312
tulee	ilmoittaa	0.003984
tulee	hyväksyä	0.003984
tulevaisuuden	kannalta	0.269231
tulevaisuuden	suhteen	0.115385
tulevaisuudessa	myös	0.041096
tulevan	vuoden	0.187500
tulevan	kesän	0.125000
tulipalo	oli	0.166667
tulisi	olla	0.126214
tulisi	myös	0.024272
tulisi	ottaa	0.024272
tulisi	välttää	0.019417
tulisi	tehdä	0.019417
tulisi	olemaan	0.014563
tulisi	pitää	0.014563
tulisi	aina	0.014563
tulisi	lisätä	0.014563
tunnen	olevani	0.272727
tunnen	että	0.272727
tunnettu	myös	0.097561
tunnettu	muun	0.073171
tunnu	enää	0.181818
tunsi	olevansa	0.250000
tuntui	että	0.230769
tuntui	ihan	0.057692
tuntuu	että	0.225564
tuntuu	olevan	0.127820
tuntuu	kuin	0.097744
tuntuu	hyvältä	0.075188
tuntuu	kun	0.045113
tuntuu	nyt	0.030075
tuntuu	siltä	0.030075
tuntuu	kuitenkin	0.022556
tuoda	esiin	0.081633
tuoda	esille	0.081633
tuoda	ongelmia	0.061224
tuohon	aikaan	0.529412
tuolta	ajalta	0.750000
tuomion	mukaan	0.413793
tuomion	viime	0.103448
tuottaa	sähköä	0.093750
tuottaa	tulosta	0.046875
tuottaa	prosenttia	0.046875
tuskin	on	0.112676
tuskin	kukaan	0.098592
tuskin	olisi	0.070423
tutkii	tapausta	0.218750
tutkii	asiaa	0.218750
tutkinnan	yhteydessä	0.214286
tuuli	on	0.333333
tuuli	ja	0.259259
tv	n	0.242424
tv	ssä	0.212121
tv	ja	0.075758
tv	llä	0.060606
tv	sarja	0.045455
tv	stä	0.045455
tv	lle	0.045455
tv	ssa	0.045455
tyttöä	ja	0.500000
tyytyväinen	siihen	0.175439
tyytyväinen	että	0.122807
tyytyväinen	myös	0.070175
tyytyväinen	ja	0.070175
tyytyväinen	vaikka	0.052632
työskennellyt	muun	0.148148
työskennellyt	aiemmin	0.148148
työskentelee	noin	0.137931
tällainen	tilanne	0.102564
tällainen	on	0.076923
tällainen	voisi	0.076923
tärkein	asia	0.166667
tärkein	tehtävä	0.133333
tärkein	kysymys	0.100000
tärkeä	osa	0.127907
tärkeä	asia	0.081395
tärkeä	ja	0.058140
tärkeä	askel	0.046512
tärkeä	tehtävä	0.046512
tärkeä	rooli	0.046512
tärkeä	että	0.034884
tärkeää	että	0.295699
tärkeää	on	0.075269
tärkeää	työtä	0.026882
tärkeää	ja	0.021505
tärkeää	kun	0.021505
tärkeää	tehdä	0.021505
tärkeää	jotta	0.016129
tärkeää	olisi	0.016129
tärkeää	tietää	0.016129
tärkeää	tunnistaa	0.016129
tärkeää	hän	0.016129
tärkeää	se	0.016129
tärkeää	sillä	0.016129
tärkeää	huolehtia	0.016129
tärkeää	olla	0.016129
tärkeää	ettei	0.016129
tätä	on	0.057269
tätä	ennen	0.052863
tätä	kautta	0.035242
tätä	ei	0.035242
tätä	varten	0.030837
tätä	päivää	0.026432
tätä	työtä	0.026432
tätä	juttua	0.022026
tätä	voi	0.022026
tätä	asiaa	0.022026
tätä	mahdollisuutta	0.017621
tätä	vuotta	0.017621
tätä	kutsutaan	0.017621
tätä	mieltä	0.017621
tätä	niin	0.013216
tätä	enemmän	0.013216
täydellinen	ja	0.333333
täysin	uuden	0.051282
täysin	tyytyväinen	0.042735
täysin	selvää	0.042735
täysin	tietoinen	0.034188
täysin	tai	0.034188
täysin	samaa	0.034188
täysin	ja	0.034188
täysin	mahdollista	0.025641
täysin	ilman	0.025641
täysin	varma	0.025641
uhka	on	0.310345
uhka	ja	0.103448
uhka	vai	0.103448
uhkaa	jopa	0.052632
uhkaa	myös	0.052632
uhrit	ovat	0.400000
unohtaa	että	0.238095
usa	n	0.692308
usa	ssa	0.153846
useammin	kuin	0.227273
useita	kertoja	0.108844
useita	satoja	0.095238
useita	eri	0.081633
useita	kuukausia	0.061224
useita	päiviä	0.054422
useita	vuosia	0.047619
useita	muita	0.040816
useita	tunteja	0.034014
useita	erilaisia	0.034014
useita	ihmisiä	0.027211
useita	syitä	0.027211
useita	tuhansia	0.027211
uskon	että	0.620253
uskon	ja	0.050633
uskon	kautta	0.037975
uusi	hallitus	0.043956
uusi	omistaja	0.038462
uusi	laki	0.038462
uusi	nimi	0.032967
uusi	pääministeri	0.027473
uusi	versio	0.027473
uusi	vuosi	0.027473
uusi	kirja	0.021978
uusi	aika	0.021978
uusi	koti	0.021978
uusi	asia	0.021978
uusi	rakennus	0.021978
uusi	tutkimus	0.021978
uusi	yhtiö	0.016484
uusi	päätös	0.016484
uusi	kokemus	0.016484
uusi	koulu	0.016484
uusi	juttu	0.016484
uusi	tilanne	0.016484
uusi	johtaja	0.016484
uusi	ja	0.016484
vahva	ja	0.170213
vahva	asema	0.063830
vaihtaa	ja	0.125000
vaihtaa	osia	0.125000
vaihtoehtoa	kuin	0.277778
vaihtoehtoa	että	0.166667
vaihtoehtoa	joko	0.166667
vaihtoehtoja	ei	0.187500
vaihtoehtoja	on	0.125000
vaikeita	kysymyksiä	0.272727
vaikeita	aikoja	0.181818
vaikeita	ja	0.136364
vaikuttavat	myös	0.153846
vaikuttavat	muun	0.128205
vaikuttavat	kuitenkin	0.076923
vaimo	ja	0.266667
vain	yksi	0.046859
vain	prosenttia	0.035892
vain	yhden	0.034895
vain	kaksi	0.033898
vain	noin	0.033898
vain	kolme	0.022931
vain	vähän	0.021934
vain	muutama	0.019940
vain	jos	0.018943
vain	kerran	0.017946
vain	on	0.012961
vain	muutamia	0.010967
vain	pari	0.009970
vain	neljä	0.009970
vain	muutaman	0.009970
vain	pieni	0.008973
vain	silloin	0.008973
vain	elämää	0.008973
vain	hieman	0.007976
vain	että	0.007976
vain	viisi	0.007976
vain	puolet	0.007976
vain	osa	0.006979
vain	siksi	0.006979
vain	ja	0.006979
vain	sen	0.006979
vain	kahdeksan	0.006979
vain	sekunnin	0.006979
vain	yhdessä	0.005982
vain	seitsemän	0.005982
vain	kymmenen	0.005982
vain	kuusi	0.004985
vain	päivää	0.004985
vain	enemmän	0.004985
vain	olla	0.004985
vain	joka	0.004985
vain	sekuntia	0.004985
vain	hyvin	0.004985
vain	pienen	0.004985
vain	harva	0.004985
vakavia	seurauksia	0.333333
vakuuttaa	että	0.384615
vakuuttaa	ettei	0.230769
valittaa	asiasta	0.375000
valmiina	kun	0.157895
valoa	ja	0.150000
van	de	1.000000
vanhemmat	ovat	0.153846
vanhemmat	saavat	0.096154
vanhemmat	ihmiset	0.076923
vanhemmat	asuvat	0.057692
vanhemmat	voivat	0.057692
varhain	torstaina	0.200000
varhain	lauantaina	0.166667
varhain	aamulla	0.133333
varhain	perjantaina	0.100000
varhain	tiistaina	0.100000
varhain	sunnuntaina	0.100000
varmaa	tietoa	0.304348
varmaa	on	0.260870
varmaa	että	0.260870
varrella	on	0.159091
varrella	ja	0.068182
veljekset	ovat	0.363636
veljekset	ja	0.272727
velkaa	on	0.235294
velvollisuus	on	0.200000
velvollisuus	auttaa	0.120000
victoria	s	0.428571
video	on	0.340909
video	jossa	0.227273
video	toimittaja	0.068182
videon	jossa	0.291667
videon	jolla	0.125000
videon	joka	0.125000
viestejä	joissa	0.153846
viestejä	on	0.153846
viestejä	tai	0.115385
viesti	on	0.233333
viesti	oli	0.083333
viesti	että	0.050000
viesti	ei	0.050000
vihreää	valoa	0.650000
viiden	vuoden	0.328859
viiden	päivän	0.073826
viiden	prosentin	0.060403
viiden	minuutin	0.053691
viiden	aikaan	0.033557
viiden	ottelun	0.033557
viiden	viikon	0.033557
viiden	kilometrin	0.026846
viiden	tähden	0.026846
viiden	hengen	0.020134
viiden	viime	0.020134
viiden	maissa	0.020134
viiden	miljoonan	0.020134
viiden	kuukauden	0.020134
viikkoa	sitten	0.500000
viikkoa	ennen	0.103774
viikkoa	myöhemmin	0.075472
viikkoa	ja	0.037736
viikkoa	aiemmin	0.028302
viikkoa	aikaisemmin	0.028302
viikolla	että	0.135000
viikolla	kun	0.095000
viikolla	ja	0.045000
viikolla	on	0.020000
viikolla	myös	0.020000
viikolla	eli	0.015000
viikolla	se	0.015000
viikolla	oli	0.015000
viikolla	venäjän	0.015000
viimeiset	kaksi	0.161290
viimeiset	vuotta	0.129032
viimeiset	kolme	0.096774
viisi	vuotta	0.195767
viisi	prosenttia	0.116402
viisi	miljoonaa	0.068783
viisi	minuuttia	0.042328
viisi	kertaa	0.042328
viisi	viikkoa	0.037037
viisi	päivää	0.037037
viisi	ihmistä	0.031746
viisi	ja	0.031746
viisi	peliä	0.021164
viisi	on	0.021164
viisi	voittoa	0.021164
viisi	kappaletta	0.015873
viisi	maalia	0.015873
viisi	kilometriä	0.015873
viranomaiset	ovat	0.333333
viranomaiset	eivät	0.107143
viranomaiset	olivat	0.095238
viranomaiset	kertoivat	0.095238
viranomaiset	voivat	0.047619
viranomaiset	ja	0.035714
virheen	ja	0.333333
voi	olla	0.184454
voi	tulla	0.035294
voi	tehdä	0.026891
voi	saada	0.026050
voi	keskustella	0.021008
voi	myös	0.020168
voi	käyttää	0.015966
voi	kuitenkin	0.015546
voi	aiheuttaa	0.012605
voi	vaikuttaa	0.011345
voi	sanoa	0.010924
voi	osallistua	0.010084
voi	ottaa	0.009664
voi	hakea	0.009664
voi	mennä	0.009664
voi	käydä	0.008824
voi	joutua	0.007983
voi	antaa	0.007983
voi	seurata	0.007143
voi	jättää	0.006723
voi	vielä	0.006723
voi	nousta	0.006723
voi	laittaa	0.005882
voi	nähdä	0.005882
voi	jatkaa	0.005882
voi	lisätä	0.005882
voi	johtaa	0.005882
voi	tuoda	0.005882
voi	nyt	0.005462
voi	jopa	0.005462
voi	alkaa	0.005462
voi	tapahtua	0.005042
voi	pitää	0.005042
voi	muuttua	0.005042
voi	enää	0.005042
voi	viedä	0.005042
voi	jäädä	0.005042
voi	tutustua	0.005042
voi	tuntua	0.005042
voi	ilmoittaa	0.005042
voidaan	pitää	0.052326
voidaan	tehdä	0.052326
voidaan	käyttää	0.043605
voidaan	sanoa	0.026163
voidaan	ottaa	0.020349
voidaan	järjestää	0.020349
voidaan	jatkaa	0.020349
voidaan	myös	0.020349
voidaan	saada	0.020349
voidaan	antaa	0.020349
voidaan	puhua	0.017442
voidaan	käsitellä	0.014535
voidaan	kuitenkin	0.014535
voidaan	joutua	0.014535
voidaan	lisätä	0.014535
voidaan	päästä	0.014535
voidaan	tuomita	0.014535
voidaan	esittää	0.011628
voidaan	nähdä	0.011628
voidaan	myöntää	0.011628
voidaan	estää	0.011628
voidaan	jättää	0.011628
voidaan	siis	0.011628
voidaan	hoitaa	0.011628
voidaan	kysyä	0.011628
voidaan	ratkaista	0.008721
voidaan	muuttaa	0.008721
voidaan	vähentää	0.008721
voidaan	katsoa	0.008721
voidaan	lähettää	0.008721
voidaan	rakentaa	0.008721
voidaan	laittaa	0.008721
voidaan	seurata	0.008721
voidaan	ajatella	0.008721
voidaan	olla	0.008721
voidaan	toteuttaa	0.008721
voidaan	vaikuttaa	0.008721
voidaan	ajaa	0.008721
voima	on	0.160000
voima	ja	0.120000
voimme	tehdä	0.084507
voimme	olla	0.070423
voimme	itse	0.042254
voimme	nähdä	0.042254
voin	sanoa	0.146341
voin	olla	0.121951
voineet	olla	0.138889
voiton	jälkeen	0.181818
voiton	vei	0.127273
voiton	kun	0.090909
voiton	ja	0.090909
voiton	myötä	0.072727
voittaja	oli	0.137931
voittaja	saa	0.103448
voitti	ottelun	0.053846
voitti	lopulta	0.046154
voitti	oman	0.038462
voitti	myös	0.030769
voitti	vuonna	0.030769
voitti	naisten	0.030769
voitti	ja	0.023077
voitti	miesten	0.023077
voitti	parhaan	0.023077
voitti	jo	0.023077
voitti	ranskan	0.023077
voitti	toiseksi	0.023077
voitti	kultaa	0.023077
voitti	ensimmäisen	0.023077
voitti	kauden	0.023077
voitu	estää	0.061224
voitu	tehdä	0.061224
voitu	valita	0.061224
voitu	vahvistaa	0.061224
voivat	olla	0.173575
voivat	saada	0.044041
voivat	aiheuttaa	0.036269
voivat	kuitenkin	0.031088
voivat	myös	0.025907
voivat	johtaa	0.025907
voivat	hakea	0.023316
voivat	tehdä	0.023316
voivat	osallistua	0.023316
voivat	tulla	0.020725
voivat	vielä	0.018135
voivat	ottaa	0.015544
voivat	hyvin	0.015544
voivat	vaikuttaa	0.015544
voivat	äänestää	0.012953
voivat	jäädä	0.010363
voivat	käyttää	0.010363
voivat	lisätä	0.010363
voivat	tuoda	0.010363
voivat	jakaa	0.010363
voivat	muuttua	0.007772
voivat	tunnistaa	0.007772
voivat	jatkaa	0.007772
voivat	hänen	0.007772
voivat	keskittyä	0.007772
voivat	toimia	0.007772
voivat	itse	0.007772
voivat	käydä	0.007772
voivat	valita	0.007772
voivat	pitää	0.007772
voivat	alkaa	0.007772
voivat	ostaa	0.007772
vuoden	aikana	0.228571
vuoden	ajan	0.091964
vuoden	alussa	0.061607
vuoden	loppuun	0.052679
vuoden	alusta	0.049107
vuoden	lopussa	0.034821
vuoden	päästä	0.033929
vuoden	jälkeen	0.033929
vuoden	tauon	0.030357
vuoden	puolella	0.021429
vuoden	kuluttua	0.019643
vuoden	takaa	0.016964
vuoden	ensimmäisellä	0.016071
vuoden	ja	0.015179
vuoden	välein	0.010714
vuoden	ensimmäisen	0.010714
vuoden	sisällä	0.010714
vuoden	kuluessa	0.010714
vuoden	toisella	0.008036
vuoden	ensimmäinen	0.006250
vuoden	toisen	0.006250
vuoden	taakse	0.005357
vuoden	mutta	0.005357
vuoden	ikäinen	0.004464
vuoden	jolloin	0.004464
vuoden	päähän	0.004464
vuoden	ajalta	0.004464
vuoden	alkuun	0.004464
vuoden	ajaksi	0.004464
vuoden	verran	0.004464
vuoden	paras	0.004464
vuoden	iässä	0.004464
vuoden	tapaan	0.003571
vuoden	tasolla	0.003571
vuoden	lopun	0.003571
vuoden	kesällä	0.003571
vuoden	kolmannella	0.003571
vuoden	parhaaksi	0.002679
vuoden	ympäri	0.002679
vuoden	ensimmäisessä	0.002679
vuosi	sitten	0.536765
vuosi	on	0.073529
vuosi	oli	0.062500
vuosi	vuodelta	0.058824
vuosi	ja	0.025735
vuosi	toisensa	0.014706
vuosi	alkoi	0.011029
vuosi	tuo	0.011029
vuosi	ei	0.011029
vuosien	varrella	0.252874
vuosien	ajan	0.241379
vuosien	aikana	0.218391
vuosien	ja	0.045977
vuosien	kuluessa	0.045977
vuosien	jälkeen	0.040230
vuosien	tapaan	0.028736
vuosien	takaa	0.022989
vuosien	tauon	0.017241
vuosina	ja	0.241611
vuosina	on	0.040268
vuosina	ollut	0.033557
vuosina	mutta	0.026846
vuosina	hän	0.026846
vuosina	se	0.020134
vuosina	muun	0.020134
väittää	että	0.694444
väittää	myös	0.083333
väki	on	0.294118
väkivaltaa	ja	0.333333
välillä	on	0.240000
välillä	ei	0.062222
välillä	ja	0.040000
välillä	saattaa	0.026667
välillä	oli	0.022222
välillä	tuntuu	0.017778
välillä	mutta	0.013333
välillä	niin	0.013333
välillä	jopa	0.013333
williams	on	0.333333
yhden	kauden	0.050360
yhden	päivän	0.050360
yhden	ihmisen	0.050360
yhden	ja	0.043165
yhden	aikaan	0.035971
yhden	kerran	0.035971
yhden	ottelun	0.035971
yhden	vuoden	0.028777
yhden	miehen	0.028777
yhden	maailman	0.028777
yhden	naisen	0.021583
yhden	henkilön	0.021583
yhden	hengen	0.021583
yhden	kiinan	0.021583
yhdestä	asiasta	0.315789
yhdestä	kahteen	0.157895
yhdistää	se	0.181818
yhteen	ja	0.115385
yhteistyötä	myös	0.111111
yhteistyötä	tehdään	0.088889
yhteistyötä	muun	0.066667
yhtään	mitään	0.113636
yhtään	uutta	0.068182
yksin	ja	0.089552
yksin	vaan	0.089552
yksin	riitä	0.059701
yksityiskohdat	ovat	0.800000
ymmärsi	että	0.250000
ympäri	maailmaa	0.267327
ympäri	vuoden	0.188119
ympäri	maailman	0.158416
ympäri	vuorokauden	0.099010
ympäri	maata	0.079208
ympäri	kaupunkia	0.069307
ympärille	ja	0.157895
ympärille	on	0.157895
yritetään	saada	0.156250
yritti	saada	0.122807
yritti	hakea	0.052632
yritti	auttaa	0.052632
yön	aikana	0.377778
yön	yli	0.177778
yön	jälkeen	0.111111
yön	ja	0.088889
ääneen	että	0.210526
ääneen	ja	0.157895
