一	関	0.181295
一	人	0.072646
一	番	0.061142
一	部	0.060929
一	度	0.051981
一	体	0.043886
一	時	0.034299
一	日	0.024925
一	気	0.023647
一	教	0.022369
一	年	0.020665
一	環	0.019599
一	口	0.015339
一	九	0.014487
一	応	0.014061
一	生	0.013634
一	郎	0.012995
一	定	0.012995
一	品	0.012143
一	言	0.011291
一	会	0.010013
一	地	0.009161
一	家	0.008735
一	回	0.008522
一	月	0.008308
一	本	0.008095
一	面	0.007456
一	発	0.006391
一	無	0.005539
一	風	0.005539
一	原	0.005326
一	二	0.005326
一	線	0.005326
一	大	0.005326
一	足	0.004900
一	目	0.004900
一	員	0.004687
一	流	0.004048
一	通	0.004048
一	味	0.003835
万	人	0.460808
万	全	0.092637
万	年	0.059382
万	引	0.023753
万	個	0.021378
万	本	0.019002
万	食	0.019002
万	能	0.019002
万	世	0.019002
万	点	0.016627
万	部	0.016627
万	一	0.016627
万	回	0.014252
万	時	0.014252
万	事	0.011876
万	三	0.011876
万	画	0.009501
万	石	0.007126
万	華	0.007126
万	別	0.007126
万	以	0.007126
万	平	0.007126
万	十	0.007126
万	通	0.007126
丈	二	0.416667
三	十	0.205511
三	年	0.070034
三	重	0.065442
三	日	0.049369
三	元	0.036739
三	世	0.030999
三	月	0.030999
三	原	0.025258
三	田	0.022962
三	千	0.022962
三	郎	0.020666
三	人	0.019518
三	味	0.018370
三	回	0.018370
三	者	0.017222
三	種	0.016073
三	国	0.016073
三	陸	0.014925
三	度	0.014925
三	丁	0.014925
三	時	0.013777
三	大	0.012629
三	本	0.011481
三	戸	0.010333
三	和	0.010333
三	分	0.010333
三	上	0.010333
三	代	0.008037
三	位	0.008037
三	島	0.006889
三	条	0.006889
三	宮	0.004592
三	山	0.004592
三	水	0.004592
三	役	0.004592
三	家	0.004592
三	平	0.004592
三	番	0.004592
三	屋	0.004592
三	共	0.003444
両	日	0.250526
両	国	0.233684
両	者	0.073684
両	親	0.065263
両	手	0.044211
両	立	0.033684
両	面	0.027368
両	党	0.025263
両	県	0.023158
両	選	0.012632
両	校	0.010526
両	団	0.010526
両	院	0.010526
両	社	0.008421
両	商	0.008421
両	大	0.008421
両	編	0.008421
両	町	0.006316
両	用	0.006316
両	部	0.006316
両	小	0.006316
両	論	0.006316
中	国	0.285676
中	学	0.147819
中	身	0.082122
中	華	0.054120
中	高	0.044157
中	止	0.038503
中	村	0.024233
中	山	0.017501
中	野	0.015617
中	小	0.011847
中	部	0.011309
中	間	0.010501
中	田	0.010232
中	東	0.009962
中	級	0.009155
中	川	0.008616
中	症	0.008347
中	原	0.007270
中	立	0.005654
中	島	0.005116
中	生	0.005116
中	期	0.005116
中	四	0.004577
中	世	0.004308
中	河	0.003770
中	南	0.003770
中	年	0.003770
中	力	0.003770
中	大	0.003500
中	本	0.003500
中	戦	0.003231
中	場	0.002962
中	地	0.002962
中	朝	0.002962
中	電	0.002962
中	日	0.002962
中	体	0.002962
中	的	0.002693
中	西	0.002423
中	谷	0.002423
乗	車	0.352941
乗	客	0.294118
乗	員	0.095588
乗	用	0.080882
乗	降	0.044118
乗	者	0.029412
乗	組	0.029412
九	州	0.407216
九	日	0.118557
九	年	0.067010
九	月	0.056701
九	十	0.046392
九	時	0.046392
九	九	0.041237
九	八	0.033505
九	四	0.020619
九	回	0.018041
九	二	0.018041
九	条	0.018041
九	人	0.018041
九	三	0.015464
九	五	0.010309
九	品	0.007732
九	一	0.007732
事	業	0.385096
事	実	0.126923
事	前	0.073558
事	情	0.038462
事	者	0.030769
事	的	0.028365
事	選	0.026442
事	項	0.024519
事	会	0.022596
事	演	0.017788
事	国	0.012019
事	面	0.010577
事	力	0.009135
事	中	0.008173
事	米	0.006731
事	組	0.005769
事	大	0.005769
事	場	0.005769
事	内	0.004327
事	現	0.004327
事	作	0.004327
事	補	0.004327
事	あ	0.003846
事	同	0.003365
事	関	0.003365
事	部	0.002885
事	象	0.002885
事	制	0.002885
事	上	0.002885
事	境	0.002885
事	体	0.002885
事	表	0.002404
事	由	0.002404
事	行	0.002404
事	処	0.002404
事	裁	0.002404
事	代	0.002404
事	第	0.002404
事	文	0.001923
事	休	0.001923
二	十	0.280037
二	人	0.055453
二	度	0.048059
二	郎	0.046211
二	年	0.045287
二	日	0.041590
二	月	0.036969
二	子	0.024030
二	島	0.023105
二	時	0.023105
二	千	0.020333
二	回	0.020333
二	三	0.019409
二	家	0.019409
二	八	0.018484
二	次	0.016636
二	本	0.015712
二	重	0.014787
二	二	0.014787
二	木	0.013863
二	一	0.012939
二	分	0.012015
二	五	0.010166
二	四	0.009242
二	種	0.008318
二	番	0.008318
二	代	0.008318
二	会	0.008318
二	部	0.007394
二	条	0.006470
二	世	0.005545
二	社	0.004621
二	元	0.004621
二	丁	0.004621
二	校	0.004621
二	館	0.004621
二	足	0.003697
二	小	0.003697
二	類	0.003697
二	町	0.003697
付	近	0.270588
付	属	0.247059
付	金	0.126471
付	式	0.064706
付	着	0.023529
付	社	0.017647
付	録	0.017647
付	県	0.017647
付	中	0.014706
付	山	0.014706
付	事	0.011765
付	者	0.011765
付	時	0.008824
付	書	0.008824
付	朝	0.008824
企	業	0.593674
企	画	0.406326
作	品	0.422197
作	業	0.199108
作	家	0.079197
作	戦	0.055215
作	成	0.049637
作	者	0.017847
作	文	0.016732
作	曲	0.013943
作	物	0.013385
作	製	0.012828
作	用	0.011154
作	中	0.005577
作	社	0.005577
作	権	0.005020
作	目	0.003346
作	放	0.003346
作	会	0.003346
作	風	0.002789
作	教	0.002789
作	動	0.002789
作	所	0.002789
作	画	0.002789
作	展	0.002231
作	ア	0.002231
作	機	0.002231
作	員	0.002231
作	様	0.002231
作	過	0.001673
作	山	0.001673
作	映	0.001673
作	村	0.001673
作	通	0.001673
作	係	0.001673
作	田	0.001673
作	作	0.001673
作	付	0.001673
係	者	0.628571
係	消	0.072381
係	機	0.060952
係	主	0.036190
係	第	0.030476
係	団	0.026667
係	強	0.022857
係	人	0.009524
係	数	0.007619
係	正	0.007619
係	あ	0.007619
係	部	0.007619
係	国	0.005714
係	省	0.005714
係	学	0.005714
係	指	0.005714
個	人	0.730271
個	入	0.067138
個	別	0.043581
個	体	0.034158
個	展	0.029446
個	あ	0.022379
個	分	0.010601
個	以	0.010601
個	数	0.008245
個	所	0.005889
個	食	0.004711
催	中	0.184615
催	者	0.158974
催	岩	0.076923
催	事	0.071795
催	地	0.041026
催	期	0.041026
催	団	0.041026
催	同	0.041026
催	日	0.030769
催	実	0.030769
催	時	0.030769
催	行	0.025641
催	決	0.015385
催	東	0.015385
催	朝	0.015385
党	中	0.208543
党	機	0.067839
党	員	0.065327
党	内	0.060302
党	県	0.052764
党	議	0.042714
党	大	0.040201
党	公	0.037688
党	共	0.037688
党	総	0.037688
党	派	0.030151
党	第	0.025126
党	会	0.017588
党	建	0.015075
党	現	0.012563
党	一	0.012563
党	本	0.012563
党	党	0.010050
党	推	0.010050
党	系	0.010050
党	両	0.010050
党	指	0.007538
党	制	0.007538
党	最	0.007538
党	関	0.007538
党	国	0.007538
党	時	0.007538
入	店	0.108350
入	学	0.089463
入	賞	0.087475
入	手	0.068588
入	場	0.065606
入	口	0.052684
入	力	0.051690
入	院	0.035785
入	館	0.033797
入	団	0.029821
入	国	0.028827
入	者	0.024851
入	社	0.019881
入	会	0.017893
入	金	0.017893
入	生	0.015905
入	園	0.014911
入	門	0.013917
入	港	0.012922
入	隊	0.012922
入	所	0.010934
入	品	0.010934
入	食	0.010934
入	可	0.010934
入	時	0.010934
入	選	0.009940
入	前	0.008946
入	念	0.008946
入	部	0.008946
入	観	0.007952
入	制	0.004970
入	谷	0.003976
入	間	0.003976
入	党	0.003976
入	後	0.002982
入	代	0.002982
入	源	0.002982
入	転	0.002982
入	信	0.002982
入	校	0.002982
全	国	0.324859
全	体	0.102754
全	然	0.076977
全	部	0.074153
全	員	0.060734
全	保	0.041314
全	力	0.038842
全	日	0.038136
全	面	0.032133
全	運	0.016949
全	身	0.016596
全	校	0.012359
全	店	0.012006
全	域	0.007415
全	開	0.006356
全	世	0.006356
全	対	0.006003
全	人	0.006003
全	線	0.005650
全	米	0.005297
全	安	0.004590
全	品	0.004237
全	土	0.004237
全	育	0.004237
全	会	0.003884
全	地	0.003531
全	種	0.003531
全	教	0.003178
全	関	0.002119
全	小	0.002119
全	文	0.002119
全	区	0.001766
全	的	0.001766
全	無	0.001766
全	制	0.001766
全	神	0.001766
全	県	0.001766
全	策	0.001766
全	利	0.001766
全	基	0.001412
内	外	0.123588
内	会	0.045904
内	部	0.043079
内	地	0.038842
内	各	0.031780
内	最	0.031073
内	全	0.021186
内	初	0.021186
内	信	0.021186
内	田	0.021186
内	観	0.019774
内	空	0.016949
内	商	0.016243
内	港	0.014831
内	在	0.014831
内	公	0.014831
内	入	0.014124
内	定	0.013418
内	企	0.013418
内	小	0.012712
内	開	0.012712
内	町	0.012006
内	産	0.012006
内	高	0.010593
内	病	0.009887
内	中	0.009181
内	科	0.009181
内	戦	0.009181
内	消	0.009181
内	総	0.008475
内	一	0.008475
内	線	0.008475
内	店	0.007768
内	事	0.007768
内	人	0.007768
内	調	0.007768
内	保	0.007062
内	通	0.007062
内	大	0.007062
内	有	0.007062
前	年	0.126677
前	回	0.121461
前	後	0.064829
前	半	0.058122
前	日	0.054396
前	中	0.038748
前	十	0.038003
前	向	0.029061
前	線	0.026826
前	進	0.023845
前	田	0.020119
前	売	0.017139
前	大	0.016393
前	期	0.014903
前	投	0.014158
前	一	0.014158
前	九	0.012668
前	広	0.011923
前	面	0.011923
前	身	0.011923
前	月	0.011177
前	作	0.011177
前	者	0.010432
前	浜	0.009687
前	代	0.009687
前	置	0.008942
前	商	0.008197
前	会	0.008197
前	知	0.006706
前	町	0.005961
前	高	0.005216
前	社	0.005216
前	米	0.004471
前	店	0.004471
前	編	0.004471
前	任	0.004471
前	教	0.004471
前	館	0.003726
前	当	0.003726
前	以	0.003726
創	業	0.250526
創	立	0.214737
創	造	0.160000
創	作	0.141053
創	生	0.073684
創	建	0.067368
創	部	0.025263
創	的	0.014737
創	発	0.012632
創	始	0.010526
創	期	0.006316
創	成	0.006316
力	強	0.142857
力	発	0.102453
力	的	0.089466
力	あ	0.051948
力	者	0.051948
力	隊	0.050505
力	作	0.043290
力	関	0.038961
力	向	0.021645
力	機	0.018759
力	不	0.014430
力	整	0.014430
力	行	0.014430
力	会	0.012987
力	戦	0.011544
力	団	0.010101
力	説	0.008658
力	商	0.008658
力	派	0.008658
力	投	0.008658
力	学	0.008658
力	供	0.008658
力	体	0.008658
力	化	0.007215
力	選	0.007215
力	量	0.007215
力	保	0.007215
力	自	0.005772
力	創	0.005772
力	開	0.005772
力	谷	0.004329
力	持	0.004329
力	小	0.004329
力	年	0.004329
力	大	0.004329
力	主	0.004329
力	ア	0.004329
力	制	0.004329
力	地	0.004329
力	山	0.004329
区	間	0.088768
区	域	0.076087
区	内	0.068841
区	高	0.061594
区	分	0.034420
区	定	0.034420
区	自	0.032609
区	民	0.028986
区	公	0.027174
区	別	0.027174
区	役	0.023551
区	子	0.023551
区	選	0.021739
区	中	0.019928
区	画	0.014493
区	大	0.014493
区	総	0.014493
区	防	0.012681
区	合	0.010870
区	議	0.010870
区	山	0.010870
区	安	0.010870
区	町	0.010870
区	地	0.009058
区	南	0.007246
区	東	0.007246
区	対	0.007246
区	制	0.007246
区	体	0.007246
区	第	0.007246
区	在	0.007246
区	外	0.007246
区	住	0.007246
区	社	0.007246
区	立	0.007246
区	代	0.007246
区	人	0.007246
区	広	0.005435
区	補	0.005435
区	石	0.005435
十	分	0.200766
十	五	0.142529
十	二	0.088123
十	一	0.079693
十	四	0.075862
十	三	0.057471
十	八	0.057471
十	年	0.045977
十	日	0.037548
十	人	0.028352
十	九	0.027586
十	時	0.021456
十	月	0.014559
十	種	0.011494
十	万	0.011494
十	数	0.011494
十	周	0.010728
十	代	0.009195
十	入	0.006130
十	十	0.006130
十	郎	0.006130
十	条	0.004598
十	文	0.003831
十	路	0.003831
十	本	0.003831
十	回	0.003065
十	店	0.002299
十	色	0.002299
十	組	0.002299
半	島	0.207770
半	分	0.177365
半	導	0.103041
半	年	0.092905
半	数	0.062500
半	世	0.050676
半	戦	0.050676
半	期	0.037162
半	身	0.025338
半	過	0.015203
半	日	0.015203
半	生	0.015203
半	開	0.013514
半	月	0.011824
半	個	0.008446
半	面	0.008446
半	田	0.008446
半	信	0.006757
半	後	0.006757
半	以	0.005068
半	部	0.005068
半	地	0.005068
半	前	0.005068
半	球	0.005068
半	同	0.005068
原	発	0.160523
原	因	0.109394
原	田	0.090369
原	則	0.063020
原	子	0.060642
原	料	0.042806
原	中	0.034483
原	作	0.034483
原	理	0.027348
原	町	0.026159
原	画	0.021403
原	点	0.017836
原	小	0.016647
原	大	0.013080
原	産	0.011891
原	地	0.011891
原	正	0.010702
原	野	0.009512
原	動	0.008323
原	神	0.007134
原	通	0.007134
原	始	0.007134
原	宮	0.007134
原	駅	0.005945
原	文	0.005945
原	風	0.005945
原	流	0.005945
原	状	0.004756
原	家	0.004756
原	体	0.004756
原	一	0.004756
原	城	0.004756
原	代	0.004756
原	店	0.004756
原	基	0.004756
原	会	0.004756
原	議	0.003567
原	社	0.003567
原	製	0.003567
原	高	0.003567
口	大	0.190871
口	県	0.082988
口	当	0.056708
口	東	0.044260
口	食	0.042877
口	座	0.033195
口	内	0.027663
口	駅	0.024896
口	銀	0.023513
口	話	0.023513
口	目	0.022130
口	南	0.017981
口	前	0.015214
口	線	0.015214
口	地	0.013831
口	付	0.013831
口	商	0.013831
口	店	0.012448
口	調	0.012448
口	情	0.011065
口	学	0.009682
口	観	0.009682
口	元	0.008299
口	西	0.006916
口	総	0.006916
口	小	0.006916
口	直	0.006916
口	あ	0.006916
口	初	0.006916
口	八	0.006916
口	高	0.005533
口	実	0.005533
口	信	0.005533
口	数	0.005533
口	日	0.005533
口	外	0.005533
口	伝	0.005533
口	約	0.005533
口	多	0.005533
口	問	0.005533
含	有	1.000000
呼	称	0.687500
呼	応	0.312500
団	体	0.654630
団	員	0.072222
団	子	0.042593
団	結	0.029630
団	地	0.024074
団	風	0.011111
団	千	0.010185
団	山	0.008333
団	主	0.007407
団	第	0.007407
団	公	0.006481
団	発	0.005556
団	会	0.004630
団	関	0.004630
団	団	0.004630
団	式	0.004630
団	接	0.003704
団	生	0.003704
団	事	0.003704
団	ア	0.003704
団	感	0.003704
団	理	0.002778
団	高	0.002778
団	朝	0.002778
団	制	0.002778
団	的	0.002778
団	回	0.002778
国	際	0.148849
国	家	0.089135
国	内	0.084766
国	民	0.077775
国	人	0.073696
国	大	0.034955
国	高	0.031751
国	会	0.030585
国	防	0.025925
国	産	0.023595
国	語	0.019516
国	立	0.019225
国	境	0.016895
国	的	0.013691
国	地	0.013691
国	各	0.013399
国	主	0.011069
国	土	0.009904
国	共	0.009321
国	間	0.008447
国	国	0.007865
国	外	0.006991
国	公	0.005243
国	解	0.005243
国	料	0.004369
国	中	0.004369
国	展	0.004369
国	同	0.004078
国	一	0.004078
国	九	0.004078
国	屋	0.004078
国	安	0.003787
国	営	0.003787
国	旅	0.003495
国	有	0.003495
国	製	0.003495
国	ア	0.003204
国	経	0.002913
国	選	0.002913
国	企	0.002913
園	児	0.218750
園	内	0.104167
園	球	0.055556
園	地	0.041667
園	町	0.036458
園	多	0.031250
園	体	0.024306
園	者	0.020833
園	路	0.017361
園	高	0.015625
園	山	0.013889
園	一	0.013889
園	武	0.013889
園	保	0.013889
園	通	0.012153
園	中	0.012153
園	前	0.012153
園	年	0.010417
園	式	0.010417
園	水	0.010417
園	城	0.010417
園	大	0.010417
園	周	0.010417
園	教	0.008681
園	口	0.008681
園	小	0.008681
園	風	0.008681
園	遺	0.008681
園	区	0.006944
園	園	0.006944
園	第	0.006944
園	東	0.006944
園	主	0.006944
園	都	0.006944
園	松	0.006944
園	生	0.005208
園	料	0.005208
園	駅	0.005208
園	事	0.005208
園	近	0.005208
域	住	0.186364
域	経	0.056818
域	社	0.052273
域	青	0.050000
域	医	0.038636
域	別	0.036364
域	防	0.036364
域	内	0.027273
域	外	0.022727
域	限	0.022727
域	同	0.020455
域	創	0.020455
域	公	0.018182
域	産	0.018182
域	文	0.018182
域	移	0.015909
域	役	0.015909
域	学	0.013636
域	共	0.013636
域	全	0.013636
域	強	0.013636
域	企	0.011364
域	商	0.011364
域	行	0.011364
域	情	0.011364
域	一	0.011364
域	元	0.011364
域	発	0.009091
域	間	0.009091
域	事	0.009091
域	変	0.009091
域	自	0.009091
域	団	0.009091
域	施	0.009091
域	安	0.006818
域	大	0.006818
域	運	0.006818
域	推	0.006818
基	本	0.656015
基	地	0.161654
基	金	0.056391
基	調	0.045113
基	選	0.033835
基	校	0.005639
基	点	0.005639
多	様	0.243478
多	数	0.172174
多	少	0.099130
多	世	0.074783
多	種	0.059130
多	分	0.050435
多	目	0.036522
多	文	0.027826
多	大	0.024348
多	発	0.017391
多	機	0.012174
多	川	0.012174
多	面	0.012174
多	田	0.012174
多	国	0.010435
多	過	0.010435
多	得	0.008696
多	駅	0.008696
多	野	0.008696
多	重	0.006957
多	感	0.006957
多	用	0.006957
多	可	0.005217
多	党	0.005217
多	村	0.005217
始	動	0.165468
始	時	0.136691
始	発	0.086331
始	前	0.064748
始	以	0.064748
始	業	0.057554
始	後	0.043165
始	日	0.043165
始	直	0.035971
始	者	0.028777
始	一	0.021583
定	食	0.138952
定	番	0.128322
定	期	0.122248
定	数	0.059226
定	的	0.047836
定	員	0.031891
定	戦	0.031131
定	者	0.025057
定	商	0.025057
定	着	0.024298
定	時	0.021260
定	書	0.018983
定	感	0.018223
定	年	0.017464
定	外	0.016705
定	住	0.015945
定	休	0.015186
定	点	0.012908
定	品	0.011390
定	通	0.009112
定	以	0.007593
定	化	0.007593
定	機	0.006074
定	会	0.005315
定	置	0.005315
定	内	0.005315
定	論	0.005315
定	所	0.005315
定	山	0.004556
定	供	0.004556
定	発	0.004556
定	技	0.003797
定	文	0.003037
定	調	0.003037
定	程	0.003037
定	公	0.003037
定	店	0.003037
定	式	0.003037
定	日	0.003037
定	ア	0.003037
家	族	0.441630
家	安	0.040749
家	電	0.035242
家	具	0.035242
家	主	0.028634
家	屋	0.027533
家	的	0.023128
家	計	0.017621
家	製	0.017621
家	人	0.016520
家	内	0.016520
家	系	0.014317
家	事	0.014317
家	元	0.012115
家	同	0.008811
家	住	0.007709
家	防	0.006608
家	経	0.006608
家	文	0.006608
家	山	0.005507
家	田	0.005507
家	建	0.005507
家	情	0.005507
家	公	0.005507
家	平	0.005507
家	日	0.005507
家	中	0.004405
家	吉	0.004405
家	間	0.004405
家	非	0.004405
家	向	0.003304
家	学	0.003304
家	正	0.003304
家	ア	0.003304
家	業	0.003304
家	発	0.003304
家	大	0.003304
家	共	0.003304
家	作	0.003304
家	あ	0.003304
小	野	0.438615
小	学	0.211991
小	中	0.062099
小	山	0.018915
小	田	0.018915
小	郡	0.018558
小	説	0.017488
小	川	0.016774
小	売	0.012848
小	児	0.012491
小	物	0.012134
小	企	0.011777
小	原	0.010350
小	屋	0.008922
小	名	0.007495
小	路	0.007495
小	岩	0.007495
小	松	0.007138
小	体	0.006067
小	正	0.005353
小	選	0.004996
小	島	0.004283
小	社	0.002855
小	西	0.002855
小	限	0.002498
小	一	0.002498
小	教	0.002498
小	校	0.002141
小	平	0.002141
小	金	0.002141
小	前	0.002141
小	町	0.001784
小	小	0.001784
小	間	0.001784
小	国	0.001784
小	食	0.001784
小	城	0.001784
小	分	0.001428
小	気	0.001428
小	手	0.001428
屋	外	0.142466
屋	台	0.090411
屋	内	0.073973
屋	上	0.073973
屋	町	0.046575
屋	松	0.035616
屋	着	0.027397
屋	食	0.027397
屋	初	0.024658
屋	大	0.024658
屋	建	0.021918
屋	山	0.016438
屋	あ	0.013699
屋	調	0.010959
屋	製	0.010959
屋	一	0.010959
屋	本	0.010959
屋	駅	0.010959
屋	味	0.008219
屋	創	0.008219
屋	公	0.008219
屋	総	0.008219
屋	系	0.008219
屋	清	0.008219
屋	半	0.008219
屋	銀	0.008219
屋	城	0.008219
屋	店	0.008219
屋	編	0.008219
屋	旅	0.008219
屋	発	0.008219
屋	書	0.008219
屋	神	0.008219
屋	太	0.008219
屋	自	0.008219
属	病	0.116883
属	山	0.103896
属	高	0.103896
属	製	0.090909
属	中	0.064935
属	現	0.064935
属	議	0.051948
属	品	0.038961
属	化	0.038961
属	作	0.038961
島	県	0.223183
島	第	0.091696
島	原	0.039792
島	小	0.036332
島	田	0.034602
島	地	0.032872
島	民	0.032872
島	内	0.031142
島	屋	0.031142
島	産	0.027682
島	平	0.017301
島	神	0.013841
島	周	0.013841
島	大	0.012111
島	国	0.012111
島	情	0.012111
島	南	0.012111
島	町	0.010381
島	駅	0.010381
島	区	0.010381
島	高	0.010381
島	初	0.010381
島	石	0.010381
島	和	0.008651
島	入	0.006920
島	中	0.006920
島	全	0.006920
島	付	0.006920
島	社	0.006920
島	一	0.005190
島	西	0.005190
島	最	0.005190
島	宮	0.005190
島	店	0.005190
島	東	0.005190
島	観	0.005190
島	組	0.005190
島	あ	0.005190
島	代	0.005190
島	村	0.005190
川	地	0.077951
川	県	0.075724
川	上	0.046771
川	町	0.045657
川	駅	0.028953
川	村	0.026726
川	小	0.026726
川	大	0.025612
川	西	0.024499
川	高	0.024499
川	家	0.024499
川	中	0.021158
川	野	0.017817
川	公	0.017817
川	店	0.017817
川	河	0.014477
川	前	0.013363
川	原	0.013363
川	学	0.013363
川	流	0.011136
川	東	0.011136
川	工	0.011136
川	在	0.010022
川	画	0.010022
川	内	0.008909
川	選	0.007795
川	賞	0.007795
川	知	0.007795
川	天	0.006682
川	社	0.006682
川	医	0.006682
川	下	0.006682
川	育	0.006682
川	空	0.006682
川	田	0.006682
川	南	0.006682
川	美	0.006682
川	周	0.006682
川	青	0.006682
川	神	0.006682
常	任	0.192420
常	化	0.099125
常	生	0.078717
常	時	0.078717
常	的	0.064140
常	国	0.037901
常	行	0.034985
常	事	0.034985
常	開	0.026239
常	気	0.023324
常	通	0.023324
常	利	0.023324
常	総	0.020408
常	日	0.020408
常	食	0.017493
常	世	0.017493
常	会	0.017493
常	店	0.011662
常	営	0.011662
常	運	0.011662
常	防	0.011662
常	分	0.008746
常	戦	0.008746
常	用	0.008746
常	議	0.008746
常	放	0.008746
常	料	0.008746
平	和	0.366899
平	成	0.120638
平	日	0.092722
平	選	0.054835
平	安	0.032901
平	野	0.028913
平	等	0.025922
平	年	0.018943
平	国	0.017946
平	川	0.017946
平	田	0.015952
平	城	0.013958
平	原	0.012961
平	時	0.011964
平	気	0.010967
平	山	0.010967
平	屋	0.008973
平	主	0.007976
平	面	0.006979
平	駅	0.006979
平	会	0.005982
平	常	0.005982
平	線	0.005982
平	地	0.004985
平	正	0.004985
平	中	0.003988
平	家	0.003988
平	得	0.003988
平	理	0.003988
平	西	0.002991
平	然	0.002991
平	平	0.002991
平	部	0.002991
年	度	0.208771
年	生	0.101645
年	間	0.098904
年	以	0.061444
年	前	0.060073
年	記	0.030379
年	代	0.023298
年	団	0.021699
年	後	0.018273
年	目	0.017588
年	金	0.017131
年	会	0.016674
年	始	0.015761
年	同	0.013933
年	中	0.012791
年	部	0.009593
年	大	0.009365
年	一	0.008908
年	最	0.007538
年	半	0.007081
年	初	0.006852
年	野	0.006624
年	少	0.006396
年	近	0.006396
年	比	0.005710
年	経	0.005025
年	開	0.004568
年	行	0.004568
年	ア	0.004568
年	創	0.004568
年	配	0.004340
年	発	0.004111
年	事	0.003883
年	内	0.003655
年	日	0.003426
年	山	0.003426
年	月	0.003426
年	次	0.003426
年	朝	0.003426
年	第	0.003198
庁	内	0.138462
庁	者	0.107692
庁	前	0.092308
庁	日	0.076923
庁	特	0.061538
庁	関	0.046154
庁	地	0.046154
度	目	0.127841
度	一	0.044034
度	食	0.041193
度	以	0.035511
度	県	0.034091
度	比	0.026989
度	月	0.025568
度	高	0.024148
度	第	0.022727
度	中	0.019886
度	当	0.017045
度	大	0.012784
度	言	0.012784
度	開	0.012784
度	数	0.011364
度	全	0.009943
度	実	0.009943
度	会	0.009943
度	定	0.009943
度	上	0.009943
度	前	0.009943
度	事	0.009943
度	合	0.009943
度	化	0.009943
度	防	0.008523
度	重	0.008523
度	決	0.008523
度	導	0.007102
度	向	0.007102
度	表	0.007102
度	入	0.007102
度	味	0.007102
度	的	0.007102
度	体	0.007102
度	使	0.007102
度	同	0.007102
度	調	0.007102
度	行	0.007102
度	来	0.007102
度	千	0.007102
強	化	0.340807
強	調	0.217489
強	制	0.156951
強	力	0.058296
強	引	0.023543
強	行	0.021300
強	風	0.020179
強	気	0.016816
強	会	0.015695
強	度	0.013453
強	入	0.013453
強	大	0.012332
強	火	0.008969
強	要	0.007848
強	国	0.006726
強	説	0.005605
強	権	0.005605
強	運	0.004484
強	ア	0.003363
強	体	0.003363
強	以	0.003363
強	情	0.003363
念	館	0.119403
念	山	0.114428
念	公	0.094527
念	事	0.094527
念	式	0.089552
念	品	0.059701
念	会	0.057214
念	日	0.052239
念	行	0.044776
念	大	0.037313
念	物	0.027363
念	写	0.024876
念	文	0.024876
念	発	0.012438
念	商	0.007463
念	企	0.007463
念	場	0.007463
念	報	0.007463
念	第	0.007463
念	賞	0.007463
戸	時	0.248804
戸	内	0.153110
戸	屋	0.066986
戸	田	0.062201
戸	朝	0.047847
戸	松	0.028708
戸	際	0.028708
戸	大	0.019139
戸	選	0.019139
戸	線	0.019139
戸	別	0.014354
戸	建	0.014354
戸	川	0.014354
戸	町	0.014354
戸	上	0.014354
所	属	0.281453
所	得	0.071336
所	有	0.062257
所	前	0.032425
所	消	0.029831
所	持	0.027237
所	青	0.022049
所	主	0.020752
所	本	0.020752
所	以	0.018158
所	存	0.016861
所	開	0.015564
所	在	0.015564
所	会	0.014267
所	女	0.014267
所	野	0.014267
所	作	0.010376
所	指	0.010376
所	業	0.009079
所	地	0.007782
所	内	0.007782
所	用	0.007782
所	山	0.006485
所	代	0.006485
所	南	0.006485
所	表	0.006485
所	電	0.006485
所	要	0.006485
所	産	0.005188
所	感	0.005188
所	者	0.005188
所	近	0.005188
所	第	0.005188
所	事	0.005188
所	目	0.005188
所	園	0.005188
所	高	0.005188
所	式	0.003891
所	中	0.003891
所	川	0.003891
投	入	0.333333
投	手	0.242857
投	開	0.190476
投	下	0.090476
投	球	0.052381
投	影	0.033333
投	足	0.023810
投	降	0.014286
放	送	0.369650
放	置	0.128405
放	流	0.116732
放	映	0.066148
放	火	0.062257
放	戦	0.058366
放	水	0.046693
放	感	0.046693
放	後	0.027237
放	面	0.011673
放	的	0.011673
料	理	0.612282
料	金	0.113657
料	館	0.046746
料	品	0.037580
料	無	0.015582
料	配	0.012832
料	名	0.010999
料	化	0.009166
料	別	0.008249
料	水	0.008249
料	開	0.005500
料	編	0.004583
料	不	0.004583
料	用	0.004583
料	公	0.003666
料	自	0.003666
料	電	0.003666
料	展	0.003666
料	送	0.003666
料	製	0.002750
料	ア	0.002750
料	的	0.002750
曜	日	0.819355
曜	行	0.058065
曜	土	0.019355
曜	休	0.019355
曜	定	0.019355
曲	家	0.145455
曲	第	0.090909
曲	線	0.090909
曲	調	0.054545
曲	送	0.054545
有	名	0.363777
有	権	0.078947
有	事	0.071207
有	料	0.046440
有	機	0.037152
有	力	0.035604
有	能	0.034056
有	数	0.034056
有	田	0.030960
有	形	0.029412
有	無	0.026316
有	国	0.024768
有	者	0.023220
有	利	0.021672
有	楽	0.015480
有	馬	0.012384
有	様	0.010836
有	用	0.009288
有	量	0.007740
有	病	0.007740
有	地	0.006192
有	物	0.004644
来	年	0.282120
来	場	0.190476
来	事	0.058401
来	月	0.044924
来	店	0.040431
来	上	0.038634
来	館	0.035040
来	的	0.032345
来	日	0.026954
来	園	0.015274
来	立	0.013477
来	地	0.010782
来	初	0.008985
来	庁	0.008985
来	客	0.008086
来	社	0.007188
来	最	0.007188
来	島	0.007188
来	構	0.007188
来	線	0.006289
来	校	0.005391
来	町	0.004492
来	光	0.004492
来	種	0.003594
来	学	0.003594
来	人	0.003594
来	あ	0.003594
来	本	0.002695
来	何	0.002695
来	創	0.002695
来	語	0.002695
来	約	0.002695
来	持	0.002695
来	外	0.002695
来	子	0.002695
来	四	0.002695
来	局	0.002695
来	関	0.002695
来	世	0.002695
来	共	0.002695
校	生	0.224589
校	野	0.165537
校	教	0.047435
校	児	0.028074
校	総	0.027106
校	選	0.027106
校	歌	0.022265
校	小	0.021297
校	内	0.019361
校	大	0.018393
校	中	0.017425
校	無	0.016457
校	時	0.016457
校	体	0.014521
校	区	0.013553
校	関	0.013553
校	山	0.010649
校	式	0.009681
校	則	0.009681
校	球	0.009681
校	合	0.008712
校	高	0.008712
校	創	0.007744
校	運	0.007744
校	一	0.007744
校	女	0.007744
校	部	0.005808
校	学	0.005808
校	記	0.005808
校	前	0.004840
校	日	0.004840
校	同	0.004840
校	初	0.004840
校	近	0.004840
校	駅	0.004840
校	事	0.004840
校	文	0.004840
校	保	0.003872
校	最	0.003872
校	後	0.003872
業	者	0.130188
業	界	0.069926
業	生	0.061399
業	所	0.060830
業	員	0.041501
業	時	0.035247
業	式	0.031268
業	団	0.028994
業	高	0.028994
業	後	0.026720
業	部	0.023309
業	施	0.020466
業	体	0.015350
業	計	0.014781
業	組	0.012507
業	中	0.012507
業	種	0.011939
業	経	0.011939
業	大	0.011370
業	用	0.010802
業	技	0.010233
業	家	0.009665
業	関	0.009665
業	化	0.009665
業	科	0.009096
業	会	0.007959
業	実	0.007959
業	推	0.007391
業	記	0.006822
業	日	0.006822
業	開	0.006822
業	遺	0.006822
業	安	0.006822
業	医	0.005685
業	着	0.005117
業	ア	0.005117
業	省	0.005117
業	当	0.005117
業	主	0.005117
業	戦	0.005117
構	成	0.531579
構	造	0.178947
構	内	0.097368
構	あ	0.031579
構	食	0.013158
構	文	0.010526
構	大	0.010526
構	通	0.007895
構	楽	0.007895
構	重	0.007895
構	高	0.007895
様	子	0.793201
様	化	0.031161
様	変	0.025496
様	式	0.016997
様	あ	0.008499
横	浜	0.462766
横	田	0.106383
横	山	0.074468
横	丁	0.058511
横	行	0.053191
横	手	0.042553
横	目	0.026596
横	町	0.026596
横	一	0.021277
横	約	0.015957
横	無	0.015957
横	川	0.015957
歌	山	0.278947
歌	劇	0.215789
歌	手	0.136842
歌	声	0.073684
歌	文	0.068421
歌	会	0.042105
歌	歌	0.026316
歌	合	0.026316
歌	人	0.021053
正	直	0.286017
正	月	0.102754
正	解	0.085805
正	式	0.058263
正	体	0.055085
正	面	0.051907
正	常	0.049788
正	当	0.041314
正	人	0.018008
正	和	0.010593
正	庁	0.010593
正	社	0.010593
正	教	0.009534
正	気	0.007415
正	時	0.007415
正	反	0.006356
正	日	0.006356
正	司	0.006356
正	英	0.006356
正	平	0.005297
正	器	0.005297
正	門	0.005297
正	化	0.005297
正	則	0.005297
正	大	0.004237
正	治	0.004237
正	論	0.004237
正	利	0.004237
正	太	0.004237
正	会	0.004237
正	外	0.004237
正	民	0.004237
正	実	0.004237
正	代	0.004237
正	配	0.004237
正	川	0.004237
正	念	0.003178
正	主	0.003178
正	後	0.003178
正	子	0.003178
死	者	0.586777
死	後	0.082645
死	体	0.057851
死	語	0.033058
死	回	0.024793
死	一	0.024793
民	主	0.164478
民	族	0.144465
民	党	0.105066
民	間	0.074422
民	地	0.058161
民	会	0.036273
民	団	0.028768
民	館	0.027517
民	生	0.027517
民	的	0.020638
民	家	0.019387
民	共	0.019387
民	文	0.013759
民	衆	0.012508
民	大	0.011882
民	劇	0.010006
民	経	0.010006
民	体	0.010006
民	運	0.009381
民	公	0.009381
民	民	0.009381
民	部	0.007505
民	有	0.006254
民	一	0.006254
民	保	0.005629
民	情	0.005629
民	事	0.005003
民	進	0.005003
民	谷	0.004378
民	日	0.004378
民	総	0.003752
民	社	0.003752
民	国	0.003752
民	解	0.003752
民	向	0.003752
民	派	0.003127
民	報	0.003127
民	権	0.003127
民	営	0.003127
民	参	0.003127
決	定	0.580851
決	済	0.108511
決	議	0.085106
決	策	0.040426
決	起	0.036170
決	着	0.027660
決	戦	0.023404
決	行	0.014894
決	選	0.012766
決	別	0.008511
決	山	0.008511
深	化	0.222222
深	川	0.148148
深	田	0.074074
深	入	0.055556
深	野	0.055556
深	地	0.055556
演	会	0.268102
演	説	0.170254
演	習	0.113503
演	者	0.082192
演	劇	0.078278
演	目	0.064579
演	技	0.043053
演	歌	0.015656
演	風	0.011742
演	実	0.009785
演	一	0.007828
演	団	0.007828
演	武	0.007828
演	山	0.007828
演	前	0.005871
演	後	0.005871
演	主	0.005871
火	大	0.132075
火	防	0.117925
火	事	0.099057
火	山	0.094340
火	曜	0.080189
火	星	0.070755
火	器	0.056604
火	入	0.033019
火	力	0.033019
火	線	0.028302
火	種	0.023585
火	付	0.014151
火	球	0.014151
火	口	0.014151
無	料	0.288038
無	理	0.088038
無	事	0.086124
無	人	0.075598
無	視	0.050718
無	限	0.042105
無	所	0.034450
無	形	0.030622
無	二	0.024880
無	投	0.020096
無	病	0.020096
無	関	0.017225
無	数	0.015311
無	念	0.012440
無	名	0.011483
無	量	0.011483
無	用	0.010526
無	知	0.009569
無	力	0.009569
無	論	0.008612
無	線	0.007656
無	条	0.007656
無	言	0.005742
無	休	0.004785
無	分	0.004785
無	実	0.004785
無	制	0.004785
無	能	0.003828
無	着	0.003828
無	得	0.003828
無	類	0.003828
無	電	0.003828
無	防	0.003828
無	火	0.003828
無	表	0.002871
無	後	0.002871
無	記	0.002871
無	期	0.002871
無	造	0.002871
無	味	0.002871
現	在	0.371051
現	場	0.093624
現	地	0.093050
現	代	0.084434
現	実	0.083860
現	状	0.083285
現	役	0.030442
現	象	0.029868
現	金	0.024124
現	時	0.018955
現	行	0.014934
現	度	0.010339
現	存	0.009765
現	化	0.005744
現	下	0.005169
現	校	0.002298
現	庁	0.002298
現	可	0.002298
現	力	0.002298
現	本	0.001723
環	境	0.955789
環	状	0.014737
環	太	0.010526
界	中	0.112754
界	的	0.099815
界	一	0.092421
界	平	0.081331
界	最	0.068392
界	遺	0.060998
界	各	0.055453
界	大	0.051756
界	観	0.038817
界	選	0.033272
界	初	0.027726
界	経	0.024030
界	文	0.022181
界	人	0.020333
界	日	0.018484
界	線	0.018484
界	島	0.012939
界	保	0.012939
界	情	0.009242
界	記	0.009242
界	関	0.007394
界	有	0.007394
界	食	0.007394
界	転	0.007394
界	全	0.005545
界	入	0.005545
界	非	0.005545
略	的	0.280702
略	戦	0.105263
略	国	0.043860
略	称	0.043860
略	原	0.043860
略	式	0.035088
略	防	0.026316
略	推	0.026316
略	者	0.026316
略	物	0.026316
知	事	0.455099
知	人	0.109589
知	県	0.066971
知	症	0.065449
知	名	0.056317
知	能	0.045662
知	度	0.022831
知	的	0.019787
知	中	0.015221
知	子	0.013699
知	朝	0.012177
知	数	0.010654
知	宮	0.010654
知	司	0.010654
知	川	0.009132
知	戦	0.009132
知	大	0.007610
知	機	0.006088
知	書	0.004566
知	多	0.004566
知	無	0.004566
神	社	0.273859
神	楽	0.159059
神	戸	0.082988
神	原	0.078838
神	事	0.049793
神	様	0.042877
神	田	0.040111
神	経	0.037344
神	的	0.035961
神	保	0.015214
神	話	0.013831
神	宮	0.012448
神	科	0.011065
神	大	0.006916
神	谷	0.006916
神	聖	0.005533
神	山	0.005533
神	学	0.005533
神	ア	0.004149
神	町	0.004149
神	面	0.004149
神	二	0.004149
神	西	0.004149
神	店	0.004149
科	学	0.521390
科	大	0.122995
科	省	0.061497
科	医	0.056150
科	書	0.056150
科	別	0.018717
科	会	0.016043
科	目	0.016043
科	教	0.010695
科	白	0.008021
科	保	0.008021
科	布	0.008021
程	度	0.938983
程	式	0.010169
種	類	0.760331
種	多	0.044077
種	目	0.035813
種	子	0.012397
種	別	0.011019
種	団	0.009642
種	大	0.006887
種	後	0.005510
種	以	0.004132
種	変	0.004132
種	球	0.004132
種	行	0.004132
種	取	0.004132
種	族	0.004132
立	場	0.145912
立	大	0.133333
立	地	0.069182
立	派	0.055346
立	民	0.046541
立	山	0.036478
立	体	0.033962
立	高	0.032704
立	小	0.027673
立	川	0.026415
立	中	0.017610
立	美	0.016352
立	病	0.016352
立	公	0.015094
立	総	0.012579
立	者	0.011321
立	学	0.011321
立	一	0.011321
立	水	0.011321
立	金	0.011321
立	後	0.010063
立	岩	0.010063
立	天	0.008805
立	国	0.008805
立	以	0.007547
立	医	0.007547
立	的	0.007547
立	運	0.007547
立	主	0.007547
立	千	0.007547
立	東	0.007547
立	平	0.006289
立	前	0.006289
立	記	0.005031
立	自	0.005031
立	実	0.003774
立	施	0.003774
立	区	0.003774
立	製	0.003774
立	店	0.003774
組	合	0.813953
組	員	0.019380
組	手	0.019380
組	立	0.015504
組	内	0.011628
組	制	0.011628
結	果	0.588483
結	構	0.123596
結	論	0.090590
結	局	0.080758
結	成	0.055478
結	力	0.009129
結	決	0.007022
結	式	0.005618
結	実	0.003511
結	後	0.002809
結	語	0.002809
結	編	0.002107
結	山	0.002107
結	城	0.002107
結	会	0.002107
続	可	0.256281
続	的	0.236181
続	無	0.055276
続	編	0.055276
続	投	0.030151
続	行	0.025126
続	発	0.020101
続	報	0.020101
続	感	0.015075
続	水	0.015075
続	表	0.015075
続	者	0.015075
続	会	0.015075
総	合	0.370136
総	会	0.233484
総	書	0.113122
総	裁	0.032579
総	理	0.026244
総	選	0.026244
総	体	0.020814
総	本	0.020814
総	代	0.019005
総	重	0.012670
総	力	0.011765
総	生	0.010860
総	省	0.009955
総	称	0.009050
総	数	0.009050
総	当	0.007240
総	事	0.006335
総	司	0.005430
総	局	0.005430
総	領	0.004525
総	決	0.004525
総	文	0.003620
総	主	0.003620
総	人	0.003620
総	面	0.002715
美	味	0.717737
美	術	0.126105
美	子	0.020625
美	大	0.014143
美	人	0.011196
美	町	0.008250
美	女	0.008250
美	化	0.007661
美	馬	0.007071
美	代	0.006482
美	少	0.005303
美	会	0.005303
美	深	0.004714
美	食	0.002946
美	和	0.002946
美	群	0.002357
美	園	0.002357
美	声	0.002357
美	地	0.002357
美	議	0.001768
美	山	0.001768
美	中	0.001768
美	登	0.001768
美	学	0.001768
美	知	0.001768
美	八	0.001768
聖	地	0.487500
聖	戦	0.087500
聖	書	0.087500
聖	光	0.037500
能	力	0.456026
能	界	0.035831
能	代	0.035831
能	実	0.032573
能	発	0.029316
能	登	0.026059
能	楽	0.022801
能	山	0.022801
能	不	0.022801
能	人	0.019544
能	動	0.016287
能	的	0.016287
能	付	0.013029
能	面	0.013029
能	自	0.013029
能	大	0.013029
能	団	0.013029
能	あ	0.013029
能	五	0.009772
能	競	0.009772
能	駅	0.009772
能	強	0.009772
能	島	0.009772
能	品	0.009772
能	者	0.009772
裁	者	0.119048
裁	体	0.119048
裁	裁	0.071429
裁	強	0.071429
裁	選	0.071429
製	造	0.456376
製	品	0.259508
製	作	0.172260
製	鉄	0.040268
製	本	0.011186
製	風	0.008949
製	工	0.006711
西	部	0.132258
西	和	0.112903
西	日	0.090323
西	村	0.066129
西	武	0.050000
西	消	0.043548
西	高	0.038710
西	東	0.035484
西	口	0.032258
西	田	0.027419
西	大	0.025806
西	中	0.016129
西	川	0.016129
西	小	0.016129
西	宮	0.016129
西	風	0.014516
西	地	0.014516
西	ア	0.014516
西	浜	0.014516
西	野	0.012903
西	南	0.012903
西	平	0.011290
西	松	0.011290
西	神	0.009677
西	万	0.008065
西	山	0.008065
西	限	0.006452
西	人	0.006452
西	国	0.006452
西	本	0.004839
西	条	0.004839
西	島	0.004839
西	光	0.004839
西	通	0.004839
西	発	0.004839
視	点	0.305825
視	察	0.194175
視	界	0.111650
視	野	0.092233
視	線	0.082524
視	力	0.033981
視	感	0.033981
視	化	0.019417
視	所	0.019417
視	庁	0.019417
言	葉	0.630662
言	及	0.130662
言	語	0.067944
言	動	0.036585
言	論	0.022648
言	説	0.013937
言	者	0.012195
言	実	0.010453
言	山	0.006969
言	文	0.006969
言	行	0.005226
論	文	0.118721
論	家	0.105023
論	会	0.105023
論	調	0.100457
論	付	0.073059
論	議	0.068493
論	理	0.068493
論	島	0.054795
論	大	0.041096
論	争	0.031963
論	点	0.022831
論	戦	0.022831
論	人	0.018265
論	者	0.018265
論	あ	0.018265
論	説	0.013699
警	察	0.687307
警	報	0.123839
警	団	0.055728
警	局	0.027864
警	本	0.021672
警	防	0.021672
警	護	0.015480
警	視	0.012384
警	機	0.009288
警	保	0.009288
谷	川	0.120430
谷	高	0.090323
谷	総	0.086022
谷	選	0.075269
谷	町	0.062366
谷	地	0.060215
谷	口	0.047312
谷	線	0.038710
谷	区	0.030108
谷	駅	0.023656
谷	店	0.021505
谷	合	0.017204
谷	公	0.015054
谷	本	0.015054
谷	田	0.010753
谷	経	0.010753
谷	大	0.008602
谷	野	0.008602
谷	社	0.008602
谷	山	0.008602
谷	あ	0.008602
谷	産	0.008602
谷	医	0.006452
谷	小	0.006452
谷	陸	0.006452
谷	谷	0.006452
谷	正	0.006452
谷	中	0.006452
谷	理	0.006452
象	台	0.237443
象	的	0.228311
象	者	0.073059
象	庁	0.054795
象	外	0.041096
象	深	0.036530
象	店	0.031963
象	商	0.031963
象	年	0.031963
象	神	0.022831
象	作	0.018265
象	地	0.018265
象	画	0.013699
象	付	0.013699
象	条	0.013699
路	線	0.437722
路	上	0.099644
路	面	0.085409
路	地	0.071174
路	選	0.024911
路	整	0.017794
路	駅	0.014235
路	食	0.014235
路	事	0.014235
路	環	0.010676
路	王	0.010676
路	横	0.010676
身	近	0.262295
身	体	0.209836
身	者	0.091803
身	地	0.042623
身	分	0.036066
身	全	0.026230
身	構	0.026230
身	内	0.026230
身	事	0.022951
身	動	0.019672
身	大	0.016393
身	元	0.016393
身	会	0.013115
身	初	0.009836
身	共	0.009836
転	車	0.337539
転	手	0.208202
転	生	0.129338
転	入	0.028391
転	売	0.022082
転	事	0.018927
転	三	0.015773
転	機	0.015773
転	校	0.015773
転	者	0.015773
転	用	0.015773
転	競	0.012618
転	載	0.012618
転	再	0.009464
転	体	0.009464
転	中	0.009464
転	直	0.009464
転	任	0.009464
転	期	0.009464
載	山	0.202128
載	音	0.148936
載	中	0.063830
載	機	0.053191
載	一	0.053191
載	可	0.042553
載	初	0.031915
載	第	0.031915
載	家	0.031915
載	記	0.031915
郎	会	0.178862
郎	系	0.146341
郎	代	0.056911
郎	公	0.040650
郎	社	0.032520
郎	伝	0.032520
郎	電	0.032520
郎	施	0.032520
郎	賞	0.024390
郎	理	0.024390
郎	校	0.024390
郎	議	0.024390
部	分	0.106563
部	門	0.089233
部	屋	0.071534
部	地	0.040192
部	隊	0.038717
部	会	0.037242
部	中	0.026549
部	日	0.026549
部	員	0.023968
部	商	0.023230
部	高	0.021386
部	山	0.021018
部	西	0.018068
部	工	0.016962
部	総	0.016593
部	空	0.013643
部	小	0.013274
部	大	0.011431
部	下	0.011431
部	食	0.011062
部	体	0.010693
部	店	0.010693
部	類	0.009956
部	ア	0.008481
部	品	0.008481
部	科	0.008481
部	位	0.007743
部	警	0.007375
部	観	0.007006
部	国	0.005900
部	文	0.005531
部	次	0.005531
部	線	0.005162
部	港	0.005162
部	美	0.005162
部	族	0.005162
部	主	0.005162
部	社	0.004794
部	土	0.004794
部	付	0.004794
都	内	0.332689
都	合	0.073501
都	宮	0.071567
都	会	0.065764
都	中	0.040619
都	議	0.029014
都	知	0.029014
都	大	0.023211
都	営	0.021277
都	港	0.019342
都	本	0.017408
都	千	0.015474
都	庁	0.015474
都	度	0.013540
都	民	0.013540
都	町	0.011605
都	田	0.011605
都	駅	0.009671
都	朝	0.009671
都	高	0.007737
都	発	0.007737
都	総	0.007737
都	在	0.007737
都	人	0.005803
都	行	0.005803
都	青	0.005803
都	台	0.005803
都	名	0.005803
都	清	0.005803
重	要	0.466765
重	視	0.096012
重	大	0.067947
重	量	0.064993
重	点	0.050222
重	県	0.041359
重	山	0.023634
重	症	0.020679
重	機	0.019202
重	度	0.013294
重	力	0.011817
重	品	0.010340
重	工	0.010340
重	計	0.008863
重	同	0.007386
重	成	0.004431
重	馬	0.004431
重	和	0.004431
重	谷	0.004431
金	正	0.180153
金	色	0.053435
金	曜	0.051908
金	日	0.050382
金	子	0.048855
金	属	0.045802
金	賞	0.042748
金	利	0.021374
金	運	0.019847
金	会	0.018321
金	南	0.015267
金	総	0.013740
金	持	0.013740
金	山	0.013740
金	時	0.013740
金	制	0.013740
金	町	0.013740
金	成	0.012214
金	田	0.010687
金	東	0.010687
金	村	0.009160
金	大	0.009160
金	問	0.007634
金	華	0.007634
金	太	0.007634
金	石	0.007634
金	本	0.007634
金	星	0.006107
金	具	0.006107
金	次	0.006107
金	事	0.006107
金	比	0.006107
金	土	0.004580
金	銀	0.004580
金	付	0.004580
金	体	0.004580
金	一	0.004580
金	任	0.004580
金	聖	0.004580
金	的	0.004580
門	店	0.374539
門	家	0.160517
門	学	0.071956
門	神	0.047970
門	前	0.046125
門	松	0.035055
門	別	0.018450
門	部	0.016605
門	事	0.016605
門	的	0.016605
門	医	0.011070
門	戸	0.009225
門	賞	0.009225
門	知	0.009225
門	本	0.007380
門	近	0.005535
門	教	0.005535
門	間	0.005535
門	山	0.005535
関	係	0.595313
関	東	0.150728
関	西	0.066498
関	地	0.020266
関	文	0.013300
関	駅	0.010766
関	商	0.010766
関	国	0.008866
関	工	0.008866
関	学	0.008233
関	団	0.007600
関	前	0.006333
関	平	0.005066
関	車	0.005066
関	口	0.005066
関	一	0.005066
関	門	0.003800
関	高	0.003800
関	気	0.003167
関	大	0.003167
関	青	0.003167
関	取	0.002533
関	谷	0.002533
関	民	0.001900
関	当	0.001900
関	信	0.001900
関	町	0.001900
関	南	0.001900
陸	上	0.508380
陸	間	0.111732
陸	自	0.072626
陸	地	0.067039
陸	前	0.039106
陸	路	0.027933
陸	作	0.022346
陸	中	0.016760
陸	続	0.016760
青	商	0.325301
青	年	0.283133
青	少	0.124498
青	木	0.056225
青	空	0.056225
青	山	0.034137
青	果	0.026104
青	色	0.014056
青	員	0.012048
青	葉	0.010040
青	東	0.006024
青	千	0.006024
非	常	0.664141
非	公	0.065657
非	同	0.042929
非	日	0.025253
非	正	0.020202
非	行	0.017677
非	売	0.012626
非	人	0.012626
非	対	0.010101
非	情	0.010101
非	合	0.010101
非	ア	0.007576
非	保	0.007576
非	接	0.007576
響	楽	0.321429
響	力	0.321429
響	曲	0.089286
項	目	0.935065
食	感	0.233838
食	品	0.220083
食	事	0.170564
食	店	0.096286
食	料	0.048831
食	屋	0.016506
食	生	0.016506
食	器	0.015818
食	業	0.015131
食	育	0.015131
食	後	0.013755
食	用	0.013067
食	会	0.013067
食	物	0.012380
食	文	0.010316
食	中	0.007565
食	あ	0.006878
食	味	0.004814
食	産	0.004814
食	分	0.004814
食	入	0.004127
食	限	0.004127
食	通	0.003439
食	代	0.002063
食	住	0.002063
食	付	0.002063
食	九	0.002063
食	前	0.002063
食	大	0.002063
食	小	0.002063
