adam	og	0.160000
afa	síns	0.312500
afa	sínum	0.250000
afhverju	hún	0.500000
afi	hans	0.800000
afl	sem	0.176471
afl	í	0.147059
afl	og	0.117647
afl	var	0.117647
aftan	á	0.315789
aftan	við	0.175439
aftan	að	0.070175
aftan	frá	0.052632
aftan	í	0.052632
aftan	til	0.052632
aftast	í	0.454545
aftast	á	0.272727
aldir	en	0.135135
aldir	og	0.135135
aldir	verið	0.081081
aldir	upp	0.081081
aldir	í	0.081081
alexander	er	0.085714
alexander	lést	0.085714
alice	in	0.230769
allar	þessar	0.093407
allar	eru	0.060440
allar	tegundir	0.049451
allar	þær	0.032967
allar	eigur	0.027473
allar	helstu	0.027473
allar	á	0.027473
allar	í	0.027473
allar	breytingar	0.021978
allar	með	0.021978
allar	slíkar	0.021978
allar	þrjár	0.021978
allar	konur	0.021978
allar	áttir	0.021978
allar	upplýsingar	0.016484
allar	voru	0.016484
allar	hreyfingar	0.016484
allar	af	0.016484
alls	ekki	0.137313
alls	staðar	0.098507
alls	konar	0.077612
alls	eru	0.068657
alls	kyns	0.059701
alls	voru	0.032836
alls	um	0.026866
alls	hafa	0.026866
alls	sinnum	0.023881
alls	er	0.023881
alls	starfa	0.020896
alls	og	0.014925
alls	fimm	0.011940
alls	hefur	0.011940
alls	létust	0.011940
alls	var	0.011940
alls	milljónir	0.011940
alls	manns	0.008955
alls	komu	0.008955
alls	átta	0.008955
alls	kostar	0.008955
alls	sjö	0.008955
alls	landsins	0.008955
alls	þessa	0.008955
alls	mörk	0.008955
alls	tíu	0.008955
alls	þúsund	0.008955
an	og	0.230769
anda	og	0.307692
anda	í	0.115385
andlega	og	0.375000
andlit	og	0.142857
andliti	og	0.800000
andy	að	0.210526
andy	í	0.210526
annast	hann	0.214286
augu	og	0.288462
augu	hans	0.115385
augu	við	0.115385
aðrir	telja	0.068027
aðrir	voru	0.061224
aðrir	sem	0.054422
aðrir	en	0.047619
aðrir	hafa	0.047619
aðrir	eru	0.040816
aðrir	í	0.040816
aðrir	íbúar	0.034014
aðrir	starfsmenn	0.034014
aðrir	ekki	0.027211
aðrir	helstu	0.020408
aðrir	þrír	0.020408
aðrir	fuglar	0.020408
aðrir	geti	0.020408
bak	við	0.698113
bak	aftur	0.103774
bak	og	0.094340
bana	í	0.175000
bana	og	0.125000
bana	af	0.100000
bana	á	0.100000
bana	þegar	0.075000
bandamenn	í	0.150000
bandamenn	þeirra	0.125000
bandamenn	hans	0.125000
bandamenn	og	0.075000
bandaríkin	og	0.215385
bandaríkin	að	0.046154
bandaríkin	en	0.046154
bandaríkin	til	0.046154
bandaríkin	voru	0.046154
bandaríkin	sem	0.046154
bar	sigur	0.070922
bar	hann	0.070922
bar	titilinn	0.063830
bar	nafnið	0.063830
bar	að	0.056738
bar	á	0.042553
bar	ábyrgð	0.042553
bar	ekki	0.035461
bar	vitni	0.035461
bar	nafn	0.028369
bar	við	0.028369
bar	saman	0.021277
bar	fyrir	0.021277
bar	það	0.021277
bar	þó	0.021277
bardaga	við	0.195652
bardaga	milli	0.130435
bardaga	og	0.086957
bardaga	á	0.065217
barnið	er	0.096154
barnið	í	0.057692
barnið	sé	0.057692
barnið	að	0.057692
beinni	útsendingu	0.520000
beinni	línu	0.160000
beint	í	0.158940
beint	á	0.145695
beint	til	0.086093
beint	að	0.079470
beint	inn	0.039735
beint	undir	0.039735
beint	úr	0.039735
beint	af	0.033113
beint	upp	0.033113
beint	eða	0.033113
beint	yfir	0.026490
beint	frá	0.026490
beint	og	0.026490
beint	ofan	0.026490
beint	áfram	0.019868
beint	út	0.019868
beint	aftur	0.019868
beint	en	0.019868
beint	við	0.019868
benda	til	0.563107
benda	á	0.252427
benda	þó	0.058252
berja	niður	0.214286
berja	á	0.214286
berst	við	0.216667
berst	með	0.100000
berst	gegn	0.083333
berst	í	0.083333
berst	fyrir	0.066667
berst	um	0.050000
berst	frá	0.050000
berst	svo	0.050000
bil	km	0.060811
bil	á	0.047297
bil	af	0.040541
bil	til	0.033784
bil	tegundir	0.027027
bil	manns	0.027027
bil	metra	0.027027
bil	að	0.027027
bil	einn	0.027027
bil	tíu	0.027027
bil	þúsund	0.027027
bil	milljónir	0.027027
bil	ár	0.027027
bil	sem	0.020270
bil	milli	0.020270
bil	árum	0.020270
bili	og	0.375000
birta	greinar	0.200000
birta	grein	0.150000
birtast	á	0.239130
birtast	í	0.217391
birtast	aftur	0.065217
bjargar	þeim	0.150000
bjargar	henni	0.150000
bjargar	en	0.150000
björn	var	0.100000
björn	og	0.085714
björn	er	0.071429
björn	í	0.057143
björn	hafi	0.057143
black	joe	0.222222
blanda	af	0.383333
blanda	saman	0.166667
blanda	sér	0.083333
blása	til	0.166667
blása	lofti	0.166667
blása	út	0.166667
blátt	og	0.454545
blátt	áfram	0.363636
boltann	og	0.181818
boltann	í	0.136364
boltinn	er	0.200000
boltinn	lendir	0.200000
borgara	og	0.230769
borgara	sem	0.153846
borgarinnar	er	0.166667
borgarinnar	eru	0.137255
borgarinnar	og	0.078431
borgarinnar	í	0.063725
borgarinnar	sem	0.053922
borgarinnar	voru	0.039216
borgarinnar	en	0.029412
borgarinnar	á	0.024510
borgarinnar	með	0.019608
borgarinnar	að	0.019608
borgarinnar	um	0.019608
borgarinnar	við	0.019608
borgarinnar	til	0.019608
borgarinnar	var	0.019608
borgarinnar	enn	0.014706
borgin	er	0.285294
borgin	var	0.114706
borgin	í	0.050000
borgin	hét	0.038235
borgin	hefur	0.032353
borgin	á	0.029412
borgin	varð	0.029412
borgin	liggur	0.023529
borgin	stendur	0.023529
borgin	sem	0.017647
borgin	og	0.014706
borgin	við	0.014706
borgin	dregur	0.011765
borgin	heitir	0.008824
borgin	kom	0.008824
borgin	nær	0.008824
borgin	verið	0.008824
borinn	saman	0.315789
borinn	á	0.157895
borinn	fram	0.157895
brasilíu	og	0.305556
brasilíu	er	0.083333
brasilíu	í	0.083333
bregst	við	0.250000
breytast	í	0.281250
breyting	á	0.463415
breyting	er	0.097561
breyting	var	0.073171
breytt	í	0.445415
breytt	og	0.074236
breytt	um	0.056769
breytt	með	0.034934
breytt	þannig	0.034934
breytt	á	0.030568
breytt	frá	0.030568
breytt	til	0.026201
breytt	úr	0.026201
breytt	yfir	0.013100
breytt	svo	0.013100
breytt	því	0.013100
bréfin	eru	0.272727
bróður	sínum	0.315789
bróður	sinn	0.210526
bróður	síns	0.142857
bróður	hans	0.135338
bróður	sem	0.030075
bróður	og	0.022556
bróður	hennar	0.022556
bug	á	0.833333
bundinn	við	0.347826
bundinn	á	0.173913
bundinn	í	0.130435
burtu	frá	0.225806
burtu	og	0.193548
byggist	á	0.781818
byrjun	árs	0.169355
byrjun	ársins	0.096774
byrjun	var	0.056452
byrjun	maí	0.040323
byrjun	ágúst	0.040323
byrjun	er	0.040323
byrjun	áttunda	0.040323
byrjun	júní	0.032258
byrjun	og	0.032258
byrjun	apríl	0.032258
byrjun	þess	0.024194
byrjun	desember	0.024194
byrjun	hvers	0.024194
byrjun	janúar	0.024194
báðir	foreldrar	0.098592
báðir	voru	0.056338
báðir	í	0.056338
báðir	á	0.056338
báðir	þessir	0.042254
báðir	eru	0.042254
báðir	af	0.042254
báðir	mjög	0.042254
bækurnar	eru	0.232558
bækurnar	um	0.116279
bænir	og	0.300000
bænum	og	0.205479
bænum	er	0.109589
bænum	sem	0.054795
bænum	en	0.054795
bænum	í	0.041096
bænum	að	0.041096
bær	er	0.119048
bær	og	0.119048
bær	sem	0.095238
bær	í	0.095238
bær	á	0.071429
bær	við	0.071429
bæta	við	0.304762
bæta	stöðu	0.066667
bæta	úr	0.047619
bæta	upp	0.038095
bæta	og	0.038095
bæta	inn	0.028571
bæta	samskipti	0.028571
bæta	fyrir	0.028571
bæta	samband	0.028571
bíl	sem	0.269231
bíl	og	0.115385
bíla	og	0.269231
bíla	sem	0.230769
bíla	með	0.115385
bíta	í	0.250000
bú	hans	0.230769
búin	að	0.509091
búin	til	0.327273
búin	eru	0.054545
búnir	að	0.470588
búnir	til	0.235294
búnir	og	0.088235
býr	í	0.239669
býr	til	0.198347
býr	á	0.082645
býr	yfir	0.066116
býr	við	0.033058
býr	enn	0.024793
býr	hjá	0.024793
býr	nú	0.024793
býr	og	0.024793
cameron	sagði	0.200000
chicago	og	0.150000
city	of	0.100000
city	og	0.100000
city	sem	0.100000
city	þar	0.100000
claire	og	0.750000
d	í	0.071217
d	og	0.050445
d	að	0.041543
d	á	0.035608
d	þegar	0.023739
d	við	0.023739
d	með	0.023739
d	c	0.020772
d	sem	0.017804
d	er	0.017804
d	ef	0.017804
d	vegna	0.017804
d	úr	0.014837
d	eru	0.011869
d	verið	0.011869
d	um	0.011869
d	til	0.011869
d	hjá	0.011869
d	af	0.011869
d	var	0.008902
d	fyrir	0.008902
d	ekki	0.008902
d	eftir	0.008902
d	það	0.008902
d	a	0.008902
d	s	0.008902
d	þá	0.008902
d	bara	0.008902
d	hann	0.008902
d	fram	0.008902
dagar	og	0.210526
dagar	þar	0.157895
dagar	í	0.157895
dagsins	ljós	0.468085
dagsins	í	0.404255
dagur	er	0.107143
dans	og	0.590909
deild	og	0.187739
deild	karla	0.126437
deild	með	0.080460
deild	kvenna	0.072797
deild	í	0.065134
deild	en	0.053640
deild	á	0.049808
deild	ásamt	0.034483
deild	sem	0.034483
deild	eftir	0.034483
deild	innan	0.019157
deild	breska	0.019157
deild	þar	0.015326
deild	eða	0.015326
deild	til	0.011494
deild	án	0.011494
deild	um	0.011494
detta	út	0.307692
dettur	í	0.250000
deyja	út	0.100000
deyja	fyrir	0.100000
deyja	í	0.100000
deyja	úr	0.100000
deyja	á	0.075000
dollara	í	0.243902
dollara	til	0.146341
dollara	og	0.121951
dollara	fyrir	0.121951
dollara	á	0.073171
douglas	og	0.250000
dreng	sem	0.300000
drepin	af	0.705882
drepin	í	0.176471
drepinn	af	0.431373
drepinn	í	0.156863
drepinn	á	0.078431
drepinn	með	0.058824
drepur	hana	0.230769
drepur	hann	0.153846
dreyma	um	0.875000
dvelja	í	0.294118
dvelja	á	0.294118
dæmigert	fyrir	0.600000
efast	um	0.687500
efst	á	0.326923
efst	í	0.182692
efst	er	0.134615
efst	og	0.105769
efst	til	0.086538
efst	eru	0.028846
eftirlit	með	0.823529
egg	í	0.146341
egg	og	0.097561
egg	á	0.073171
egg	til	0.073171
egg	eru	0.073171
eiginkonu	sinni	0.489796
eiginkonu	hans	0.204082
eiginkonu	sína	0.081633
eiginkonu	sinnar	0.061224
eign	sem	0.178571
eignast	börn	0.160714
eignast	fjölskyldu	0.089286
eignast	son	0.071429
eignast	vini	0.053571
ein	af	0.353191
ein	og	0.055319
ein	sú	0.053191
ein	helsta	0.038298
ein	þeirra	0.038298
ein	tegund	0.034043
ein	stærsta	0.031915
ein	fyrsta	0.019149
ein	kona	0.017021
ein	mikilvægasta	0.014894
ein	í	0.014894
ein	leið	0.012766
ein	að	0.010638
ein	besta	0.010638
ein	eða	0.010638
ein	til	0.010638
ein	mesta	0.010638
ein	fyrir	0.008511
ein	á	0.008511
ein	eftir	0.006383
ein	stór	0.006383
ein	hin	0.006383
ein	kenning	0.006383
ein	klukkustund	0.006383
ein	síðasta	0.006383
ein	allra	0.006383
ein	mest	0.006383
einbeita	sér	1.000000
einföld	og	0.272727
einföld	að	0.136364
einhverju	leyti	0.436620
einhverju	marki	0.140845
einhverju	tagi	0.070423
einhverju	sinni	0.056338
einhverju	sem	0.042254
eitthvað	sem	0.164103
eitthvað	sé	0.123077
eitthvað	er	0.061538
eitthvað	annað	0.056410
eitthvað	af	0.051282
eitthvað	um	0.041026
eitthvað	á	0.041026
eitthvað	í	0.030769
eitthvað	að	0.030769
eitthvað	til	0.015385
eitthvað	fyrir	0.015385
eitthvað	ákveðið	0.015385
eitthvað	við	0.015385
ekkert	varð	0.089552
ekkert	er	0.077612
ekkert	annað	0.059701
ekkert	vitað	0.050746
ekkert	af	0.038806
ekkert	að	0.032836
ekkert	með	0.026866
ekkert	í	0.026866
ekkert	þeirra	0.026866
ekkert	og	0.020896
ekkert	var	0.020896
ekkert	á	0.020896
ekkert	um	0.017910
ekkert	en	0.014925
ekkert	við	0.011940
ekkert	sem	0.011940
ekkert	væri	0.011940
ekkert	eftir	0.008955
ekkert	ríki	0.008955
ekkert	hægt	0.008955
ekkert	slíkt	0.008955
ekkert	gert	0.008955
ekkert	horn	0.008955
ekkert	hefur	0.008955
ekkert	mark	0.008955
ekkert	úr	0.008955
ekkert	til	0.008955
ekkert	sérstaklega	0.008955
eldi	á	0.250000
eldi	og	0.125000
eldi	í	0.125000
eldinn	og	0.272727
eldinn	í	0.272727
eldri	en	0.197970
eldri	og	0.096447
eldri	bróður	0.076142
eldri	systur	0.055838
eldri	bróðir	0.045685
eldri	systir	0.030457
eldri	var	0.030457
eldri	lögum	0.025381
eldri	gerðir	0.020305
eldri	sem	0.015228
eldri	tré	0.015228
eldri	er	0.015228
eldri	borgara	0.015228
eldri	eru	0.015228
elskar	hana	0.454545
eltir	hana	0.266667
em	í	0.260870
em	og	0.217391
em	var	0.217391
en	hann	0.060566
en	það	0.059626
en	í	0.037619
en	ekki	0.035079
en	hún	0.033575
en	á	0.026051
en	þá	0.023606
en	þeir	0.021819
en	einnig	0.019374
en	var	0.019186
en	þar	0.018809
en	þau	0.017869
en	að	0.015988
en	er	0.015800
en	þó	0.015612
en	þegar	0.015424
en	eftir	0.011850
en	þær	0.011003
en	áður	0.010345
en	hefur	0.008934
en	um	0.008746
en	með	0.008652
en	til	0.007148
en	sú	0.006771
en	eru	0.006207
en	nú	0.005455
en	sá	0.005361
en	aðrir	0.005173
en	aðeins	0.005079
en	við	0.004796
en	varð	0.004608
en	síðar	0.004608
en	ef	0.004514
en	þetta	0.004232
en	fyrir	0.004232
en	síðan	0.004232
en	önnur	0.004138
en	vegna	0.003950
en	svo	0.003762
en	hafði	0.003762
enda	var	0.150000
enda	á	0.106000
enda	er	0.098000
enda	eru	0.036000
enda	þótt	0.032000
enda	hafði	0.030000
enda	voru	0.028000
enda	hafa	0.020000
enda	með	0.012000
enda	í	0.012000
enda	átti	0.012000
enda	um	0.008000
enda	fór	0.006000
enda	væru	0.006000
enda	mikið	0.006000
enda	mikil	0.006000
enda	þau	0.006000
enda	varð	0.006000
enda	margir	0.006000
enda	ársins	0.006000
enda	og	0.006000
enda	sem	0.006000
enda	ekki	0.006000
enda	telja	0.006000
enda	hefur	0.006000
endi	á	0.625000
engir	aðrir	0.250000
ennþá	í	0.117647
ennþá	er	0.098039
ennþá	til	0.078431
ennþá	með	0.058824
ensku	og	0.207207
ensku	er	0.144144
ensku	en	0.054054
ensku	var	0.045045
ensku	í	0.036036
ensku	kallast	0.027027
ensku	fyrir	0.027027
ensku	frönsku	0.027027
ensku	að	0.027027
ensku	frá	0.027027
er	að	0.105672
er	í	0.048286
er	ekki	0.027632
er	um	0.026795
er	á	0.026348
er	það	0.022664
er	með	0.020933
er	einnig	0.019091
er	hann	0.017193
er	hægt	0.016747
er	mjög	0.014737
er	til	0.014067
er	þó	0.013676
er	oft	0.012393
er	því	0.011053
er	hún	0.010941
er	nú	0.010606
er	vitað	0.009601
er	enn	0.008987
er	ein	0.007983
er	af	0.007871
er	við	0.007257
er	einn	0.007034
er	frá	0.006699
er	eitt	0.006699
er	yfirleitt	0.006420
er	líka	0.006308
er	þar	0.006252
er	svo	0.005973
er	notað	0.005973
er	talinn	0.005917
er	sú	0.005917
er	þá	0.005638
er	stundum	0.005582
er	sá	0.005415
er	oftast	0.005359
er	sagt	0.004745
er	stærsta	0.004689
er	skipt	0.004354
er	talað	0.004354
erum	við	0.333333
eyju	í	0.333333
eyju	sem	0.100000
eyju	þar	0.100000
eyju	við	0.100000
fall	er	0.100000
fall	af	0.100000
fangelsinu	og	0.200000
fangi	í	0.470588
fann	upp	0.187500
fann	hann	0.093750
fann	þar	0.078125
fann	á	0.046875
fann	hún	0.046875
fannst	í	0.140127
fannst	það	0.082803
fannst	á	0.044586
fannst	að	0.038217
fannst	við	0.038217
fannst	hún	0.031847
fannst	ekki	0.025478
fannst	látinn	0.025478
fannst	um	0.019108
fannst	var	0.019108
fannst	þar	0.019108
fannst	henni	0.019108
fannst	þetta	0.019108
fannst	þó	0.019108
fannst	hann	0.019108
far	um	0.416667
farartæki	eru	0.266667
farartæki	sem	0.266667
fela	í	0.400000
fela	sig	0.300000
fella	niður	0.350000
fella	út	0.150000
felur	í	0.661017
felur	sig	0.084746
festist	í	0.411765
festist	við	0.235294
fimmta	áratugnum	0.140351
fimmta	sæti	0.140351
fimmta	og	0.122807
fimmta	áratug	0.105263
fimmta	stærsta	0.087719
finna	í	0.252336
finna	á	0.091121
finna	út	0.051402
finna	má	0.037383
finna	hann	0.023364
finna	og	0.018692
finna	lausn	0.011682
finna	sér	0.011682
finna	þau	0.011682
finna	margar	0.011682
finna	mjög	0.009346
finna	upplýsingar	0.009346
finna	þá	0.009346
finna	sem	0.009346
finna	það	0.009346
finna	með	0.009346
finna	leið	0.009346
finna	um	0.009346
finna	gögn	0.009346
finna	við	0.009346
finna	tvö	0.007009
finna	fleiri	0.007009
finna	fyrir	0.007009
finna	er	0.007009
finna	annars	0.007009
finna	merki	0.007009
finna	mátti	0.007009
finna	þeir	0.007009
finna	þar	0.007009
finnst	í	0.222707
finnst	á	0.131004
finnst	hann	0.039301
finnst	einnig	0.039301
finnst	hún	0.034934
finnst	það	0.034934
finnst	helst	0.021834
finnst	um	0.021834
finnst	gaman	0.017467
finnst	við	0.017467
finnst	stundum	0.017467
finnst	að	0.017467
finnst	allt	0.017467
finnst	eingöngu	0.017467
finnst	þetta	0.013100
finnst	ekki	0.013100
finnst	honum	0.013100
finnst	mér	0.013100
finnst	en	0.013100
fjallar	um	0.770588
fjallar	í	0.029412
fjallar	einnig	0.023529
fjallar	á	0.017647
fjarri	lagi	0.187500
fjögurra	ára	0.578947
fjögurra	manna	0.042105
fjögurra	efstu	0.042105
fjögurra	stafa	0.031579
fjögurra	barna	0.031579
fjögurra	laga	0.031579
fjögurra	dyra	0.031579
fjölda	greina	0.156250
fjölda	annarra	0.114583
fjölda	þeirra	0.072917
fjölda	barna	0.072917
fjölda	ára	0.052083
fjölda	og	0.041667
fjölda	punkta	0.031250
fjölda	manna	0.031250
fjölda	laga	0.031250
fjölda	af	0.031250
fjölskyldu	sinni	0.265306
fjölskyldu	hans	0.142857
fjölskyldu	sína	0.112245
fjölskyldu	sinnar	0.091837
fjölskyldu	og	0.071429
fjölskyldu	hennar	0.061224
fjölskyldu	sem	0.051020
fjölskyldu	til	0.040816
fjölskyldu	en	0.030612
fjölskyldu	í	0.030612
fjölskyldunni	sinni	0.166667
fjörutíu	ára	0.400000
fjörutíu	og	0.200000
flest	þeirra	0.048611
flest	önnur	0.048611
flest	af	0.041667
flest	öll	0.027778
flest	allar	0.027778
flest	lög	0.027778
flest	stærri	0.027778
flest	á	0.020833
flest	voru	0.020833
flest	það	0.020833
flest	börn	0.020833
flutt	til	0.198795
flutt	í	0.156627
flutt	af	0.078313
flutt	á	0.066265
flutt	inn	0.060241
flutt	með	0.042169
flutt	var	0.042169
flutt	að	0.024096
flutt	þangað	0.024096
flutt	frá	0.024096
flutt	en	0.018072
flutt	voru	0.018072
flutt	yfir	0.018072
fluttur	til	0.320000
fluttur	á	0.120000
fluttur	í	0.060000
fluttur	var	0.060000
fluttur	inn	0.060000
fluttur	með	0.060000
fluttur	um	0.060000
foreldra	sína	0.303797
foreldra	sinna	0.215190
foreldra	hans	0.088608
foreldra	til	0.088608
foreldra	og	0.075949
foreldra	hennar	0.037975
foreldra	þeirra	0.037975
foreldra	sem	0.037975
foringja	og	0.500000
formlega	til	0.060000
formlega	við	0.060000
formlega	séð	0.060000
formlega	yfir	0.060000
formlega	í	0.060000
formlega	gildi	0.040000
formlega	tekinn	0.040000
formlega	þann	0.030000
formlega	var	0.030000
formlega	af	0.030000
forseta	og	0.179487
forseta	bandaríkjanna	0.141026
forseta	í	0.115385
forseta	á	0.064103
forseta	landsins	0.064103
forseta	til	0.051282
forystu	í	0.285714
forystu	og	0.107143
frammi	fyrir	0.937500
fremst	í	0.147059
fremst	á	0.117647
fremst	að	0.098039
fremst	af	0.068627
fremst	um	0.049020
fremst	notað	0.039216
fremst	er	0.039216
fremst	fyrir	0.029412
fremst	til	0.029412
fremst	vera	0.029412
fremst	sem	0.029412
friði	og	0.366667
friði	í	0.200000
frjálst	að	0.578947
frjálst	og	0.210526
frá	því	0.101765
frá	til	0.099283
frá	árinu	0.078323
frá	og	0.041919
frá	sér	0.037231
frá	öld	0.033922
frá	upphafi	0.031991
frá	þeim	0.020408
frá	öðrum	0.017650
frá	stofnun	0.011307
frá	þessum	0.009653
frá	var	0.009377
frá	íslandi	0.009377
frá	sem	0.009377
frá	en	0.008274
frá	honum	0.007998
frá	júní	0.007446
frá	fyrri	0.007170
frá	völdum	0.006895
frá	um	0.006619
frá	hefur	0.006619
frá	bandaríkjunum	0.006343
frá	maí	0.006067
frá	að	0.005792
frá	bænum	0.005792
frá	desember	0.005792
frá	öllum	0.005516
frá	byrjun	0.004964
frá	lokum	0.004964
frá	hinum	0.004688
frá	í	0.004688
frá	með	0.004688
frá	sama	0.004688
frá	störfum	0.004413
frá	fyrstu	0.004413
frá	þar	0.004413
frá	vinstri	0.004137
frá	henni	0.004137
frá	þessu	0.004137
frá	á	0.003861
frásögn	af	0.136364
frétt	um	0.260870
frétt	af	0.217391
frétt	frá	0.217391
fréttir	af	0.428571
fréttir	um	0.119048
fréttir	að	0.071429
fréttir	frá	0.071429
full	af	0.555556
fullan	af	0.500000
fullri	vissu	0.444444
fulltrúar	sem	0.151515
fulltrúi	í	0.333333
fulltrúi	og	0.111111
fulltrúi	fyrir	0.083333
fundinn	sekur	0.210526
fundinn	í	0.210526
fundinn	upp	0.210526
fundinum	var	0.333333
fundinum	lauk	0.166667
fundið	upp	0.187500
fundið	fyrir	0.083333
fundið	sér	0.062500
fundið	hefur	0.062500
fundið	hann	0.062500
fundið	út	0.062500
fylgi	í	0.120690
fylgi	sitt	0.103448
fylgi	en	0.086207
fylgi	og	0.068966
fylgi	á	0.051724
fylgi	til	0.051724
fylgjast	með	0.888889
fyrirfram	og	0.428571
fyrrum	var	0.111111
fyrst	og	0.191074
fyrst	í	0.093445
fyrst	fram	0.052999
fyrst	um	0.044630
fyrst	til	0.041841
fyrst	á	0.039052
fyrst	að	0.037657
fyrst	út	0.036262
fyrst	kvenna	0.023710
fyrst	var	0.020921
fyrst	fyrir	0.020921
fyrst	sem	0.019526
fyrst	er	0.019526
fyrst	með	0.015342
fyrst	við	0.015342
fyrst	sett	0.013947
fyrst	getið	0.013947
fyrst	gefið	0.008368
fyrst	gefin	0.008368
fyrst	nefnd	0.006974
fyrst	verið	0.006974
fyrst	þátt	0.006974
fyrst	þegar	0.006974
fyrst	athygli	0.006974
fyrst	notað	0.005579
fyrst	undir	0.005579
fyrst	svo	0.005579
fyrst	opinberlega	0.005579
fyrst	tekið	0.005579
fyrst	upp	0.005579
fyrst	búið	0.004184
fyrst	en	0.004184
fyrst	eftir	0.004184
fyrst	af	0.004184
fyrst	þá	0.004184
fyrstur	til	0.370370
fyrstur	manna	0.259259
fáum	dögum	0.129032
fáum	árum	0.096774
fáum	við	0.096774
fædd	og	0.227273
fædd	í	0.227273
færi	á	0.278689
færi	í	0.131148
færi	fram	0.081967
færi	með	0.065574
færi	til	0.065574
færi	að	0.049180
færri	en	0.515152
færri	og	0.151515
færð	í	0.222222
færð	til	0.185185
færð	undir	0.148148
fæst	við	0.270833
fæst	með	0.125000
fæst	úr	0.083333
fæst	í	0.083333
fæturnir	eru	0.625000
fé	til	0.166667
fé	og	0.100000
fé	sem	0.055556
fé	en	0.044444
fé	úr	0.044444
fé	var	0.044444
fé	í	0.044444
fé	frá	0.033333
fé	þess	0.033333
fé	að	0.033333
fé	sínu	0.033333
fékkst	við	0.208333
fékkst	hann	0.083333
fékkst	í	0.062500
fékkst	ekki	0.062500
fékkst	líka	0.062500
félagar	í	0.254545
félagar	eru	0.072727
félagar	hans	0.072727
félagi	í	0.320000
félagi	við	0.160000
félagi	hans	0.100000
félagi	og	0.100000
félagi	sem	0.060000
félagi	hennar	0.060000
fór	í	0.127681
fór	að	0.120531
fór	fram	0.116445
fór	hann	0.077630
fór	á	0.049030
fór	með	0.045965
fór	svo	0.030644
fór	til	0.029622
fór	hún	0.026558
fór	þá	0.023493
fór	fyrir	0.015322
fór	ekki	0.013279
fór	þó	0.013279
fór	síðan	0.012257
fór	út	0.011236
fór	því	0.011236
fór	frá	0.010215
fór	upp	0.009193
fór	mjög	0.007150
fór	úr	0.007150
fór	um	0.006129
fór	yfir	0.006129
fór	þannig	0.006129
fór	fljótlega	0.005107
fór	einnig	0.005107
fór	aftur	0.005107
fór	inn	0.005107
fór	það	0.004086
fór	beint	0.004086
fór	utan	0.004086
fór	af	0.004086
fór	þaðan	0.004086
fór	allt	0.003064
fór	illa	0.003064
fór	hins	0.003064
fór	fyrst	0.003064
fór	sjálfur	0.003064
fór	niður	0.003064
fór	heim	0.003064
fór	oft	0.003064
fötum	og	0.400000
föður	síns	0.355102
föður	sinn	0.204082
föður	sínum	0.183673
föður	hans	0.069388
föður	hennar	0.053061
föður	þeirra	0.024490
föður	og	0.012245
föður	til	0.012245
g	og	0.212766
g	að	0.085106
g	er	0.063830
gagnast	til	0.500000
gamall	og	0.373832
gamall	þegar	0.046729
gamall	maður	0.046729
gamall	en	0.037383
gamall	vinur	0.037383
gamall	tók	0.028037
gamall	með	0.028037
gamall	í	0.028037
gamalt	og	0.269231
gamalt	orð	0.192308
gamalt	heiti	0.115385
gamla	og	0.075758
gamla	daga	0.045455
gamla	bæinn	0.045455
gamla	heiminum	0.045455
gamla	manninum	0.045455
gandhi	var	0.208333
gandhi	f	0.166667
ganga	í	0.207746
ganga	til	0.095070
ganga	um	0.049296
ganga	á	0.049296
ganga	með	0.049296
ganga	út	0.042254
ganga	inn	0.038732
ganga	úr	0.028169
ganga	upp	0.028169
ganga	frá	0.028169
ganga	að	0.024648
ganga	fyrir	0.021127
ganga	eftir	0.017606
ganga	fram	0.017606
ganga	aftur	0.014085
ganga	ekki	0.014085
ganga	kringum	0.010563
ganga	svo	0.010563
ganga	oft	0.010563
ganga	undir	0.010563
gangi	í	0.138889
gangi	á	0.083333
gangi	mála	0.083333
gat	ekki	0.134529
gat	því	0.080717
gat	hann	0.076233
gat	á	0.058296
gat	þó	0.053812
gat	sér	0.049327
gat	verið	0.026906
gat	tekið	0.026906
gat	það	0.022422
gat	til	0.022422
gat	í	0.022422
gat	komið	0.017937
gat	þar	0.013453
gat	af	0.013453
gat	hins	0.013453
gat	fengið	0.013453
gat	maður	0.013453
gefið	út	0.542254
gefið	honum	0.028169
gefið	til	0.028169
gefið	í	0.028169
gefið	er	0.024648
gefið	að	0.024648
gefið	var	0.021127
gefið	upp	0.017606
gefið	það	0.017606
gefið	nafnið	0.014085
gefið	af	0.014085
gefið	henni	0.014085
gefið	þetta	0.010563
gefið	frá	0.010563
geimnum	og	0.333333
gekk	í	0.208817
gekk	hann	0.095128
gekk	til	0.076566
gekk	vel	0.044084
gekk	ekki	0.034803
gekk	að	0.032483
gekk	illa	0.030162
gekk	á	0.027842
gekk	þá	0.023202
gekk	hún	0.023202
gekk	út	0.020882
gekk	þó	0.018561
gekk	yfir	0.018561
gekk	mjög	0.011601
gekk	undir	0.011601
gekk	um	0.011601
gekk	svo	0.011601
gekk	inn	0.011601
gekk	það	0.011601
gekk	úr	0.011601
gekk	síðan	0.009281
gekk	upp	0.009281
gekk	síðar	0.009281
gekk	með	0.009281
gekk	fyrst	0.006961
gekk	hins	0.006961
gekk	aftur	0.006961
gekk	þar	0.006961
gekk	fljótt	0.006961
gekk	honum	0.006961
gengu	í	0.191667
gengu	til	0.141667
gengu	undir	0.058333
gengu	ekki	0.041667
gengu	út	0.033333
gengu	þeir	0.025000
gengu	þær	0.025000
gengu	þau	0.025000
gengur	út	0.129032
gengur	í	0.122581
gengur	til	0.070968
gengur	á	0.045161
gengur	yfir	0.032258
gengur	og	0.032258
gengur	upp	0.032258
gengur	þannig	0.025806
gengur	síðan	0.025806
gengur	eftir	0.025806
gengur	hann	0.025806
gengur	illa	0.025806
gengur	fram	0.019355
gengur	um	0.019355
gengur	að	0.019355
gengur	inn	0.019355
gengur	oft	0.019355
gengur	vel	0.019355
gengur	ekki	0.019355
gengur	undir	0.019355
gerast	í	0.175439
gerast	á	0.070175
gerist	í	0.255556
gerist	þegar	0.100000
gerist	á	0.077778
gerist	þá	0.055556
gerist	er	0.044444
gerist	að	0.033333
geta	verið	0.214918
geta	orðið	0.063211
geta	að	0.042984
geta	einnig	0.041719
geta	þó	0.032870
geta	haft	0.032870
geta	ekki	0.024020
geta	tekið	0.020228
geta	líka	0.020228
geta	komið	0.020228
geta	þeir	0.018963
geta	notað	0.016435
geta	náð	0.016435
geta	gert	0.016435
geta	því	0.013906
geta	farið	0.012642
geta	gengið	0.011378
geta	fengið	0.011378
geta	þau	0.011378
geta	átt	0.010114
geta	haldið	0.008850
geta	þær	0.008850
geta	til	0.008850
geta	gefið	0.007585
geta	þá	0.007585
geta	þannig	0.007585
geta	boðið	0.006321
geta	þess	0.006321
geta	það	0.005057
geta	sér	0.005057
geta	búið	0.005057
geta	rætt	0.005057
geta	unnið	0.005057
geta	breytt	0.005057
geta	fundið	0.005057
geta	svo	0.005057
geta	aðeins	0.005057
geta	lent	0.003793
geta	sumir	0.003793
geta	bæði	0.003793
geti	ekki	0.163265
geti	verið	0.108844
geti	haft	0.081633
geti	komið	0.054422
geti	orðið	0.034014
geti	náð	0.027211
geti	gert	0.027211
geti	búið	0.020408
geti	tekið	0.020408
geti	átt	0.020408
geti	það	0.020408
getur	verið	0.208155
getur	orðið	0.083691
getur	ekki	0.052575
getur	einnig	0.043991
getur	það	0.033262
getur	hann	0.030043
getur	haft	0.030043
getur	náð	0.030043
getur	líka	0.026824
getur	tekið	0.022532
getur	þó	0.022532
getur	hún	0.021459
getur	því	0.021459
getur	farið	0.013948
getur	leitt	0.013948
getur	átt	0.012876
getur	maður	0.011803
getur	komið	0.010730
getur	til	0.010730
getur	að	0.010730
getur	fólk	0.008584
getur	breytt	0.007511
getur	gefið	0.007511
getur	þá	0.007511
getur	gerst	0.006438
getur	reynst	0.006438
getur	þannig	0.006438
getur	þetta	0.005365
getur	aðeins	0.005365
getur	hjálpað	0.005365
getur	hins	0.005365
getur	látið	0.004292
getur	með	0.004292
getur	fengið	0.004292
getur	á	0.004292
getur	breyst	0.004292
getur	t	0.004292
getur	sett	0.004292
getur	sagt	0.004292
getur	gert	0.004292
gift	og	0.234043
gift	var	0.106383
gift	sig	0.085106
gift	í	0.063830
gift	frá	0.063830
gilda	um	0.250000
gilda	í	0.100000
gilda	sem	0.100000
gildi	og	0.119205
gildi	í	0.086093
gildi	á	0.066225
gildi	sem	0.059603
gildi	þess	0.039735
gildi	en	0.033113
gildi	fyrir	0.033113
gildi	þann	0.026490
gildi	lög	0.026490
gildi	janúar	0.019868
gildi	um	0.019868
gildi	ekki	0.019868
gleymdi	að	0.500000
grafa	undan	0.270833
grafa	upp	0.145833
grafa	sig	0.104167
grafa	eftir	0.083333
grafa	í	0.062500
greinar	í	0.202020
greinar	og	0.181818
greinar	um	0.161616
greinar	sem	0.101010
greinar	eru	0.060606
greinar	eftir	0.030303
greinar	hans	0.030303
greitt	fyrir	0.333333
grun	um	0.625000
grunar	að	1.000000
græn	og	0.291667
græn	eða	0.250000
gull	á	0.166667
gull	í	0.166667
gulli	og	0.352941
guði	og	0.238095
gæti	verið	0.137931
gæti	ekki	0.086207
gæti	hafa	0.064655
gæti	það	0.047414
gæti	haft	0.043103
gæti	orðið	0.043103
gæti	gert	0.030172
gæti	leitt	0.025862
gæti	komið	0.025862
gæti	því	0.025862
gæti	átt	0.017241
gæti	farið	0.017241
gæti	fengið	0.017241
gæti	séð	0.017241
gæti	jafnvel	0.012931
gæti	látið	0.012931
gæti	allt	0.012931
gæti	hann	0.012931
gæti	einnig	0.012931
gæti	tekið	0.012931
gæti	hugsanlega	0.012931
góðu	lífi	0.219512
góðu	ástandi	0.073171
góðu	móti	0.073171
góðu	sambandi	0.073171
gömlu	ensku	0.103448
göngu	sína	0.757576
göngu	og	0.121212
ha	að	0.375000
hafa	verið	0.233550
hafa	komið	0.028339
hafa	ekki	0.026710
hafa	fundist	0.021498
hafa	áhrif	0.016938
hafa	í	0.016287
hafa	orðið	0.015961
hafa	þeir	0.015635
hafa	tekið	0.015309
hafa	haft	0.014658
hafa	fengið	0.014007
hafa	átt	0.013355
hafa	einnig	0.013029
hafa	þó	0.011075
hafa	á	0.010749
hafa	náð	0.010423
hafa	gert	0.009446
hafa	því	0.008795
hafa	unnið	0.008469
hafa	þau	0.008143
hafa	farið	0.008143
hafa	sagt	0.007166
hafa	gefið	0.007166
hafa	síðan	0.006840
hafa	margir	0.005863
hafa	það	0.005863
hafa	lokið	0.005863
hafa	að	0.005537
hafa	séð	0.005537
hafa	um	0.005212
hafa	haldið	0.005212
hafa	leitt	0.004886
hafa	misst	0.004560
hafa	fundið	0.004560
hafa	lengi	0.004560
hafa	búið	0.004235
hafa	upp	0.004235
hafa	nú	0.004235
hafa	aldrei	0.003909
hafa	með	0.003909
hafi	verið	0.340282
hafi	ekki	0.046402
hafi	átt	0.028245
hafi	orðið	0.025555
hafi	komið	0.023537
hafi	haft	0.022865
hafi	hann	0.019502
hafi	í	0.018157
hafi	farið	0.014122
hafi	búið	0.010087
hafi	tekið	0.010087
hafi	látið	0.010087
hafi	fengið	0.009415
hafi	gert	0.008742
hafi	gefið	0.008742
hafi	aldrei	0.008070
hafi	fyrst	0.007397
hafi	það	0.006725
hafi	á	0.006725
hafi	ætlað	0.006725
hafi	að	0.006725
hafi	hún	0.006725
hafi	náð	0.006052
hafi	sjálfur	0.006052
hafi	gengið	0.006052
hafi	upphaflega	0.005380
hafi	síðan	0.005380
hafi	þar	0.005380
hafi	myrt	0.005380
hafi	látist	0.004707
hafi	einnig	0.004707
hafi	úti	0.004707
hafi	fundið	0.004707
hafi	með	0.004707
hafi	misst	0.004035
hafi	þá	0.004035
hafi	lagt	0.004035
hafi	áhrif	0.004035
hafi	breyst	0.004035
hafi	þeir	0.003362
hafna	því	0.214286
hag	og	0.142857
hag	af	0.142857
haga	sér	0.466667
handtekinn	og	0.296296
handtekinn	fyrir	0.129630
handtekinn	af	0.111111
handtekinn	ásamt	0.074074
handtekinn	í	0.074074
hanga	niður	0.272727
hefði	verið	0.252772
hefði	ekki	0.093126
hefði	átt	0.035477
hefði	hann	0.022173
hefði	getað	0.022173
hefði	í	0.022173
hefði	að	0.019956
hefði	tekið	0.017738
hefði	haft	0.017738
hefði	fengið	0.017738
hefði	aldrei	0.015521
hefði	orðið	0.015521
hefði	hún	0.013304
hefði	komið	0.013304
hefði	látist	0.011086
hefði	mátt	0.011086
hefði	því	0.011086
hefði	gerst	0.011086
hefði	náð	0.011086
hefði	einnig	0.008869
hefði	þó	0.006652
hefði	einfaldlega	0.006652
hefði	áhuga	0.006652
hefði	tekist	0.006652
hefði	látið	0.006652
hefði	það	0.006652
hefði	gefið	0.006652
hefði	eignast	0.006652
hefði	komist	0.006652
hefði	lagt	0.006652
hefði	ekkert	0.006652
heillandi	og	0.750000
heilsu	og	0.432432
heilsu	hans	0.189189
heimsmeistari	í	0.600000
heiti	á	0.252101
heiti	borgarinnar	0.117647
heiti	yfir	0.100840
heiti	landsins	0.042017
heiti	og	0.042017
heiti	sitt	0.033613
heiti	eftir	0.033613
heiti	eru	0.025210
heiti	er	0.025210
heiti	hennar	0.025210
heiti	bæjarins	0.025210
helgi	var	0.147541
helgi	og	0.114754
helgi	í	0.049180
helgi	m	0.049180
helling	af	1.000000
helminginn	af	0.444444
helmingur	af	0.275000
helmingur	íbúa	0.200000
helmingur	þeirra	0.200000
helmingur	allra	0.100000
helst	á	0.141176
helst	að	0.129412
helst	í	0.111765
helst	til	0.052941
helst	er	0.047059
helst	af	0.035294
helst	nefna	0.035294
helst	ekki	0.023529
helst	verið	0.023529
helst	þar	0.017647
helst	um	0.017647
hendi	og	0.140845
hendi	í	0.098592
hendi	en	0.084507
hendi	er	0.056338
hendur	í	0.132353
hendur	og	0.117647
hendur	á	0.088235
hendur	við	0.058824
hendur	þeim	0.058824
hendur	sér	0.058824
henni	og	0.077411
henni	var	0.071066
henni	er	0.068528
henni	að	0.060914
henni	í	0.053299
henni	flytur	0.034264
henni	eru	0.025381
henni	til	0.025381
henni	en	0.024112
henni	á	0.022843
henni	flytja	0.020305
henni	syngur	0.016497
henni	með	0.013959
henni	voru	0.011421
henni	sem	0.010152
henni	ekki	0.010152
henni	frá	0.008883
henni	eftir	0.008883
henni	hafi	0.007614
henni	því	0.007614
henni	boðið	0.007614
henni	upp	0.007614
henni	svo	0.007614
henni	má	0.007614
henni	um	0.007614
henni	leikur	0.006345
henni	fyrir	0.006345
henni	átti	0.006345
henni	hefur	0.005076
henni	fannst	0.005076
henni	hafði	0.005076
henni	tekst	0.005076
henni	finnst	0.005076
henni	aftur	0.005076
henni	við	0.005076
henni	kleift	0.003807
henni	syngja	0.003807
henni	af	0.003807
henni	eða	0.003807
henni	ætlað	0.003807
herinn	og	0.093750
herinn	var	0.093750
herinn	í	0.039062
herinn	til	0.039062
herinn	fór	0.031250
herinn	sem	0.031250
herinn	tók	0.023438
herinn	á	0.023438
herinn	fyrir	0.023438
herinn	náði	0.023438
herinn	við	0.023438
herinn	hafði	0.023438
herinn	en	0.023438
herinn	að	0.023438
herma	að	0.631579
herma	eftir	0.210526
hesturinn	er	0.285714
heyrðu	undir	0.176471
himnaríki	og	0.666667
hindrar	að	0.300000
hingað	til	0.711864
hingað	en	0.050847
hinir	tveir	0.230769
hinir	fjórir	0.102564
hinna	nýju	0.117647
hitinn	er	0.166667
hitinn	fer	0.125000
hitt	er	0.170732
hitt	á	0.073171
hitt	sem	0.073171
hitt	liðið	0.073171
hið	sama	0.219697
hið	nýja	0.075758
hið	opinbera	0.060606
hið	fyrsta	0.045455
hið	mikla	0.037879
hið	illa	0.037879
hið	besta	0.037879
hið	mesta	0.030303
hið	eiginlega	0.022727
hið	seinna	0.022727
hið	fræga	0.022727
hið	heilaga	0.022727
hið	fyrra	0.022727
hið	rétta	0.022727
hjá	þeim	0.104208
hjá	honum	0.082164
hjá	sér	0.050100
hjá	öðrum	0.034068
hjá	fyrirtækinu	0.034068
hjá	börnum	0.030060
hjá	henni	0.030060
hjá	fólki	0.022044
hjá	föður	0.016032
hjá	því	0.016032
hjá	móður	0.014028
hjá	foreldrum	0.014028
hjá	mörgum	0.012024
hjá	flestum	0.012024
hjá	konum	0.012024
hjá	sumum	0.012024
hjá	hinum	0.010020
hjá	hinu	0.010020
hjá	ungum	0.008016
hjá	konunni	0.008016
hjá	í	0.008016
hjá	c	0.008016
hjá	og	0.006012
hjá	þessum	0.006012
hjá	bróður	0.006012
hjá	fox	0.006012
hjá	gömlum	0.006012
hjá	öðru	0.006012
hjá	afa	0.006012
hjá	konungi	0.006012
hjá	er	0.006012
hjá	syni	0.006012
hjá	mismunandi	0.006012
hjá	fbi	0.006012
hjá	öllum	0.006012
hjá	sama	0.006012
hjálpar	þeim	0.200000
hjálpar	til	0.155556
hjálpar	henni	0.066667
hjálpar	honum	0.066667
hjálpað	til	0.304348
hjálpað	honum	0.217391
hljómar	eins	0.333333
hluta	af	0.209366
hluta	til	0.137741
hluta	í	0.049587
hluta	þess	0.035813
hluta	og	0.030303
hluta	sem	0.027548
hluta	árs	0.027548
hluta	hennar	0.022039
hluta	eða	0.019284
hluta	ævinnar	0.019284
hluta	er	0.016529
hluta	ársins	0.016529
hluta	níunda	0.013774
hluta	vegna	0.013774
hluta	þeirra	0.011019
hluta	landsins	0.011019
hluta	sögunnar	0.011019
hluta	en	0.011019
hluta	úr	0.011019
hluta	þar	0.008264
hluta	hans	0.008264
hluta	bandaríkjanna	0.008264
hluta	áttunda	0.008264
hluta	borgarinnar	0.008264
hluta	þannig	0.008264
hluta	sjöunda	0.008264
hlutir	sem	0.304348
hlutir	úr	0.130435
hlutir	eru	0.065217
hollywood	þar	0.150000
horfast	í	1.000000
hrifinn	af	0.961538
hrifnir	af	0.833333
hring	og	0.189189
hring	um	0.135135
hring	en	0.108108
hring	er	0.081081
hring	eða	0.081081
hringinn	í	0.272727
hringir	og	0.333333
hringir	í	0.250000
hringt	í	0.285714
hringt	á	0.214286
hringur	sem	0.250000
hug	á	0.342857
hug	að	0.171429
hug	sinn	0.114286
hug	og	0.085714
hug	hans	0.085714
hugrekki	og	0.333333
hugsanir	og	0.285714
hugsar	hann	0.428571
hugsun	og	0.368421
hugur	og	0.750000
hundar	eru	0.227273
hvar	sem	0.222222
hvar	hann	0.090909
hvar	í	0.070707
hvar	þau	0.060606
hvar	og	0.060606
hvar	þeir	0.050505
hvar	hún	0.030303
hvenær	sem	0.180328
hvenær	hann	0.147541
hvenær	og	0.098361
hvenær	það	0.065574
hvenær	þau	0.049180
hvenær	hún	0.049180
hverfa	á	0.139535
hverfa	og	0.116279
hverfa	í	0.093023
hverfa	frá	0.069767
hverfa	úr	0.069767
hverja	einustu	0.088235
hverju	ári	0.322581
hverju	sinni	0.263441
hverju	landi	0.037634
hverju	er	0.026882
hverju	kvöldi	0.021505
hverju	á	0.016129
hverju	og	0.016129
hverju	horni	0.016129
hverju	hann	0.016129
hverju	sem	0.016129
hverjum	degi	0.183333
hverjum	tíma	0.108333
hverjum	stað	0.108333
hverjum	þeim	0.066667
hverjum	sem	0.050000
hverjum	leik	0.041667
hverjum	einasta	0.033333
hverjum	mánuði	0.033333
hverjum	morgni	0.025000
hverjum	tíu	0.025000
hverjum	öðrum	0.025000
hvern	þátt	0.169811
hvern	þann	0.094340
hvern	dag	0.094340
hvern	annan	0.094340
hvern	og	0.056604
hvern	einasta	0.056604
hvetja	til	0.608696
hvetja	fólk	0.130435
hvort	sem	0.141684
hvort	að	0.067762
hvort	það	0.059548
hvort	tveggja	0.047228
hvort	hann	0.045175
hvort	þeir	0.032854
hvort	um	0.032854
hvort	annað	0.026694
hvort	öðru	0.024641
hvort	liðið	0.020534
hvort	heldur	0.018480
hvort	með	0.018480
hvort	hún	0.018480
hvort	þau	0.018480
hvort	á	0.018480
hvort	hægt	0.016427
hvort	þetta	0.014374
hvort	þær	0.012320
hvort	í	0.012320
hvort	þessi	0.012320
hvort	og	0.012320
hvort	þeirra	0.012320
hvort	eða	0.008214
hvort	til	0.008214
hvort	maður	0.008214
hvort	ekki	0.008214
hvort	þar	0.008214
hvort	fyrir	0.006160
hvort	ár	0.006160
hvort	telja	0.006160
hvort	sú	0.006160
hvort	verið	0.006160
hvort	sé	0.006160
háls	og	0.428571
hægra	megin	0.793103
hægt	að	0.530242
hægt	er	0.238911
hægt	væri	0.053427
hægt	sé	0.049395
hægt	var	0.037298
hægt	og	0.034274
hægt	yrði	0.009073
hægt	í	0.006048
hægt	á	0.005040
hægt	fyrir	0.004032
hægt	verði	0.003024
hæsta	í	0.235294
hættulegt	að	0.500000
héldu	áfram	0.220859
héldu	því	0.079755
héldu	þó	0.061350
héldu	að	0.036810
héldu	til	0.036810
héldu	þeir	0.036810
héldu	fram	0.030675
héldu	sig	0.030675
héldu	henni	0.024540
héldu	í	0.024540
héldu	nokkrum	0.018405
héldu	uppi	0.018405
héldu	á	0.018405
héldu	borginni	0.018405
héldu	þau	0.018405
höfn	og	0.244444
höfn	í	0.111111
höfn	er	0.088889
höfn	var	0.066667
höfn	á	0.066667
höfuðið	á	0.400000
höfuðið	er	0.150000
höfuðið	og	0.083333
höfuðið	af	0.050000
höndum	og	0.237500
höndum	saman	0.062500
höndum	sér	0.050000
höndum	en	0.037500
höndum	á	0.037500
hörfa	aftur	0.222222
hörfa	og	0.166667
hörfa	til	0.166667
hún	er	0.153211
hún	var	0.139118
hún	hefur	0.044896
hún	í	0.021542
hún	að	0.018522
hún	hafi	0.016710
hún	á	0.015502
hún	hafði	0.013288
hún	varð	0.013288
hún	tók	0.012482
hún	lék	0.012080
hún	vex	0.011878
hún	kom	0.011677
hún	fékk	0.011073
hún	sé	0.009664
hún	væri	0.009060
hún	til	0.008254
hún	fór	0.007449
hún	ekki	0.007047
hún	lést	0.007047
hún	átti	0.006845
hún	og	0.006644
hún	getur	0.006443
hún	verður	0.006241
hún	verið	0.006040
hún	hefði	0.006040
hún	finnst	0.005839
hún	dó	0.005839
hún	vann	0.005637
hún	giftist	0.005235
hún	með	0.005033
hún	út	0.004631
hún	um	0.004429
hún	hlaut	0.004429
hún	sat	0.004228
hún	síðan	0.004228
hún	þá	0.004027
hún	gekk	0.004027
hún	segir	0.004027
hún	sagði	0.004027
hússins	og	0.172414
hússins	er	0.155172
hússins	var	0.137931
hússins	en	0.103448
i	og	0.140187
i	m	0.074766
i	lista	0.037383
i	met	0.037383
i	sem	0.037383
i	frá	0.037383
i	love	0.028037
i	g	0.028037
i	varð	0.028037
i	í	0.028037
i	island	0.028037
illt	í	0.461538
in	the	0.526316
in	a	0.065789
in	love	0.065789
in	new	0.065789
in	black	0.039474
in	american	0.039474
innrás	í	0.510204
innrás	á	0.122449
innrás	en	0.061224
j	r	0.181818
j	p	0.109091
j	c	0.054545
j	k	0.054545
j	m	0.054545
jafnt	og	0.406250
jafnt	sem	0.109375
jafnt	á	0.062500
jafnt	í	0.046875
jafnt	yfir	0.046875
jafnvel	í	0.077519
jafnvel	þótt	0.069767
jafnvel	á	0.054264
jafnvel	þó	0.050388
jafnvel	að	0.046512
jafnvel	verið	0.038760
jafnvel	við	0.027132
jafnvel	með	0.023256
jafnvel	til	0.019380
jafnvel	er	0.019380
jafnvel	sem	0.019380
jafnvel	allt	0.015504
jafnvel	áður	0.011628
jafnvel	árum	0.011628
jafnvel	dögum	0.011628
jafnvel	fleiri	0.011628
jafnvel	af	0.011628
jafnvel	hvít	0.011628
jafnvel	alls	0.011628
jafnvel	haft	0.011628
jafnvel	ekki	0.011628
janúar	og	0.173684
janúar	var	0.105263
janúar	en	0.052632
janúar	er	0.052632
janúar	til	0.047368
janúar	voru	0.042105
janúar	um	0.036842
janúar	af	0.036842
janúar	þegar	0.031579
janúar	í	0.021053
janúar	á	0.021053
janúar	áður	0.021053
janúar	að	0.015789
janúar	gaf	0.015789
janúar	tók	0.015789
janúar	við	0.015789
k	og	0.076923
k	f	0.065934
k	til	0.054945
k	er	0.054945
k	að	0.043956
k	einu	0.032967
k	e	0.032967
k	í	0.032967
kalla	sig	0.166667
kalla	hann	0.077778
kalla	má	0.077778
kalla	þá	0.055556
kalla	á	0.044444
kalla	til	0.044444
kalla	þetta	0.033333
kalla	hana	0.033333
kalla	fram	0.033333
kalla	saman	0.033333
kallast	það	0.218487
kallast	þá	0.067227
kallast	á	0.050420
kallast	þær	0.042017
kallast	einu	0.042017
kallast	þau	0.042017
kallast	þetta	0.033613
kallast	hún	0.033613
kallast	the	0.025210
kannast	við	0.666667
kartöflur	sem	0.428571
kenndir	við	0.571429
kenndir	eru	0.285714
kenningu	að	0.275000
kenningu	um	0.200000
kenningu	sína	0.175000
kenningu	sem	0.075000
kennsl	á	0.928571
kennt	við	0.333333
kennt	á	0.130435
kennt	um	0.130435
kennt	í	0.101449
kennt	að	0.072464
kennt	heima	0.043478
keppnina	í	0.175000
keppnina	og	0.125000
keppnina	en	0.100000
keppnina	þar	0.075000
keppninni	og	0.193548
keppninni	en	0.161290
keppninni	í	0.161290
keppninni	er	0.096774
keppninni	á	0.096774
keyra	á	0.137931
keyra	í	0.103448
kirkjan	er	0.229730
kirkjan	var	0.141892
kirkjan	í	0.067568
kirkjan	og	0.054054
kirkjan	á	0.054054
kirkjan	að	0.027027
kirkjan	varð	0.027027
kirkjan	ætti	0.020270
kirkjan	talsvert	0.020270
kirkjan	sem	0.020270
klippa	á	0.300000
klukkan	og	0.130435
klukkan	var	0.086957
klukkan	að	0.086957
klukkan	er	0.086957
klukkan	átta	0.065217
klukkan	á	0.065217
klára	að	0.266667
klæddur	í	0.571429
komast	að	0.181529
komast	í	0.168790
komast	á	0.082803
komast	upp	0.057325
komast	til	0.054140
komast	inn	0.050955
komast	yfir	0.050955
komast	undan	0.035032
komast	hjá	0.031847
komast	aftur	0.031847
komast	ekki	0.019108
komast	af	0.015924
komast	áfram	0.015924
komast	út	0.015924
komast	frá	0.012739
komast	þeir	0.012739
komast	um	0.012739
komast	heim	0.009554
komast	og	0.009554
kominn	í	0.166667
kominn	á	0.148148
kominn	af	0.092593
kominn	að	0.083333
kominn	með	0.046296
kominn	tími	0.037037
kominn	frá	0.037037
kominn	aftur	0.037037
kominn	yfir	0.037037
kominn	til	0.037037
kominn	upp	0.037037
kominn	heim	0.027778
kominn	og	0.027778
komnar	af	0.142857
komnar	upp	0.142857
komu	út	0.102679
komu	fram	0.102679
komu	til	0.073661
komu	í	0.051339
komu	að	0.049107
komu	á	0.042411
komu	upp	0.040179
komu	saman	0.029018
komu	sér	0.024554
komu	frá	0.022321
komu	aftur	0.020089
komu	með	0.020089
komu	úr	0.017857
komu	einnig	0.017857
komu	inn	0.017857
komu	þeir	0.017857
komu	þau	0.015625
komu	þangað	0.015625
komu	þá	0.013393
komu	svo	0.013393
komu	heim	0.013393
komu	fyrst	0.013393
komu	þar	0.011161
komu	ekki	0.011161
komu	hans	0.011161
komu	hins	0.008929
komu	margir	0.008929
komu	áfram	0.008929
komu	þó	0.008929
komu	sína	0.006696
komu	við	0.006696
komu	og	0.006696
komu	þær	0.006696
konung	og	0.178571
konung	englands	0.107143
konungi	og	0.227273
konungi	í	0.136364
konungs	og	0.234043
konungs	í	0.117021
konungs	sem	0.074468
konungs	en	0.063830
konungs	var	0.031915
konungs	á	0.031915
konungs	yfir	0.031915
konungs	til	0.031915
konunni	sinni	0.285714
konur	og	0.159091
konur	sem	0.113636
konur	í	0.068182
konur	voru	0.050000
konur	á	0.036364
konur	til	0.036364
konur	með	0.031818
konur	hafa	0.027273
konur	af	0.018182
konur	væru	0.018182
konur	fengu	0.018182
konur	fóru	0.013636
konur	hans	0.013636
konur	áttu	0.013636
konur	inn	0.013636
konur	hafi	0.013636
konur	eru	0.013636
kosti	að	0.050360
kosti	í	0.050360
kosti	manns	0.028777
kosti	tegundir	0.028777
kosti	eitt	0.028777
kosti	ekki	0.028777
kosti	þremur	0.028777
kosti	tvö	0.028777
kosti	fimm	0.028777
kosti	þá	0.021583
kosti	sjö	0.021583
kosti	metra	0.021583
kosti	tveimur	0.021583
kosti	ár	0.021583
kosti	er	0.021583
kosti	til	0.021583
kosti	einu	0.021583
kraftaverk	í	0.272727
krefjast	þess	0.312500
kringum	sig	0.087591
kringum	og	0.065693
kringum	var	0.029197
kringum	hann	0.029197
kringum	manns	0.029197
kringum	ára	0.029197
kringum	c	0.021898
kringum	vatnið	0.021898
kunna	að	0.384615
kveikja	í	0.272727
kveikt	í	0.384615
kveikt	er	0.230769
kvöldið	og	0.181818
kvöldið	fyrir	0.151515
kvöldið	sem	0.090909
kynlíf	og	0.307692
kynnast	þeir	0.187500
kynnast	og	0.187500
kynnt	til	0.229167
kynnt	í	0.104167
kynnt	á	0.083333
kynnt	fyrir	0.062500
kynnt	sér	0.062500
kynnt	af	0.062500
kæra	hann	0.300000
kærustu	sinni	0.454545
kærustu	sína	0.272727
kínversku	sem	0.500000
kökur	eru	0.500000
körfubolta	og	0.500000
kúlan	er	0.375000
lagar	sig	0.800000
laginu	og	0.155556
laginu	eins	0.133333
laginu	sem	0.066667
laginu	með	0.066667
landi	og	0.221239
landi	sem	0.119469
landi	í	0.053097
landi	á	0.053097
landi	en	0.039823
landi	er	0.039823
landi	með	0.035398
landi	þar	0.026549
landi	var	0.022124
landi	að	0.022124
landi	um	0.017699
landi	til	0.017699
landi	eru	0.013274
landi	sínu	0.013274
landi	frá	0.013274
landi	brott	0.013274
landi	hefur	0.013274
landi	þegar	0.013274
landsins	og	0.208817
landsins	með	0.051044
landsins	er	0.051044
landsins	en	0.046404
landsins	á	0.044084
landsins	eru	0.044084
landsins	í	0.044084
landsins	var	0.044084
landsins	sem	0.037123
landsins	frá	0.025522
landsins	að	0.025522
landsins	við	0.020882
landsins	fyrir	0.013921
landsins	þar	0.013921
landsins	undir	0.013921
landsins	voru	0.013921
landsins	þann	0.013921
landsins	til	0.011601
landsins	vegna	0.009281
landsins	auk	0.009281
landsins	hafa	0.009281
landsins	um	0.009281
landsins	eða	0.006961
landsins	eftir	0.006961
landsins	hafði	0.006961
laumast	inn	0.428571
lausn	frá	0.361111
lausn	á	0.305556
leik	og	0.118644
leik	í	0.112994
leik	sinn	0.101695
leik	gegn	0.073446
leik	sem	0.067797
leik	á	0.062147
leik	fyrir	0.050847
leik	með	0.045198
leik	sínum	0.045198
leik	af	0.022599
leik	að	0.022599
leik	en	0.022599
leik	er	0.022599
leik	til	0.016949
leiki	og	0.534483
leiki	með	0.090517
leiki	í	0.077586
leiki	fyrir	0.064655
leiki	sína	0.038793
leiki	á	0.034483
leiki	sem	0.030172
leiki	gegn	0.017241
leiki	til	0.012931
leikkona	í	0.375000
leikkona	og	0.166667
leikur	á	0.190476
leikur	í	0.190476
leikur	með	0.038095
leikur	sem	0.028571
leikur	þar	0.028571
leitt	til	0.490566
leitt	í	0.188679
leitt	af	0.132075
leitt	að	0.037736
leiðin	til	0.272727
leiðin	í	0.068182
leiðin	var	0.068182
lenda	í	0.400000
lenda	á	0.275000
lestinni	og	0.500000
lewis	og	0.416667
leyfa	þeim	0.156250
leyfa	honum	0.156250
leyfa	sér	0.093750
lifandi	og	0.229167
lifandi	en	0.083333
lifandi	unga	0.062500
lit	og	0.264151
lit	með	0.141509
lit	en	0.084906
lit	á	0.047170
lit	í	0.037736
lit	sem	0.037736
lit	eftir	0.028302
liti	og	0.263158
liti	út	0.210526
ljúka	við	0.307692
lokin	er	0.250000
long	island	0.380952
long	beach	0.190476
long	og	0.190476
lyf	sem	0.210526
lyf	við	0.122807
lyf	og	0.105263
lyf	á	0.070175
lyf	geta	0.052632
lyf	hafa	0.052632
lyf	eru	0.052632
lygi	sem	0.500000
lykillinn	að	0.571429
lært	að	0.320000
lætur	sig	0.102941
lætur	hann	0.088235
lætur	þá	0.058824
lætur	hana	0.044118
lætur	eftir	0.044118
lætur	sér	0.044118
lætur	ekki	0.044118
léleg	eða	0.375000
lést	í	0.152542
lést	úr	0.081921
lést	þann	0.048023
lést	af	0.042373
lést	á	0.039548
lést	og	0.039548
lést	aðeins	0.036723
lést	eftir	0.033898
lést	hann	0.033898
lést	þegar	0.031073
lést	faðir	0.022599
lést	svo	0.022599
lést	ári	0.022599
lést	skömmu	0.019774
lést	áður	0.019774
lést	ára	0.016949
lést	um	0.014124
lést	þremur	0.011299
lést	var	0.011299
lést	stuttu	0.011299
lést	mars	0.008475
lést	en	0.008475
lést	september	0.008475
lést	við	0.008475
lést	að	0.008475
lést	síðan	0.008475
lést	skyndilega	0.008475
lést	hún	0.008475
lést	tók	0.008475
lífi	og	0.162304
lífi	sínu	0.115183
lífi	í	0.094241
lífi	en	0.057592
lífi	á	0.041885
lífi	fyrir	0.036649
lífi	hennar	0.036649
lífi	hans	0.031414
lífi	sem	0.026178
lífi	þeirra	0.026178
lífi	með	0.026178
lífi	af	0.020942
lífi	þar	0.015707
lífi	til	0.015707
lífi	ásamt	0.015707
lífi	vegna	0.015707
lífið	í	0.333333
lífið	og	0.068966
lífið	á	0.045977
lífið	við	0.034483
lífið	sem	0.034483
lífið	er	0.034483
lífið	eða	0.034483
lífið	sé	0.034483
línan	er	0.375000
línur	á	0.233333
línur	eru	0.133333
lögum	um	0.200000
lögum	og	0.111765
lögum	sem	0.070588
lögum	er	0.058824
lögum	frá	0.047059
lögum	í	0.047059
lögum	eins	0.029412
lögum	á	0.023529
lögum	að	0.023529
lögum	en	0.023529
lögum	með	0.017647
lögum	til	0.017647
lögum	var	0.017647
lönd	sem	0.200000
lönd	og	0.094118
lönd	í	0.058824
lönd	eru	0.058824
lönd	sín	0.047059
lönd	þar	0.047059
lönd	þeirra	0.035294
lönd	eftir	0.035294
lönd	hafa	0.035294
madison	og	0.333333
maga	og	0.375000
mal	og	0.625000
mamma	hans	0.500000
mamma	hennar	0.166667
manneskjan	sem	0.176471
manneskjan	er	0.176471
margar	tegundir	0.170103
margar	af	0.134021
margar	þeirra	0.056701
margar	hverjar	0.046392
margar	gerðir	0.046392
margar	bækur	0.046392
margar	aldir	0.046392
margar	sögur	0.041237
margar	mismunandi	0.041237
margar	myndir	0.025773
margar	greinar	0.020619
margar	gamlar	0.015464
margar	og	0.015464
margar	fleiri	0.015464
margar	helstu	0.015464
margar	klukkustundir	0.015464
margir	þeirra	0.075540
margir	aðrir	0.064748
margir	af	0.057554
margir	hafa	0.046763
margir	sem	0.039568
margir	telja	0.032374
margir	voru	0.028777
margir	saman	0.025180
margir	við	0.025180
margir	halda	0.021583
margir	að	0.021583
margir	segja	0.017986
margir	vilja	0.017986
margir	hverjir	0.017986
margir	menn	0.014388
margir	eru	0.010791
margir	íbúar	0.010791
margir	en	0.010791
margir	helstu	0.010791
margir	og	0.010791
margir	mjög	0.010791
margir	minni	0.010791
margt	fleira	0.149425
margt	bendir	0.080460
margt	er	0.080460
margt	fólk	0.068966
margt	annað	0.068966
margt	til	0.057471
margt	sem	0.057471
margt	sameiginlegt	0.057471
margt	að	0.045977
margt	af	0.045977
margt	á	0.034483
maríu	mey	0.172414
maríu	og	0.103448
mat	á	0.279661
mat	og	0.152542
mat	fyrir	0.042373
mat	með	0.025424
mat	er	0.025424
matur	og	0.312500
max	og	0.333333
meiddist	og	0.428571
menningu	og	0.387097
menningu	í	0.048387
menningu	með	0.048387
merki	um	0.416667
merki	að	0.058333
merki	þess	0.041667
merki	frá	0.041667
merki	á	0.033333
merki	fyrir	0.025000
merki	þetta	0.025000
merki	sem	0.025000
meta	hversu	0.119048
meta	árangur	0.071429
mey	og	0.400000
mig	og	0.150000
mig	en	0.075000
mig	langar	0.075000
mikill	fjöldi	0.182540
mikill	og	0.142857
mikill	munur	0.103175
mikill	að	0.087302
mikill	hluti	0.079365
mikill	vinur	0.031746
mikill	fyrir	0.023810
mikill	kostur	0.023810
mikill	í	0.023810
mikilvæg	í	0.206897
mikilvæg	fyrir	0.155172
mikilvæg	höfn	0.086207
mikilvæg	þar	0.051724
mikilvæg	tegund	0.051724
mikilvægur	hluti	0.394737
mikilvægur	í	0.210526
mikilvægur	til	0.078947
mikið	af	0.190294
mikið	um	0.075351
mikið	á	0.056194
mikið	og	0.056194
mikið	í	0.049808
mikið	magn	0.045977
mikið	að	0.044700
mikið	er	0.039591
mikið	notað	0.028097
mikið	til	0.026820
mikið	við	0.021711
mikið	fyrir	0.020434
mikið	var	0.019157
mikið	upp	0.016603
mikið	lof	0.016603
mikið	eftir	0.012771
mikið	með	0.011494
mikið	vitað	0.007663
mikið	en	0.007663
mikið	verið	0.007663
mikið	hefur	0.007663
mikið	fylgi	0.007663
mikið	úr	0.007663
mikið	áfall	0.007663
mikið	sem	0.006386
mikið	frá	0.006386
mikið	vatn	0.005109
mikið	þegar	0.003831
mikið	bæði	0.003831
mikið	vegna	0.003831
mikið	undir	0.003831
mikið	yfir	0.003831
mikið	fé	0.003831
mikið	safn	0.003831
mikið	breytt	0.003831
mikið	það	0.003831
mikið	eða	0.003831
mikla	athygli	0.385246
mikla	í	0.049180
mikla	og	0.040984
mikla	sem	0.032787
mikla	trú	0.032787
mikla	vinnu	0.032787
mikla	reynslu	0.024590
mikla	peninga	0.024590
mikla	sigra	0.024590
mikla	á	0.024590
miklar	breytingar	0.344828
miklar	áhyggjur	0.103448
miklar	vonir	0.086207
miklar	og	0.068966
miklar	en	0.068966
miklar	að	0.051724
miklar	upplýsingar	0.051724
miklum	áhrifum	0.173333
miklum	mæli	0.120000
miklum	árangri	0.106667
miklum	tíma	0.080000
miklum	fjölda	0.066667
miklum	mun	0.066667
miklum	hluta	0.053333
miklum	áhyggjum	0.040000
miklum	krafti	0.040000
milljónir	manna	0.216749
milljónir	íbúa	0.123153
milljónir	manns	0.078818
milljónir	og	0.068966
milljónir	dollara	0.064039
milljónir	í	0.059113
milljónir	en	0.054187
milljónir	sem	0.029557
milljónir	á	0.024631
milljónir	ára	0.019704
milljónir	eða	0.014778
milljónir	með	0.014778
milljónir	fyrir	0.014778
milljónir	dala	0.014778
milljónir	þar	0.014778
minnast	á	0.363636
minnti	á	0.555556
miða	við	0.235294
miða	að	0.176471
miða	á	0.088235
mjög	á	0.052288
mjög	vel	0.043137
mjög	og	0.027451
mjög	gott	0.026144
mjög	illa	0.024837
mjög	í	0.024837
mjög	til	0.023529
mjög	vinsæll	0.023529
mjög	stór	0.022222
mjög	góð	0.022222
mjög	hratt	0.019608
mjög	áberandi	0.016993
mjög	mikið	0.016993
mjög	erfitt	0.016993
mjög	mikil	0.015686
mjög	að	0.015686
mjög	lítið	0.015686
mjög	mismunandi	0.014379
mjög	úr	0.014379
mjög	lítil	0.013072
mjög	við	0.013072
mjög	af	0.011765
mjög	góða	0.011765
mjög	lík	0.011765
mjög	mikilvæg	0.010458
mjög	fljótt	0.009150
mjög	margir	0.009150
mjög	góðir	0.009150
mjög	oft	0.009150
mjög	hátt	0.007843
mjög	hægt	0.007843
mjög	reiður	0.006536
mjög	lítill	0.006536
mjög	stutt	0.006536
mjög	langt	0.006536
mjög	mikilvægur	0.006536
mjög	svo	0.006536
mjög	góður	0.006536
mjög	nærri	0.006536
mjög	litlar	0.005229
morgni	til	0.214286
morguninn	eftir	0.391304
morguninn	og	0.217391
moskvu	og	0.222222
munn	og	0.272727
munu	hafa	0.114286
munu	vera	0.071429
munu	um	0.057143
munu	verða	0.057143
munu	þó	0.057143
myndir	af	0.219355
myndir	og	0.109677
myndir	sem	0.083871
myndir	í	0.064516
myndir	hans	0.051613
myndir	eftir	0.045161
myndir	frá	0.045161
myndir	úr	0.038710
myndir	eru	0.025806
myndir	með	0.019355
myndir	hafa	0.019355
myndir	séu	0.019355
myndir	eins	0.019355
myndir	á	0.019355
myndir	til	0.019355
myndir	voru	0.019355
myndum	af	0.202703
myndum	og	0.121622
myndum	sem	0.081081
myndum	hans	0.067568
myndum	á	0.054054
myndum	um	0.040541
myndum	eftir	0.040541
myndum	eins	0.040541
myndum	í	0.040541
myrtir	og	0.333333
myrtir	af	0.266667
mál	sem	0.140777
mál	og	0.126214
mál	að	0.067961
mál	í	0.058252
mál	en	0.043689
mál	á	0.038835
mál	er	0.038835
mál	hans	0.038835
mál	sitt	0.033981
mál	eru	0.033981
mál	fyrir	0.024272
mál	þeirra	0.024272
mál	gegn	0.019417
mál	ef	0.014563
mál	til	0.014563
mál	voru	0.014563
mál	um	0.014563
mál	hefur	0.014563
máls	og	0.363636
máls	á	0.136364
mánudag	í	0.750000
mánuði	og	0.158228
mánuði	á	0.126582
mánuði	í	0.088608
mánuði	en	0.069620
mánuði	eftir	0.063291
mánuði	síðar	0.056962
mánuði	að	0.044304
mánuði	áður	0.037975
mánuði	þar	0.037975
mánuði	eða	0.037975
mánuði	til	0.031646
mánuði	var	0.018987
mánuði	fyrir	0.018987
mánuði	seinna	0.018987
mátti	finna	0.087500
mátti	ekki	0.050000
mátti	þó	0.050000
mátti	sjá	0.050000
mátti	lesa	0.037500
mátti	muna	0.037500
mátti	hann	0.037500
mínútum	síðar	0.315789
mínútum	og	0.210526
mínútur	að	0.206349
mínútur	og	0.174603
mínútur	en	0.111111
mínútur	í	0.079365
mínútur	var	0.079365
mínútur	á	0.063492
mörgu	leyti	0.594595
mörgu	er	0.081081
mörgu	öðru	0.081081
mörgum	öðrum	0.122093
mörgum	löndum	0.098837
mörgum	þeirra	0.058140
mörgum	árum	0.052326
mörgum	af	0.046512
mörgum	mismunandi	0.046512
mörgum	sinnum	0.040698
mörgum	talinn	0.029070
mörgum	og	0.023256
mörgum	vera	0.017442
mörgum	myndum	0.017442
mörgum	finnst	0.017442
mörgum	hlutum	0.017442
mörk	með	0.425926
mörk	í	0.155556
mörk	eða	0.100000
mörk	að	0.100000
mörk	á	0.044444
mörk	og	0.025926
mörk	fyrir	0.022222
mörk	sem	0.014815
n	og	0.181818
n	en	0.054545
n	er	0.054545
n	o	0.054545
n	ameríku	0.054545
nef	og	0.250000
nefndi	hann	0.296296
nefndu	hana	0.187500
nefnt	eftir	0.363636
nefnt	er	0.116883
nefnt	var	0.064935
nefnt	hefur	0.051948
nefnt	að	0.051948
neitt	að	0.088889
neitt	annað	0.088889
neitt	í	0.066667
netinu	í	0.166667
netinu	sem	0.125000
notkun	á	0.182796
notkun	í	0.118280
notkun	og	0.091398
notkun	þeirra	0.075269
notkun	þess	0.048387
notkun	er	0.032258
notkun	sem	0.026882
notkun	hennar	0.026882
notkun	var	0.021505
notkun	hans	0.016129
notkun	með	0.016129
notkun	frá	0.016129
notkun	um	0.016129
notkun	til	0.016129
nákvæmlega	eins	0.160714
nákvæmlega	hvenær	0.107143
nákvæmlega	sama	0.089286
nákvæmlega	vitað	0.071429
nákvæmlega	sömu	0.071429
nákvæmlega	hvar	0.053571
nám	í	0.341969
nám	við	0.253886
nám	og	0.077720
nám	til	0.046632
nám	á	0.031088
nám	vann	0.015544
nám	hjá	0.015544
nám	en	0.015544
nám	sitt	0.015544
nám	sem	0.015544
nánar	um	0.166667
nánast	eingöngu	0.079365
nánast	öll	0.063492
nánast	alltaf	0.047619
nánast	engin	0.047619
nánast	allar	0.047619
nánast	ekkert	0.047619
nánast	allt	0.047619
nánast	aldrei	0.039683
nánast	í	0.039683
nánast	öllum	0.031746
nánast	að	0.023810
nánast	engum	0.023810
nánast	hvaða	0.023810
nánast	alla	0.023810
nánast	frá	0.023810
nægir	að	0.375000
nægja	að	0.642857
nærri	því	0.205479
nærri	sér	0.095890
nærri	ár	0.068493
nærri	eins	0.054795
næsta	ár	0.319767
næsta	dag	0.116279
næsta	ári	0.081395
næsta	plata	0.046512
næsta	árs	0.040698
næsta	sumar	0.040698
næsta	leik	0.029070
næsta	stig	0.023256
næsta	skref	0.017442
næsta	þátt	0.017442
næsta	bæ	0.017442
næsta	vor	0.017442
næsta	mynd	0.017442
næsta	verkefni	0.017442
næstum	því	0.282828
næstum	allt	0.050505
næstum	öll	0.040404
næstum	alveg	0.030303
næstum	allir	0.030303
næstum	eins	0.030303
né	heldur	0.106061
né	í	0.045455
níunda	áratugnum	0.603175
níunda	áratug	0.142857
níunda	og	0.079365
nógu	vel	0.176471
nógu	lengi	0.088235
nógu	nálægt	0.058824
nógu	langt	0.058824
nógu	góður	0.044118
nótt	á	0.125000
nótt	í	0.125000
nöfn	á	0.126984
nöfn	sem	0.126984
nöfn	þeirra	0.111111
nöfn	eru	0.079365
nöfn	og	0.047619
nöfn	í	0.047619
nöfnin	eru	0.800000
númer	og	0.137255
númer	eitt	0.137255
númer	tvö	0.078431
númer	í	0.078431
númer	sex	0.058824
númer	á	0.058824
ný	og	0.178082
ný	lög	0.095890
ný	í	0.091324
ný	eftir	0.031963
ný	en	0.031963
ný	tækni	0.027397
ný	á	0.027397
ný	með	0.027397
ný	sem	0.022831
ný	til	0.018265
ný	orð	0.018265
ný	af	0.018265
ný	stjórn	0.018265
ný	tegund	0.013699
ný	við	0.013699
ný	stefna	0.013699
of	the	0.298913
of	mikið	0.076087
of	a	0.043478
of	mikil	0.024457
of	seint	0.021739
of	lítið	0.016304
of	hratt	0.013587
of	mikla	0.013587
of	langt	0.013587
of	á	0.010870
of	london	0.010870
of	lítill	0.010870
of	snemma	0.010870
of	stór	0.010870
of	american	0.008152
of	love	0.008152
of	new	0.008152
of	icelandic	0.008152
of	miklar	0.008152
of	lítil	0.008152
of	mikilli	0.008152
of	ung	0.008152
of	miklu	0.008152
of	kalt	0.008152
ofan	á	0.263636
ofan	í	0.160606
ofan	og	0.112121
ofan	við	0.096970
ofan	er	0.087879
ofan	af	0.057576
ofan	en	0.027273
ofan	til	0.015152
ofan	eru	0.015152
ofan	það	0.012121
ofan	var	0.009091
ofan	eða	0.009091
ofan	með	0.009091
ofan	að	0.009091
okkar	og	0.165049
okkar	á	0.097087
okkar	er	0.058252
okkar	um	0.048544
okkar	í	0.048544
okkar	daga	0.048544
okkar	eigin	0.038835
okkar	eru	0.029126
olli	því	0.230769
olli	miklu	0.169231
olli	miklum	0.092308
olli	það	0.061538
olli	mikilli	0.046154
olli	dauða	0.046154
opinberlega	að	0.137255
opinberlega	og	0.117647
opinberlega	í	0.058824
opinberlega	sem	0.058824
opinberlega	yfir	0.058824
opinberlega	er	0.058824
opnast	og	0.233333
opnast	við	0.100000
opnum	örmum	0.272727
orð	sem	0.190000
orð	og	0.070000
orð	í	0.060000
orð	á	0.050000
orð	af	0.035000
orð	er	0.035000
orð	fyrir	0.030000
orð	hans	0.025000
orð	falla	0.025000
orð	búin	0.020000
orð	eru	0.020000
orð	eða	0.020000
orð	en	0.015000
orð	eins	0.015000
orð	að	0.015000
orð	voru	0.015000
orð	ársins	0.015000
orð	geta	0.015000
orð	úr	0.015000
oxford	oxford	0.263158
oxford	og	0.157895
oxford	street	0.157895
parísar	og	0.250000
parísar	í	0.200000
parísar	þar	0.150000
peningar	til	0.250000
pláss	fyrir	0.478261
pláss	er	0.130435
plötu	með	0.168675
plötu	sem	0.120482
plötu	sína	0.072289
plötu	hennar	0.048193
plötu	sinni	0.048193
plötu	var	0.036145
plötu	fyrir	0.036145
plötu	og	0.036145
plötu	í	0.036145
plötu	ársins	0.036145
plús	eða	0.400000
punktur	í	0.190476
punktur	er	0.142857
rafmagn	til	0.130435
rafmagn	með	0.130435
rafmagn	er	0.130435
rafmagn	var	0.130435
raka	og	0.583333
rann	til	0.155556
rann	upp	0.088889
rann	í	0.088889
rann	yfir	0.066667
rann	niður	0.066667
rann	út	0.066667
raunar	er	0.123288
raunar	var	0.068493
raunar	á	0.041096
reglum	um	0.285714
reglum	sem	0.166667
reglum	og	0.095238
reglum	en	0.071429
reglur	um	0.333333
reglur	sem	0.103448
reglur	gilda	0.091954
reglur	eru	0.045977
reglur	fyrir	0.045977
reglur	þegar	0.045977
reglur	í	0.045977
reikna	út	0.565217
reikna	með	0.130435
reikna	á	0.130435
rekinn	úr	0.362069
rekinn	frá	0.103448
rekinn	af	0.068966
rekinn	sem	0.068966
rekinn	fyrir	0.051724
rekinn	burt	0.051724
rekinn	í	0.051724
reyndist	vera	0.152778
reyndist	að	0.069444
reyndist	ekki	0.069444
reyndist	það	0.055556
reyndist	þó	0.055556
reyndist	hins	0.041667
reyndist	svo	0.041667
reynir	að	0.656489
reynir	hvað	0.030534
reynir	hann	0.030534
reynst	að	0.185185
reynst	erfitt	0.148148
reynst	vera	0.111111
rigna	yfir	0.600000
rithöfundur	og	0.393939
rithöfundur	en	0.181818
robert	og	0.088235
rokk	og	0.346154
rokk	en	0.115385
ronald	m	0.500000
ross	og	0.187500
rás	og	0.120000
ráð	fyrir	0.726190
ráð	að	0.095238
ráð	og	0.029762
ráð	sem	0.023810
ráð	um	0.023810
rætt	um	0.410714
rætt	er	0.160714
rætt	var	0.107143
rætt	við	0.089286
rætt	hefur	0.053571
réttarhöld	yfir	0.300000
ríki	og	0.117073
ríki	sem	0.117073
ríki	í	0.107317
ríki	sitt	0.053659
ríki	heims	0.048780
ríki	hafa	0.034146
ríki	með	0.029268
ríki	á	0.029268
ríki	til	0.024390
ríki	hafi	0.024390
ríki	að	0.019512
ríki	en	0.019512
ríki	innan	0.019512
ríki	sínu	0.019512
ríki	er	0.014634
ríki	eins	0.014634
ríki	geti	0.014634
ríki	hans	0.014634
ríki	var	0.014634
ríkir	um	0.176471
ríku	og	1.000000
rísa	upp	0.294118
rísa	á	0.235294
rúm	ár	0.218750
rúm	þúsund	0.125000
rúm	fyrir	0.093750
rúmlega	þúsund	0.201439
rúmlega	milljónir	0.100719
rúmlega	manns	0.057554
rúmlega	fimm	0.043165
rúmlega	tuttugu	0.028777
rúmlega	eitt	0.028777
rúmlega	helmingur	0.028777
rúmlega	km	0.021583
rúmlega	tveggja	0.021583
rúmlega	ár	0.021583
rúmlega	en	0.021583
rúmlega	árum	0.021583
rúmlega	tonn	0.021583
rúmlega	í	0.021583
saga	er	0.106796
saga	hin	0.097087
saga	að	0.058252
saga	og	0.048544
saga	var	0.048544
saga	sem	0.048544
saga	segir	0.038835
saga	um	0.029126
saga	af	0.029126
saga	hans	0.029126
sagt	að	0.359375
sagt	er	0.208333
sagt	var	0.062500
sagt	frá	0.039062
sagt	upp	0.033854
sagt	um	0.031250
sagt	hefur	0.015625
sagt	af	0.015625
sagt	vera	0.013021
sagt	við	0.010417
sagt	sé	0.010417
sagt	til	0.010417
sagt	sig	0.010417
sagt	honum	0.007812
sagt	ég	0.007812
sagt	þeim	0.007812
sagðist	hafa	0.166667
sagðist	ekki	0.142857
sagðist	hann	0.083333
sagðist	vera	0.071429
sagðist	vilja	0.047619
sagðist	ætla	0.047619
sagðist	einnig	0.035714
sagðist	geta	0.035714
sagðist	þó	0.035714
sagðist	hún	0.035714
sakleysi	sínu	0.400000
sambandi	við	0.583333
sambandi	með	0.083333
sambandi	þeirra	0.072917
sambandi	hans	0.031250
sambandi	sínu	0.031250
sami	og	0.375000
samkvæmt	lögum	0.111801
samkvæmt	reglum	0.062112
samkvæmt	því	0.062112
samkvæmt	þessari	0.055901
samkvæmt	honum	0.043478
samkvæmt	þeim	0.037267
samkvæmt	sumum	0.037267
samkvæmt	henni	0.037267
samkvæmt	frétt	0.024845
samkvæmt	einni	0.024845
samkvæmt	kenningu	0.024845
samkvæmt	þessu	0.024845
samkvæmt	samningnum	0.018634
samkvæmt	sögunni	0.018634
samkvæmt	mati	0.018634
samkvæmt	tölum	0.018634
samkvæmt	grein	0.018634
samkvæmt	listanum	0.018634
samræmi	við	0.930556
samskipti	við	0.428571
samskipti	og	0.098901
samskipti	milli	0.098901
samskipti	þeirra	0.076923
samþykkt	að	0.140187
samþykkt	á	0.084112
samþykkt	af	0.084112
samþykkt	var	0.074766
samþykkt	með	0.065421
samþykkt	í	0.065421
samþykkt	og	0.056075
samþykkt	fyrir	0.028037
samþykkt	þann	0.028037
samþykkt	lög	0.028037
samþykkt	um	0.028037
sautján	ára	0.636364
segir	að	0.318637
segir	frá	0.124248
segir	í	0.076152
segir	honum	0.054108
segir	til	0.040080
segir	hann	0.038076
segir	henni	0.026052
segir	um	0.026052
segir	hún	0.016032
segir	þeim	0.014028
segir	svo	0.012024
segir	okkur	0.010020
segir	það	0.010020
segir	ég	0.008016
segir	sögu	0.008016
segir	ekki	0.008016
segir	meðal	0.008016
segir	þó	0.006012
segir	þá	0.006012
segir	við	0.006012
segir	shelby	0.006012
segir	var	0.006012
segir	harry	0.006012
segir	m	0.006012
segir	ted	0.006012
segir	sagan	0.006012
segja	að	0.325444
segja	af	0.128205
segja	má	0.069034
segja	til	0.049310
segja	frá	0.035503
segja	um	0.033531
segja	honum	0.013807
segja	það	0.013807
segja	þá	0.013807
segja	með	0.009862
segja	þær	0.009862
segja	þeir	0.009862
segja	upp	0.007890
segja	mætti	0.007890
segja	og	0.007890
segja	á	0.007890
segja	hann	0.007890
segja	þegar	0.007890
segja	sögur	0.007890
segja	þó	0.005917
segja	sig	0.005917
segja	satt	0.005917
segja	hvað	0.005917
segja	hafa	0.005917
segja	ekki	0.005917
segja	skilið	0.005917
seint	á	0.517647
seint	í	0.141176
seint	að	0.082353
seint	og	0.058824
seint	um	0.058824
seint	til	0.035294
sel	og	0.666667
selt	yfir	0.222222
selt	í	0.133333
selt	rúmlega	0.066667
selt	sem	0.066667
selt	á	0.066667
sem	er	0.077960
sem	hann	0.056718
sem	var	0.053454
sem	eru	0.029964
sem	hún	0.022313
sem	hefur	0.018353
sem	voru	0.015945
sem	þeir	0.015892
sem	að	0.014072
sem	ekki	0.013591
sem	hafa	0.011932
sem	og	0.011879
sem	hafði	0.010220
sem	það	0.010059
sem	kom	0.009043
sem	áður	0.008454
sem	á	0.008347
sem	þá	0.007866
sem	sýnir	0.007545
sem	í	0.006849
sem	þau	0.006474
sem	nú	0.006367
sem	varð	0.006207
sem	gerir	0.005939
sem	þýðir	0.005832
sem	átti	0.005672
sem	kallast	0.005190
sem	einnig	0.004923
sem	hægt	0.004816
sem	dæmi	0.004762
sem	heitir	0.004709
sem	þær	0.004655
sem	við	0.004602
sem	enn	0.004281
sem	síðar	0.004174
sem	verður	0.004013
sem	hét	0.003906
sem	getur	0.003906
sem	kemur	0.003746
sem	þar	0.003639
send	til	0.514286
send	í	0.171429
send	út	0.085714
september	og	0.165775
september	var	0.128342
september	til	0.069519
september	en	0.053476
september	sama	0.042781
september	eftir	0.037433
september	er	0.032086
september	tók	0.032086
september	í	0.032086
september	að	0.026738
september	voru	0.021390
september	á	0.021390
september	með	0.021390
september	um	0.021390
september	af	0.021390
september	það	0.016043
sest	að	0.423077
sest	í	0.269231
sest	á	0.115385
settu	svip	0.100000
settu	á	0.080000
settu	upp	0.080000
settu	fram	0.060000
sex	ára	0.123596
sex	ár	0.071161
sex	mánuði	0.056180
sex	sinnum	0.052434
sex	börn	0.044944
sex	daga	0.041199
sex	til	0.033708
sex	dögum	0.029963
sex	árum	0.026217
sex	þúsund	0.022472
sex	og	0.022472
sex	af	0.018727
sex	manna	0.018727
sex	úr	0.018727
sex	sem	0.014981
sex	eða	0.014981
sex	metra	0.014981
sex	vikur	0.014981
sex	milljónir	0.014981
sex	lög	0.011236
sex	bækur	0.011236
sex	menn	0.011236
sex	vikna	0.011236
sex	eru	0.011236
sex	konur	0.011236
sigla	til	0.113636
sigla	um	0.113636
sigla	frá	0.090909
sigla	yfir	0.090909
sinna	og	0.245161
sinna	í	0.064516
sinna	á	0.058065
sinna	en	0.058065
sinna	að	0.045161
sinna	við	0.032258
sinna	sem	0.032258
sinna	eða	0.025806
sinna	til	0.019355
sinna	þar	0.019355
sinna	um	0.019355
sinna	meðal	0.019355
sinna	með	0.019355
sinni	og	0.146974
sinni	á	0.095101
sinni	í	0.072046
sinni	til	0.067723
sinni	að	0.043228
sinni	um	0.037464
sinni	sem	0.031700
sinni	með	0.024496
sinni	en	0.021614
sinni	var	0.012968
sinni	þar	0.012968
sinni	fyrir	0.012968
sinni	voru	0.011527
sinni	við	0.011527
sinni	af	0.010086
sinni	stjórn	0.008646
sinni	eða	0.008646
sinni	er	0.008646
sinni	hefur	0.007205
sinni	fyrstu	0.007205
sinni	þegar	0.007205
sinni	the	0.005764
sinni	verið	0.005764
sinni	fyrr	0.005764
sinni	frá	0.005764
sinni	eigin	0.005764
sinni	ekki	0.005764
sinni	innan	0.005764
sinni	segir	0.004323
sinni	ef	0.004323
sinni	önnu	0.004323
sinni	úr	0.004323
sinni	áður	0.004323
sinni	sögu	0.004323
sinni	heldur	0.004323
sinni	yfir	0.004323
sinni	mary	0.004323
sinni	áfram	0.004323
sinnum	á	0.166102
sinnum	í	0.118644
sinnum	og	0.067797
sinnum	til	0.030508
sinnum	en	0.030508
sinnum	að	0.030508
sinnum	orðið	0.027119
sinnum	um	0.027119
sinnum	stærri	0.027119
sinnum	verið	0.023729
sinnum	fyrir	0.023729
sinnum	meira	0.020339
sinnum	síðast	0.016949
sinnum	unnið	0.013559
sinnum	hefur	0.013559
sinnum	síðan	0.013559
sinnum	hærri	0.010169
sinnum	eftir	0.010169
sinnum	áður	0.010169
sjaldan	yfir	0.065789
sjaldan	í	0.065789
sjaldan	notað	0.052632
sjaldan	á	0.052632
sjaldan	meira	0.052632
sjaldan	fyrir	0.052632
sjaldan	og	0.039474
sjaldan	til	0.039474
sjaldan	að	0.039474
sjá	um	0.172603
sjá	að	0.082192
sjá	í	0.057534
sjá	má	0.052055
sjá	til	0.038356
sjá	fyrir	0.038356
sjá	á	0.035616
sjá	þau	0.016438
sjá	mynd	0.013699
sjá	einnig	0.013699
sjá	hvort	0.010959
sjá	hversu	0.010959
sjá	hvernig	0.010959
sjá	hér	0.010959
sjá	hann	0.010959
sjá	og	0.010959
sjá	af	0.010959
sjá	hvaða	0.008219
sjá	t	0.008219
sjá	nánar	0.008219
sjá	sig	0.008219
sjá	hana	0.008219
sjálf	er	0.160000
sjálf	var	0.050000
sjálf	og	0.050000
sjálf	á	0.040000
sjálf	við	0.040000
sjálf	hefur	0.030000
sjálf	til	0.030000
sjálf	í	0.030000
sjálfri	sér	0.352941
sjálfri	og	0.205882
sjálfu	sér	0.696970
sjúkrahús	í	0.272727
sjúkrahúsinu	í	0.750000
skaut	hann	0.179487
skaut	á	0.102564
skellur	á	0.800000
skemmta	sér	0.470588
skemmti	sér	0.500000
skera	úr	0.310345
skera	út	0.103448
skila	af	0.148148
skila	inn	0.111111
skila	sér	0.111111
skilaboð	til	0.280000
skilaboð	frá	0.200000
skilaboð	og	0.120000
skildu	þegar	0.096774
skildu	og	0.096774
skildu	í	0.096774
skildu	þau	0.096774
skilin	milli	0.260870
skilin	eftir	0.173913
skilin	að	0.130435
skilin	frá	0.130435
skilinn	eftir	0.636364
skilningi	að	0.162162
skilningi	getur	0.108108
skilningi	er	0.108108
skilningi	sem	0.081081
skipar	þeim	0.250000
skipun	um	0.250000
skipun	hans	0.166667
skora	mörk	0.240000
skot	í	0.176471
skoða	og	0.081081
skrímsli	sem	0.363636
skyldi	vera	0.162791
skyldi	ekki	0.046512
skyldi	hafa	0.046512
skyldi	fá	0.038760
skyldi	verða	0.038760
skyldi	um	0.031008
skyldi	halda	0.031008
skyldi	haldið	0.023256
skyldi	við	0.023256
skyldi	breytt	0.023256
skyldi	nota	0.023256
skál	eða	0.285714
skála	sem	0.266667
sleppa	við	0.115385
sleppa	því	0.115385
sleppa	úr	0.076923
sleppa	en	0.076923
sleppa	og	0.076923
sleppa	undan	0.057692
slá	á	0.233333
slá	í	0.233333
smith	og	0.176471
smith	sem	0.137255
smith	s	0.058824
smith	var	0.058824
sonar	síns	0.588235
sonar	hans	0.235294
spila	á	0.262774
spila	með	0.087591
spila	í	0.065693
spila	og	0.065693
spila	fyrir	0.036496
spila	saman	0.036496
spila	leikinn	0.021898
sprakk	í	0.312500
sprengiefni	sem	0.600000
spurningin	um	0.500000
spyrja	sig	0.187500
spá	fyrir	0.727273
stafa	af	0.344828
stafa	númer	0.206897
stafa	sem	0.103448
stakk	upp	0.416667
stakk	búinn	0.083333
stakk	búið	0.083333
standi	í	0.238095
starfa	í	0.120419
starfa	á	0.104712
starfa	sem	0.099476
starfa	við	0.094241
starfa	að	0.078534
starfa	um	0.062827
starfa	þar	0.041885
starfa	hjá	0.041885
starfa	og	0.031414
starfa	saman	0.020942
starfa	með	0.020942
starfa	innan	0.015707
starfa	en	0.015707
starfa	undir	0.015707
staðar	í	0.295000
staðar	á	0.115000
staðar	er	0.090000
staðar	en	0.055000
staðar	og	0.050000
staðar	sem	0.030000
staðar	þar	0.025000
staðar	fyrir	0.025000
staðar	þegar	0.020000
staðar	til	0.020000
staðar	með	0.015000
staðar	eru	0.015000
staðar	að	0.015000
staðar	frá	0.015000
staðar	við	0.015000
staðinn	fyrir	0.392523
staðinn	og	0.074766
staðinn	var	0.046729
staðinn	að	0.037383
staðinn	þar	0.028037
staðinn	á	0.028037
stefnir	að	0.444444
stekkur	á	0.214286
stendur	fyrir	0.137536
stendur	á	0.120344
stendur	í	0.077364
stendur	við	0.057307
stendur	yfir	0.051576
stendur	enn	0.051576
stendur	að	0.045845
stendur	til	0.022923
stendur	nú	0.017192
stendur	eftir	0.014327
stendur	er	0.014327
stendur	það	0.014327
stendur	en	0.014327
stendur	upp	0.011461
stendur	þá	0.011461
stendur	hann	0.008596
stendur	nálægt	0.008596
stendur	ekki	0.008596
stendur	einnig	0.008596
stendur	þar	0.008596
stendur	saman	0.008596
stendur	frammi	0.008596
stendur	sem	0.008596
sterkari	en	0.476190
sterkari	og	0.285714
stiga	og	0.411765
stilla	til	0.347826
stilla	sér	0.173913
stilla	upp	0.130435
stillt	upp	0.428571
stinga	sér	0.294118
stinga	upp	0.235294
stjórna	á	0.068182
stjórna	og	0.068182
stjórna	borginni	0.068182
strax	á	0.156977
strax	í	0.145349
strax	eftir	0.069767
strax	að	0.069767
strax	og	0.069767
strax	við	0.046512
strax	ári	0.023256
strax	næsta	0.023256
strax	til	0.017442
strax	upp	0.017442
strax	mikla	0.017442
strax	um	0.017442
strax	af	0.017442
ströndinni	og	0.320000
ströndinni	að	0.120000
stund	á	0.735849
stund	við	0.075472
stutta	tíma	0.260870
stutta	stund	0.173913
stytta	af	0.447368
stytta	sem	0.105263
stytta	sér	0.078947
stækka	og	0.241379
stærra	en	0.482759
stærra	og	0.103448
stærra	hlutverk	0.103448
stærsta	borg	0.253886
stærsta	í	0.088083
stærsta	borgin	0.082902
stærsta	og	0.072539
stærsta	eyjan	0.046632
stærsta	eyja	0.036269
stærsta	vatn	0.036269
stærsta	sinnar	0.031088
stærsta	safn	0.031088
stærsta	land	0.031088
stærsta	fylki	0.020725
stærsta	hluta	0.015544
stærsta	er	0.015544
stærsta	vatnið	0.015544
stærsta	á	0.015544
stærsti	hluti	0.255814
stærsti	í	0.162791
stærsti	bærinn	0.093023
stærsti	sem	0.069767
stærsti	og	0.069767
stærsti	er	0.069767
stökk	og	0.176471
stökk	metra	0.176471
sumt	af	0.555556
svalur	og	0.568627
svalur	er	0.058824
svar	við	0.583333
sveit	og	0.130435
sveit	með	0.130435
sveitinni	og	0.216216
sveitinni	í	0.108108
sveitinni	eru	0.108108
sveitinni	en	0.108108
sveitinni	á	0.081081
svæði	sem	0.157447
svæði	í	0.110638
svæði	og	0.085106
svæði	þar	0.072340
svæði	er	0.051064
svæði	eða	0.034043
svæði	á	0.034043
svæði	með	0.025532
svæði	til	0.025532
svæði	en	0.025532
svæði	eru	0.025532
svæði	innan	0.017021
svæði	hafa	0.017021
svæði	fyrir	0.017021
svæði	var	0.012766
svæði	kallast	0.012766
svört	með	0.343750
svört	á	0.156250
svört	og	0.156250
svörtum	og	0.200000
syngja	á	0.200000
syngja	og	0.127273
syngja	með	0.072727
syngja	í	0.072727
synir	hans	0.424242
synir	þeirra	0.242424
synir	hennar	0.151515
sást	síðast	0.129032
sást	í	0.096774
sást	á	0.096774
sáu	um	0.295082
sáu	að	0.081967
sáu	sér	0.049180
sáu	þeir	0.049180
sáu	fram	0.049180
sáu	menn	0.049180
sækja	um	0.177083
sækja	í	0.062500
sækja	þær	0.031250
sækja	sér	0.031250
sækja	en	0.031250
sækja	og	0.031250
sætta	sig	0.857143
sérstaka	athygli	0.160000
sést	á	0.132353
sést	í	0.117647
sést	að	0.110294
sést	ekki	0.044118
sést	hann	0.036765
sést	það	0.029412
sést	þar	0.029412
sést	vel	0.029412
sést	hefur	0.029412
sést	oft	0.022059
sést	til	0.022059
sést	við	0.022059
sínar	og	0.138528
sínar	í	0.129870
sínar	á	0.103896
sínar	um	0.077922
sínar	að	0.069264
sínar	eigin	0.047619
sínar	með	0.047619
sínar	til	0.043290
sínar	hendur	0.038961
sínar	sem	0.038961
sínar	eftir	0.017316
sínar	við	0.017316
sínar	en	0.017316
sínar	þar	0.012987
sínar	fyrir	0.012987
síns	og	0.189655
síns	sem	0.090517
síns	tíma	0.086207
síns	en	0.064655
síns	í	0.064655
síns	til	0.034483
síns	á	0.030172
síns	með	0.030172
síns	heima	0.030172
síns	við	0.025862
síns	var	0.017241
síns	þar	0.012931
síns	um	0.012931
síns	frá	0.012931
síns	er	0.012931
söng	í	0.088889
söng	inn	0.077778
söng	og	0.077778
söng	á	0.066667
söng	einnig	0.066667
söng	hann	0.055556
söng	hún	0.033333
söng	með	0.033333
sýna	að	0.210526
sýna	fram	0.189474
sýna	hana	0.026316
sýna	þeim	0.021053
sýna	þá	0.021053
sýna	tengsl	0.015789
sýna	sér	0.015789
sýna	hvernig	0.015789
sýna	þó	0.015789
sýna	mismunandi	0.015789
sýnir	að	0.132867
sýnir	hvernig	0.048951
sýnir	fram	0.027972
sýnir	hvítt	0.027972
sýnir	svartan	0.020979
sýnir	hún	0.020979
sýnir	og	0.020979
sýnir	einnig	0.020979
sýnir	helstu	0.020979
sýnir	það	0.020979
taka	þátt	0.146526
taka	við	0.129909
taka	upp	0.095166
taka	á	0.055891
taka	að	0.027190
taka	í	0.025680
taka	ekki	0.018127
taka	sér	0.016616
taka	með	0.016616
taka	til	0.016616
taka	hann	0.015106
taka	það	0.015106
taka	þá	0.013595
taka	sæti	0.010574
taka	yfir	0.010574
taka	fram	0.010574
taka	sem	0.009063
taka	um	0.007553
taka	völdin	0.007553
taka	fyrir	0.007553
taka	af	0.007553
taka	myndir	0.007553
taka	saman	0.007553
taka	aftur	0.007553
taka	þeir	0.006042
taka	bæði	0.006042
taka	meira	0.006042
taka	frá	0.006042
taka	þær	0.006042
taka	niður	0.006042
taka	undir	0.004532
taka	og	0.004532
taka	út	0.004532
taka	ákvörðun	0.004532
taka	inn	0.004532
taka	sig	0.004532
taki	á	0.125000
taki	við	0.125000
taki	til	0.093750
taki	gildi	0.093750
taki	að	0.093750
talað	um	0.600806
talað	er	0.169355
talað	var	0.056452
talað	af	0.040323
talað	fyrir	0.024194
talað	inn	0.016129
talað	gegn	0.012097
talað	mál	0.012097
talaði	fyrir	0.204545
talaði	um	0.113636
talaði	hann	0.068182
talsvert	í	0.116883
talsvert	af	0.077922
talsvert	á	0.077922
talsvert	og	0.064935
talsvert	stærri	0.064935
talsvert	um	0.038961
talsvert	minni	0.038961
talsvert	minna	0.038961
taugarnar	á	1.000000
tegundir	af	0.181818
tegundir	eru	0.169960
tegundir	sem	0.114625
tegundir	í	0.071146
tegundir	hafa	0.047431
tegundir	og	0.043478
tegundir	geta	0.019763
tegundir	eins	0.015810
tegundir	með	0.015810
tegundir	vaxa	0.015810
tegundir	úr	0.011858
tegundir	eða	0.011858
tegundir	á	0.011858
tegundir	lifa	0.011858
tegundir	eiga	0.011858
tekið	upp	0.157282
tekið	þátt	0.139806
tekið	við	0.075728
tekið	í	0.056311
tekið	á	0.046602
tekið	fram	0.042718
tekið	til	0.038835
tekið	að	0.031068
tekið	sér	0.023301
tekið	er	0.023301
tekið	af	0.021359
tekið	var	0.019417
tekið	úr	0.019417
tekið	fyrir	0.015534
tekið	og	0.013592
tekið	yfir	0.011650
tekið	eftir	0.011650
tekið	saman	0.011650
tekið	allt	0.009709
tekið	með	0.009709
tekið	hann	0.009709
tekið	hafa	0.009709
tekið	gildi	0.007767
tekið	um	0.007767
tekið	miklum	0.005825
tekið	undir	0.005825
tekið	sem	0.005825
tekið	marga	0.005825
tekið	hefur	0.005825
tekið	inn	0.005825
tekið	niður	0.005825
tekið	þá	0.005825
tengist	við	0.114286
tengist	ekki	0.085714
tengist	því	0.085714
tennurnar	eru	0.384615
texas	og	0.375000
thomas	hefur	0.125000
thomas	að	0.093750
thomas	jefferson	0.093750
thompson	f	0.214286
til	að	0.373435
til	þess	0.142045
til	dæmis	0.035655
til	ársins	0.018198
til	og	0.016140
til	í	0.013834
til	eru	0.010705
til	baka	0.010375
til	um	0.008893
til	kynna	0.008564
til	staðar	0.008070
til	sín	0.007987
til	vinstri	0.006423
til	landsins	0.006423
til	hægri	0.006094
til	við	0.005929
til	starfa	0.005764
til	en	0.005435
til	á	0.005188
til	dauða	0.005023
til	sögunnar	0.004776
til	af	0.004776
til	bandaríkjanna	0.004694
til	valda	0.004694
til	mm	0.004694
til	hann	0.004529
til	þeirra	0.004364
til	vill	0.004364
til	þessa	0.004200
til	m	0.004200
til	þegar	0.004117
til	er	0.004117
til	muna	0.003870
til	ára	0.003706
til	var	0.003623
til	hans	0.003294
til	metra	0.003129
til	bana	0.003047
til	sem	0.002964
til	æviloka	0.002964
tilefni	af	0.509091
tilefni	til	0.163636
tilefni	var	0.072727
tilefni	ára	0.072727
tilfinningar	til	0.179487
tilfinningar	sínar	0.179487
tilfinningar	í	0.102564
tilfinningu	fyrir	0.357143
tilgang	og	0.500000
tilgangi	að	0.615385
tilgangi	og	0.076923
tilgangi	en	0.046154
tilgangi	til	0.046154
tilviljun	í	0.250000
tilviljun	að	0.250000
tommy	lee	0.428571
treysta	á	0.304348
trú	og	0.186813
trú	á	0.175824
trú	að	0.098901
trú	sína	0.065934
trú	sem	0.054945
trú	um	0.054945
trú	eða	0.043956
trú	þar	0.032967
trú	sinni	0.032967
trúir	því	0.250000
tveim	árum	0.173913
tveim	og	0.130435
tvennt	og	0.352941
tvær	dætur	0.091912
tvær	tegundir	0.073529
tvær	vikur	0.051471
tvær	bækur	0.047794
tvær	aldir	0.044118
tvær	eða	0.040441
tvær	milljónir	0.036765
tvær	og	0.033088
tvær	plötur	0.033088
tvær	eldri	0.025735
tvær	í	0.025735
tvær	til	0.022059
tvær	mismunandi	0.022059
tvær	klukkustundir	0.022059
tvær	gerðir	0.018382
tvær	konur	0.018382
tvær	saman	0.018382
tvær	af	0.018382
tvær	sögur	0.014706
tvær	en	0.014706
tvær	litlar	0.011029
tvær	myndir	0.011029
tvær	voru	0.011029
tvær	systur	0.011029
tvær	línur	0.011029
tvær	hafa	0.011029
tvær	tölur	0.011029
tvær	sem	0.011029
tvær	greinar	0.011029
tvær	helstu	0.011029
tæki	til	0.164384
tæki	sem	0.123288
tæki	við	0.095890
tæki	og	0.068493
tæki	ekki	0.068493
tæki	þátt	0.041096
tæki	í	0.041096
tækni	og	0.184211
tækni	sem	0.157895
tækni	til	0.078947
tækni	við	0.052632
tækni	í	0.052632
tækni	er	0.052632
tækni	að	0.039474
tækni	hefur	0.039474
tæknilega	séð	0.357143
tæknilega	er	0.214286
tími	til	0.142857
tími	er	0.142857
tími	sem	0.125000
tími	líður	0.053571
tíu	ára	0.181287
tíu	ár	0.140351
tíu	árum	0.058480
tíu	sinnum	0.046784
tíu	þúsund	0.046784
tíu	daga	0.040936
tíu	dögum	0.029240
tíu	til	0.023392
tíu	stærstu	0.023392
tíu	landa	0.017544
tíu	mörk	0.017544
tíu	árin	0.017544
tíu	stig	0.017544
tíu	mánuði	0.017544
tókst	að	0.493506
tókst	ekki	0.123377
tókst	honum	0.077922
tókst	þeim	0.048701
tókst	þó	0.035714
tókst	með	0.019481
tókst	hins	0.019481
tókst	þá	0.009740
tókst	það	0.009740
tókst	vel	0.009740
tókst	aldrei	0.009740
tölu	og	0.111111
tölu	sem	0.111111
tölu	á	0.083333
tölum	og	0.294118
tölum	frá	0.235294
tölva	er	0.230769
tölvu	og	0.315789
tölvu	eða	0.157895
unga	aldri	0.454545
unga	fólkið	0.054545
ungar	konur	0.227273
ungar	eru	0.136364
ungur	að	0.225352
ungur	maður	0.183099
ungur	og	0.126761
ungur	drengur	0.042254
ungur	til	0.042254
united	og	0.181818
united	sem	0.136364
uns	hann	0.384615
upp	á	0.237495
upp	í	0.205632
upp	úr	0.082623
upp	og	0.060393
upp	að	0.032234
upp	af	0.031123
upp	frá	0.021119
upp	með	0.018896
upp	við	0.016673
upp	fyrir	0.016302
upp	um	0.015561
upp	sem	0.015191
upp	til	0.013709
upp	en	0.009633
upp	eftir	0.008892
upp	hjá	0.007781
upp	aftur	0.007410
upp	eða	0.004817
upp	nafnið	0.004817
upp	þar	0.004446
upp	þegar	0.003705
upp	mynd	0.003335
upp	var	0.003335
upp	komust	0.002964
upp	eins	0.002594
upp	störfum	0.002594
upp	undir	0.002594
upp	nokkur	0.002223
upp	þá	0.002223
upp	gegn	0.002223
upp	er	0.002223
upp	kollinum	0.001853
upp	sú	0.001853
upp	eru	0.001853
upp	her	0.001853
upp	fyrsta	0.001853
upp	vegna	0.001853
upp	kom	0.001853
upp	milli	0.001853
upp	fyrstu	0.001853
upphaf	sitt	0.194444
upphaf	og	0.083333
upptökur	á	0.250000
upptökur	fóru	0.187500
upptökur	af	0.156250
upptökur	með	0.093750
utan	um	0.196296
utan	við	0.103704
utan	á	0.055556
utan	og	0.051852
utan	með	0.033333
utan	til	0.033333
utan	en	0.025926
utan	að	0.025926
utan	í	0.022222
utan	það	0.022222
utan	bandaríkjanna	0.018519
utan	þess	0.018519
utan	frá	0.018519
utan	borgina	0.014815
utan	úr	0.014815
utan	kirkjuna	0.011111
utan	hins	0.011111
utan	heimili	0.011111
utan	þeirra	0.011111
vafi	leikur	0.333333
vafi	á	0.333333
val	á	0.244898
val	og	0.142857
val	í	0.061224
val	til	0.061224
val	sem	0.061224
val	um	0.061224
valdi	sínu	0.134328
valdi	á	0.104478
valdi	hann	0.074627
valdi	og	0.074627
valdi	í	0.059701
valdi	yfir	0.044776
valdi	að	0.044776
valdir	úr	0.230769
valdir	í	0.230769
vanalega	ekki	0.086207
vanalega	í	0.086207
vanalega	til	0.068966
vandinn	er	0.600000
vandræðum	með	0.235294
var	að	0.056159
var	í	0.055923
var	hann	0.040564
var	á	0.029852
var	ekki	0.024496
var	það	0.021030
var	þá	0.020321
var	hún	0.019376
var	einnig	0.016068
var	þó	0.015753
var	um	0.014178
var	fyrst	0.012917
var	því	0.012209
var	svo	0.010555
var	með	0.010397
var	mjög	0.010003
var	af	0.009373
var	einn	0.009216
var	til	0.009137
var	þar	0.008428
var	fyrsta	0.008270
var	við	0.007719
var	ára	0.007719
var	fyrsti	0.007719
var	síðan	0.007640
var	gefin	0.007640
var	sett	0.007325
var	áður	0.006931
var	sú	0.006616
var	ákveðið	0.006537
var	sonur	0.006459
var	komið	0.006380
var	tekin	0.006065
var	aðeins	0.006065
var	honum	0.005671
var	haldið	0.005356
var	líka	0.005277
var	tekið	0.005277
var	gert	0.005277
var	upphaflega	0.004962
vara	við	0.200000
vara	í	0.114286
varpa	sprengjum	0.272727
vatn	og	0.151079
vatn	í	0.143885
vatn	sem	0.086331
vatn	úr	0.057554
vatn	eða	0.035971
vatn	er	0.035971
vatn	á	0.028777
vatn	hefur	0.028777
vatn	til	0.021583
vatn	heldur	0.021583
vatn	vatn	0.021583
vatn	væri	0.021583
vatn	landsins	0.021583
vegna	þess	0.546610
vegna	þessa	0.053672
vegna	er	0.042373
vegna	þeirra	0.021186
vegna	mikils	0.014124
vegna	var	0.011299
vegna	eru	0.011299
vegna	að	0.009887
vegna	við	0.009887
vegna	fjölda	0.008475
vegna	hefur	0.008475
vegna	mismunandi	0.008475
vegna	málsins	0.005650
vegna	æsku	0.004237
vegna	starfa	0.004237
vegna	hættu	0.004237
vegna	dauða	0.004237
vegna	kyns	0.004237
vegna	á	0.004237
vegna	hinna	0.004237
vegna	og	0.004237
vegna	hafa	0.004237
vegna	þarf	0.004237
veik	og	0.625000
veikur	og	0.304348
veikur	á	0.217391
veita	fólki	0.084746
veita	þeim	0.084746
veita	honum	0.084746
veita	henni	0.067797
veita	börnum	0.067797
veita	vatni	0.050847
veita	öðrum	0.050847
veita	upplýsingar	0.050847
veitir	þeim	0.085714
veitti	þeim	0.113636
veitti	honum	0.113636
veitti	því	0.113636
veitti	hann	0.068182
veitti	henni	0.068182
vekja	athygli	0.418605
vekja	áhuga	0.116279
vekja	upp	0.069767
velja	sér	0.098592
velja	á	0.084507
velja	úr	0.070423
velja	um	0.056338
velja	að	0.056338
velja	hvað	0.042254
vellinum	með	0.200000
vellinum	í	0.150000
vellinum	og	0.150000
vera	í	0.100622
vera	að	0.053942
vera	með	0.051867
vera	á	0.046680
vera	um	0.031120
vera	til	0.020747
vera	mjög	0.018672
vera	fyrsta	0.015560
vera	hluti	0.012448
vera	frá	0.011411
vera	einn	0.010373
vera	áfram	0.010373
vera	of	0.009336
vera	ein	0.009336
vera	ekki	0.009336
vera	og	0.009336
vera	sem	0.008299
vera	það	0.007261
vera	eins	0.007261
vera	eitt	0.007261
vera	eftir	0.006224
vera	nokkuð	0.006224
vera	vinur	0.006224
vera	þar	0.006224
vera	af	0.006224
vera	sú	0.005187
vera	hægt	0.005187
vera	við	0.005187
vera	svo	0.005187
vera	verða	0.005187
vera	mun	0.004149
vera	undir	0.004149
vera	rétt	0.004149
vera	frekar	0.004149
vera	þeirra	0.004149
vera	sá	0.004149
vera	kominn	0.004149
vera	fyrsti	0.004149
vera	er	0.004149
vera	mikill	0.004149
verið	að	0.078937
verið	í	0.076592
verið	á	0.054709
verið	til	0.028527
verið	með	0.025401
verið	um	0.024228
verið	mjög	0.023837
verið	notað	0.022665
verið	gefin	0.012896
verið	allt	0.012505
verið	frá	0.011333
verið	af	0.010942
verið	haldið	0.010551
verið	er	0.008597
verið	fyrir	0.008206
verið	breytt	0.008206
verið	gert	0.007816
verið	tekin	0.007425
verið	sett	0.007425
verið	nefnt	0.007034
verið	nefnd	0.007034
verið	giftur	0.007034
verið	við	0.006643
verið	einn	0.005862
verið	mismunandi	0.005862
verið	undir	0.005862
verið	mikið	0.005471
verið	fram	0.005471
verið	komið	0.005471
verið	var	0.005080
verið	upp	0.005080
verið	gift	0.005080
verið	hluti	0.004689
verið	tekið	0.004689
verið	uppi	0.004689
verið	og	0.004299
verið	skipt	0.004299
verið	valinn	0.004299
verið	afar	0.003908
verið	gerðir	0.003908
verja	sig	0.181818
verja	borgina	0.090909
verja	hann	0.054545
verja	í	0.054545
verk	hans	0.226496
verk	sem	0.098291
verk	sín	0.072650
verk	eftir	0.064103
verk	í	0.047009
verk	og	0.047009
verk	sitt	0.038462
verk	eru	0.029915
verk	á	0.029915
verk	hennar	0.029915
verk	er	0.025641
verk	fyrir	0.017094
verk	voru	0.017094
verk	um	0.012821
verk	þeirra	0.012821
verk	eins	0.012821
verk	af	0.012821
verk	var	0.012821
verkefni	sem	0.195122
verkefni	að	0.089431
verkefni	og	0.065041
verkefni	fyrir	0.056911
verkefni	hans	0.056911
verkefni	í	0.040650
verkefni	á	0.040650
verkefni	um	0.032520
verkefni	væri	0.024390
verkefni	við	0.024390
verkefni	en	0.024390
vernd	og	0.304348
verslun	og	0.308511
verslun	á	0.138298
verslun	með	0.117021
verslun	við	0.074468
verslun	í	0.063830
verslun	þar	0.031915
verslun	milli	0.031915
veru	í	0.218750
veru	sína	0.156250
verð	á	0.500000
verð	fyrir	0.176471
verð	og	0.088235
verði	að	0.197279
verði	til	0.054422
verði	um	0.047619
verði	ekki	0.047619
verði	í	0.047619
verði	og	0.034014
verði	á	0.034014
verði	sem	0.027211
verði	aldrei	0.020408
verðið	á	0.266667
verðið	var	0.200000
verðum	að	0.666667
vex	í	0.344961
vex	á	0.155039
vex	upp	0.042636
vex	hún	0.027132
vex	það	0.023256
vex	og	0.019380
vex	hann	0.019380
vex	um	0.019380
vex	hratt	0.019380
vex	villt	0.019380
vex	helst	0.015504
vex	gjarnan	0.015504
vex	hægt	0.015504
vex	frá	0.015504
vex	mjög	0.015504
vex	oft	0.011628
vex	hátt	0.011628
vex	aðeins	0.011628
vex	vanalega	0.011628
vil	ekki	0.210526
vinnur	að	0.141304
vinnur	með	0.108696
vinnur	í	0.086957
vinnur	á	0.065217
vinnur	hjá	0.054348
vinnur	sem	0.054348
vinnur	fyrir	0.043478
vinnur	nú	0.032609
virginíu	og	0.444444
virðingu	fyrir	0.352941
virðingu	og	0.235294
viss	um	0.529412
vitað	um	0.308642
vitað	er	0.141975
vitað	með	0.070988
vitað	að	0.061728
vitað	hvort	0.058642
vitað	hvenær	0.040123
vitað	hver	0.030864
vitað	til	0.030864
vitað	hvað	0.021605
vitað	af	0.021605
vitað	sé	0.021605
vitað	var	0.021605
vitað	hvernig	0.018519
vitað	hve	0.015432
vitað	hvers	0.012346
vitað	hvar	0.012346
vitað	hverjir	0.012346
vitað	hversu	0.009259
vitað	nákvæmlega	0.009259
vitna	um	0.333333
vitur	maður	0.363636
vitur	og	0.363636
viðbót	við	0.343750
viðbót	sem	0.093750
viðbót	og	0.093750
vor	og	0.454545
vor	en	0.136364
væri	að	0.228433
væri	ekki	0.078979
væri	í	0.051033
væri	á	0.032807
væri	hægt	0.030377
væri	það	0.018226
væri	með	0.012151
væri	enn	0.010936
væri	til	0.010936
væri	því	0.010936
væri	um	0.009721
væri	þá	0.008505
væri	of	0.008505
væri	lokið	0.008505
væri	mjög	0.008505
væri	aðeins	0.007290
væri	og	0.007290
væri	fyrir	0.006075
væri	hann	0.006075
væri	kominn	0.006075
væri	verið	0.004860
væri	einn	0.004860
væri	guð	0.004860
væri	látinn	0.004860
væri	saklaus	0.004860
væri	úr	0.004860
væri	eini	0.004860
væri	nú	0.004860
væri	við	0.004860
væri	ef	0.004860
væri	rétt	0.003645
væri	sú	0.003645
væri	þeirra	0.003645
væri	meira	0.003645
væri	hættur	0.003645
væri	allt	0.003645
væri	einungis	0.003645
væri	ný	0.003645
væri	mikill	0.003645
væri	laus	0.003645
vín	sem	0.093750
vín	og	0.093750
vísbendingar	um	0.555556
völlinn	og	0.214286
völlinn	í	0.214286
vörum	og	0.173913
vörum	sem	0.130435
wales	er	0.241379
wales	og	0.241379
y	s	0.393939
y	er	0.090909
y	og	0.090909
yfirgaf	hann	0.333333
yfirvöld	í	0.176471
yfirvöld	og	0.117647
yfirvöld	að	0.117647
york	og	0.193798
york	borg	0.100775
york	í	0.077519
york	sem	0.069767
york	borgar	0.062016
york	til	0.054264
york	þar	0.038760
york	en	0.031008
york	á	0.031008
york	city	0.023256
york	times	0.023256
york	var	0.023256
ytri	og	0.208333
ytri	mörk	0.125000
z	og	0.272727
ábyrgð	á	0.666667
ábyrgð	og	0.130952
ábyrgð	gagnvart	0.035714
áfall	fyrir	0.538462
áhrif	á	0.666068
áhrif	og	0.037702
áhrif	að	0.030521
áhrif	í	0.023339
áhrif	frá	0.021544
áhrif	þess	0.012567
áhrif	hans	0.012567
áhrif	sem	0.010772
áhrif	sín	0.010772
áhrif	hennar	0.007181
áhrif	þar	0.007181
áhrif	þeirra	0.007181
áhrif	þetta	0.007181
áhrif	til	0.007181
áhrif	með	0.005386
áhrif	af	0.005386
áhrif	bæði	0.005386
áhrif	eru	0.005386
ákvörðun	að	0.225806
ákvörðun	um	0.182796
ákvörðun	var	0.086022
ákvörðun	hans	0.064516
ákvörðun	sína	0.043011
ákvörðun	sem	0.032258
án	þess	0.690722
án	efa	0.075601
án	nokkurs	0.024055
án	árs	0.020619
án	nokkurra	0.017182
án	þeirra	0.013746
án	leyfis	0.013746
án	allra	0.010309
án	keppni	0.010309
án	frekari	0.010309
án	þessa	0.010309
án	möguleika	0.010309
ána	þar	0.115385
ánni	og	0.218750
ánni	sem	0.156250
ánni	þar	0.093750
ánni	eru	0.093750
ánni	til	0.093750
ánni	en	0.093750
ánægð	með	0.714286
ánægður	með	0.692308
árangri	í	0.213333
árangri	og	0.200000
árangri	á	0.133333
árangri	með	0.066667
árangri	sem	0.053333
árs	og	0.167742
árs	var	0.083871
árs	að	0.083871
árs	í	0.051613
árs	aldur	0.045161
árs	voru	0.045161
árs	en	0.038710
árs	gamall	0.038710
árs	þegar	0.025806
árs	nema	0.019355
árs	aldri	0.019355
árs	gamalt	0.019355
ástfanginn	af	0.875000
ástin	og	0.333333
ástæðu	til	0.307692
ástæðu	er	0.153846
ástæðu	þess	0.115385
áttina	að	0.333333
ætla	að	0.625000
ætla	má	0.125000
ætla	sér	0.083333
ætlast	til	0.800000
ætlað	að	0.666667
ætlað	er	0.092593
ætlað	var	0.074074
ætlað	sér	0.037037
ætlað	til	0.024691
ætli	að	0.500000
ætli	sér	0.375000
ætti	að	0.606061
ætti	ekki	0.065657
ætti	sér	0.025253
ætti	eftir	0.025253
ætti	í	0.020202
ætti	hún	0.015152
ætti	við	0.015152
ætti	hann	0.015152
ættum	og	0.360000
ættum	sem	0.160000
ættum	við	0.120000
ævi	sinnar	0.213333
ævi	sinni	0.200000
ævi	og	0.160000
ævi	hans	0.133333
ævi	sína	0.080000
ævi	hennar	0.053333
ævi	george	0.040000
étur	um	0.250000
íbúar	eru	0.334545
íbúar	voru	0.138182
íbúar	borgarinnar	0.123636
íbúar	í	0.054545
íbúar	á	0.054545
íbúar	um	0.036364
íbúar	landsins	0.029091
íbúar	þar	0.021818
íbúar	þess	0.021818
íbúar	bæjarins	0.014545
íbúar	hennar	0.010909
íbúar	og	0.010909
írak	og	0.217391
ís	og	0.171429
ís	á	0.114286
ís	í	0.114286
ís	sem	0.085714
ís	var	0.085714
íslandi	og	0.161442
íslandi	er	0.083072
íslandi	eru	0.067398
íslandi	en	0.050157
íslandi	sem	0.048589
íslandi	í	0.045455
íslandi	á	0.039185
íslandi	var	0.029781
íslandi	hefur	0.025078
íslandi	til	0.021944
íslandi	um	0.020376
íslandi	með	0.018809
íslandi	hafa	0.018809
íslandi	þar	0.015674
íslandi	voru	0.014107
íslandi	fyrir	0.010972
íslandi	enda	0.009404
íslandi	frá	0.009404
íslandi	að	0.007837
íslandi	eða	0.007837
íslandi	bindi	0.007837
íslandi	þegar	0.007837
íslandi	fyrr	0.006270
íslandi	þá	0.006270
íslandi	nær	0.006270
íslandi	við	0.006270
íslandi	finnst	0.004702
íslandi	þó	0.004702
íslandi	svo	0.004702
íslandi	þann	0.004702
íslandi	nú	0.004702
íslandi	undir	0.004702
íslandi	bæði	0.004702
íslandi	má	0.004702
óska	eftir	0.500000
örn	og	0.333333
örn	á	0.266667
öruggari	og	0.500000
öðru	sæti	0.213483
öðru	leyti	0.127341
öðru	lagi	0.093633
öðru	og	0.063670
öðru	nafni	0.037453
öðru	ári	0.037453
öðru	en	0.033708
öðru	sinni	0.029963
öðru	hverju	0.029963
öðru	hvoru	0.026217
öðru	fremur	0.022472
öðru	í	0.018727
öðru	megin	0.018727
öðru	máli	0.018727
öðru	landi	0.014981
öðru	fólki	0.014981
öðru	árinu	0.011236
öðru	því	0.011236
öðrum	löndum	0.108197
öðrum	og	0.062295
öðrum	hætti	0.042623
öðrum	en	0.036066
öðrum	kosti	0.032787
öðrum	málum	0.032787
öðrum	störfum	0.022951
öðrum	hlutum	0.022951
öðrum	borgum	0.022951
öðrum	sem	0.022951
öðrum	að	0.019672
öðrum	stað	0.016393
öðrum	mönnum	0.016393
öðrum	er	0.013115
öðrum	endanum	0.013115
öðrum	til	0.013115
öðrum	tímum	0.013115
öðrum	stefnum	0.013115
öðrum	leik	0.013115
öðrum	megin	0.013115
öðrum	í	0.013115
öðrum	um	0.009836
öðrum	lögum	0.009836
öðrum	því	0.009836
öðrum	áttum	0.009836
öðrum	fremur	0.009836
öðrum	hluta	0.009836
öðrum	heimi	0.009836
öðrum	eru	0.009836
öðrum	helstu	0.009836
öðrum	lit	0.009836
úr	því	0.063158
úr	þeim	0.035088
úr	landi	0.030877
úr	gildi	0.021754
úr	henni	0.020351
úr	honum	0.020351
úr	haldi	0.018947
úr	öðrum	0.016842
úr	keppni	0.016842
úr	þessum	0.015439
úr	sögunni	0.014737
úr	varð	0.014737
úr	að	0.012632
úr	lofti	0.012632
úr	leik	0.012632
úr	fangelsi	0.012632
úr	sér	0.011930
úr	í	0.011228
úr	öllum	0.011228
úr	vatninu	0.010526
úr	og	0.009123
úr	þessu	0.009123
úr	höndum	0.008421
úr	um	0.008421
úr	sögu	0.007719
úr	þremur	0.007719
úr	notkun	0.007719
úr	landinu	0.007719
úr	skugga	0.007018
úr	tveimur	0.007018
úr	geimnum	0.006316
úr	hernum	0.005614
úr	bænum	0.005614
úr	frönsku	0.005614
úr	fyrra	0.005614
úr	lífi	0.005614
úr	borginni	0.004912
úr	starfi	0.004912
úr	fyrstu	0.004912
úr	fangelsinu	0.004912
út	í	0.190062
út	á	0.118012
út	frá	0.071636
út	af	0.066667
út	úr	0.056315
út	um	0.046377
út	og	0.045963
út	fyrir	0.038509
út	með	0.022360
út	að	0.020704
út	til	0.012422
út	sem	0.012008
út	en	0.010766
út	tvær	0.007867
út	eftir	0.007867
út	bók	0.007867
út	hjá	0.007867
út	eins	0.007867
út	fyrstu	0.007453
út	sína	0.006211
út	þann	0.004969
út	plötu	0.004555
út	við	0.004555
út	nokkrar	0.004141
út	þá	0.004141
út	fyrsta	0.004141
út	aðra	0.003727
út	plötur	0.003727
út	þrjár	0.003727
út	undir	0.003313
út	yfir	0.002899
út	var	0.002899
út	eina	0.002899
út	bækur	0.002899
út	fimm	0.002484
út	sex	0.002484
út	önnur	0.002484
út	mars	0.002484
út	þar	0.002070
út	ný	0.002070
útgáfu	af	0.283186
útgáfu	á	0.168142
útgáfu	og	0.106195
útgáfu	frá	0.053097
útgáfu	var	0.035398
útgáfu	með	0.026549
úti	á	0.271739
úti	í	0.228261
úti	um	0.119565
úti	og	0.065217
úti	fyrir	0.043478
úti	en	0.043478
úti	af	0.032609
úti	með	0.032609
útskrifast	með	0.285714
útskrifast	úr	0.214286
þannig	að	0.470924
þannig	er	0.044470
þannig	var	0.033067
þannig	fram	0.023945
þannig	í	0.019384
þannig	til	0.014823
þannig	eru	0.011403
þannig	á	0.011403
þannig	varð	0.011403
þannig	getur	0.011403
þannig	má	0.011403
þannig	fyrir	0.006842
þannig	voru	0.006842
þannig	ekki	0.006842
þannig	hefur	0.006842
þannig	hafi	0.005701
þannig	úr	0.005701
þannig	verða	0.005701
þannig	út	0.004561
þannig	fékk	0.004561
þannig	væri	0.004561
þannig	fyrsta	0.004561
þannig	gat	0.004561
þannig	hélst	0.003421
þannig	upp	0.003421
þannig	það	0.003421
þannig	geta	0.003421
þannig	áhrif	0.003421
þannig	við	0.003421
þannig	frá	0.003421
þannig	kom	0.003421
þannig	mun	0.003421
þannig	tekur	0.003421
þarna	var	0.191011
þarna	á	0.089888
þarna	er	0.089888
þarna	eru	0.067416
þarna	með	0.033708
þarna	voru	0.033708
þarna	kom	0.033708
þarna	að	0.033708
það	er	0.172166
það	var	0.090156
það	að	0.056054
það	sem	0.052741
það	bil	0.024161
það	eru	0.021952
það	í	0.018639
það	hefur	0.017810
það	sé	0.015463
það	voru	0.013392
það	ekki	0.012012
það	á	0.011874
það	til	0.011321
það	og	0.009665
það	ár	0.009250
það	væri	0.008974
það	hafi	0.008974
það	sama	0.008836
það	varð	0.008560
það	kemur	0.007732
það	getur	0.006903
það	með	0.006627
það	verður	0.006213
það	fyrsta	0.005799
það	má	0.005799
það	hvernig	0.005108
það	hlutverk	0.004694
það	þegar	0.004694
það	fyrir	0.004694
það	kom	0.004694
það	hafði	0.004280
það	tók	0.004142
það	tekur	0.004004
það	verið	0.003728
það	hvort	0.003590
það	þarf	0.003590
það	af	0.003590
það	út	0.003314
það	eina	0.003314
það	gert	0.003175
þennan	dag	0.268519
þennan	hátt	0.120370
þennan	tíma	0.074074
þennan	rétt	0.037037
þennan	máta	0.027778
þennan	nýja	0.027778
þennan	stíl	0.027778
þennan	hæfileika	0.027778
þessi	tegund	0.060120
þessi	lög	0.034068
þessi	er	0.030060
þessi	var	0.028056
þessi	tvö	0.026052
þessi	orð	0.022044
þessi	efni	0.020040
þessi	ákvörðun	0.020040
þessi	tækni	0.018036
þessi	stefna	0.018036
þessi	hluti	0.016032
þessi	nýja	0.016032
þessi	ár	0.014028
þessi	verk	0.012024
þessi	svæði	0.012024
þessi	tími	0.012024
þessi	fyrsta	0.012024
þessi	eru	0.010020
þessi	fyrirtæki	0.010020
þessi	mál	0.010020
þessi	lönd	0.010020
þessi	áhrif	0.010020
þessi	dagur	0.010020
þessi	plata	0.010020
þessi	breyting	0.010020
þessi	ríki	0.008016
þessi	mikli	0.008016
þessi	tala	0.008016
þessi	leið	0.008016
þessi	hugmynd	0.008016
þessi	maður	0.006012
þessi	sem	0.006012
þessi	átök	0.006012
þessi	samningur	0.006012
þessi	heiti	0.006012
þessi	bók	0.006012
þessi	mikla	0.006012
þessi	munur	0.006012
þessi	texti	0.006012
þessi	hefur	0.006012
þrjá	mánuði	0.135922
þrjá	daga	0.135922
þrjá	syni	0.126214
þrjá	hluta	0.097087
þrjá	leiki	0.067961
þrjá	vegu	0.038835
þrjá	sem	0.038835
þrjá	og	0.029126
þrjá	heila	0.029126
þá	var	0.096108
þá	er	0.074133
þá	hefur	0.035213
þá	að	0.029388
þá	í	0.028329
þá	sem	0.025947
þá	voru	0.024887
þá	eru	0.020651
þá	til	0.018268
þá	á	0.016680
þá	um	0.012444
þá	og	0.011914
þá	hafði	0.011385
þá	tók	0.011120
þá	hafa	0.010326
þá	komið	0.010061
þá	verið	0.009267
þá	ára	0.009002
þá	sérstaklega	0.009002
þá	verður	0.008472
þá	þegar	0.008472
þá	ekki	0.008472
þá	með	0.008208
þá	við	0.007943
þá	varð	0.007413
þá	getur	0.006619
þá	aðeins	0.006089
þá	upp	0.005825
þá	kom	0.005295
þá	fór	0.005030
þá	ákvörðun	0.005030
þá	aftur	0.004766
þá	væri	0.004766
þá	oft	0.004501
þá	leið	0.004501
þá	orðinn	0.003971
þá	fékk	0.003971
þá	af	0.003971
þá	átti	0.003707
þá	en	0.003707
þú	hefur	0.071429
þú	vilt	0.057143
þú	hafir	0.057143
þú	átt	0.057143
þú	ekki	0.042857
þú	ert	0.042857
þú	að	0.042857
þúsund	manns	0.236934
þúsund	tonn	0.108014
þúsund	ár	0.062718
þúsund	nemendur	0.048780
þúsund	árum	0.041812
þúsund	íbúa	0.038328
þúsund	í	0.038328
þúsund	en	0.034843
þúsund	ára	0.031359
þúsund	og	0.031359
þúsund	manna	0.027875
þúsund	á	0.017422
þúsund	hermenn	0.013937
þúsund	tegundir	0.010453
þúsund	áhorfendur	0.010453
þúsund	starfsmenn	0.010453
þúsund	til	0.010453
þúsund	íbúar	0.010453
þúsund	stunda	0.010453
