t	и	0.214286
абсолютно	все	0.153846
абсолютно	не	0.096154
авария	произошла	0.714286
авария	на	0.081633
авария	в	0.061224
автор	статьи	0.166667
автор	проекта	0.095238
агентство	по	0.179487
агентство	со	0.076923
адрес	и	0.133333
адрес	россии	0.100000
акцент	на	0.483871
акцент	был	0.129032
алкоголь	и	0.333333
алкоголь	в	0.148148
американский	лидер	0.212766
американский	президент	0.191489
американский	генерал	0.127660
американский	военный	0.085106
американской	стороны	0.121212
американской	армии	0.090909
аэропорт	в	0.312500
аэропорту	в	0.200000
база	данных	0.125000
база	для	0.125000
база	по	0.125000
базу	на	0.172414
базу	данных	0.137931
базу	и	0.137931
базы	в	0.206897
базы	и	0.137931
бегать	в	0.272727
бегать	по	0.272727
бежать	в	0.285714
бежать	из	0.214286
без	вести	0.101010
без	каких	0.035354
без	света	0.035354
без	проблем	0.032828
без	того	0.030303
без	внимания	0.027778
без	этого	0.025253
без	разрешения	0.025253
без	жертв	0.025253
без	сознания	0.022727
без	нее	0.020202
без	него	0.017677
без	их	0.017677
без	воды	0.015152
без	признаков	0.015152
без	изменения	0.015152
без	помощи	0.015152
без	его	0.012626
без	них	0.012626
без	поддержки	0.012626
без	работы	0.012626
без	всяких	0.012626
без	сомнения	0.010101
без	этой	0.010101
без	прав	0.010101
без	выходных	0.010101
без	ее	0.010101
без	необходимости	0.010101
без	решения	0.010101
без	вреда	0.007576
без	всякого	0.007576
без	мамы	0.007576
без	ошибок	0.007576
без	крыши	0.007576
без	россии	0.007576
без	права	0.007576
безусловно	мы	0.081633
безусловно	есть	0.061224
безусловно	это	0.061224
безусловно	не	0.061224
белая	гора	0.500000
белого	дома	0.756098
белого	цвета	0.146341
белье	и	0.333333
беспокойство	по	0.250000
би	би	0.500000
би	си	0.500000
бизнес	в	0.109489
бизнес	и	0.087591
бизнес	на	0.036496
бизнес	с	0.029197
бизнес	модель	0.029197
бизнес	центра	0.021898
благодарен	всем	0.333333
близких	людей	0.242424
близких	родственников	0.151515
близких	и	0.121212
близок	к	1.000000
бок	о	0.428571
боль	в	0.333333
боль	и	0.119048
боль	для	0.071429
больше	чем	0.169451
больше	всего	0.146778
больше	не	0.112172
больше	времени	0.034606
больше	и	0.026253
больше	нет	0.023866
больше	внимания	0.017900
больше	половины	0.014320
больше	в	0.013126
больше	информации	0.010740
больше	года	0.010740
больше	по	0.010740
больше	о	0.010740
больше	двух	0.008353
больше	лет	0.008353
больше	тысяч	0.008353
больше	на	0.008353
больше	возможностей	0.007160
больше	всех	0.007160
больше	десяти	0.005967
больше	миллиона	0.005967
больше	шансов	0.004773
больше	уровня	0.004773
больше	денег	0.004773
больше	таких	0.004773
больше	двигаться	0.004773
больше	ничего	0.003580
больше	напоминает	0.003580
больше	похоже	0.003580
больше	новых	0.003580
больше	он	0.003580
больше	трех	0.003580
больше	человек	0.003580
больше	недели	0.003580
больше	тысячи	0.003580
больше	оружия	0.003580
больше	детей	0.003580
больше	нравится	0.003580
больше	часа	0.003580
больше	чтобы	0.003580
борьба	с	0.382353
борьба	за	0.294118
борьбы	с	0.617978
борьбы	и	0.089888
борьбы	за	0.078652
борьбы	со	0.033708
бою	в	0.214286
бою	с	0.178571
бою	за	0.107143
браке	с	0.363636
бросили	в	0.461538
будете	в	0.088235
буквально	на	0.234375
буквально	в	0.093750
буквально	за	0.093750
буквально	недавно	0.046875
буквально	через	0.046875
буквально	с	0.046875
буквально	каждый	0.046875
бумаги	и	0.300000
была	в	0.071078
была	не	0.041667
была	на	0.039216
была	очень	0.029412
была	бы	0.026961
была	возможность	0.022059
была	и	0.022059
была	такая	0.022059
была	с	0.014706
была	одна	0.014706
была	у	0.012255
была	закрыта	0.012255
была	первая	0.012255
была	уже	0.009804
была	довольно	0.009804
была	полностью	0.009804
была	сделана	0.009804
была	ее	0.007353
была	попытка	0.007353
была	быть	0.007353
была	фактически	0.007353
была	почти	0.007353
была	убита	0.007353
была	его	0.007353
была	жива	0.007353
была	но	0.007353
была	выйти	0.007353
была	только	0.007353
была	какая	0.007353
была	ли	0.007353
была	надпись	0.007353
была	совсем	0.007353
была	единственной	0.007353
была	большая	0.007353
была	когда	0.007353
была	по	0.007353
была	самая	0.007353
быстрее	и	0.173077
быстрее	чем	0.153846
быть	не	0.074733
быть	в	0.065836
быть	и	0.035587
быть	более	0.035587
быть	очень	0.030249
быть	связано	0.021352
быть	на	0.017794
быть	как	0.016014
быть	даже	0.012456
быть	особенно	0.010676
быть	достаточно	0.010676
быть	это	0.008897
быть	только	0.008897
быть	у	0.008897
быть	ниже	0.008897
быть	больше	0.008897
быть	с	0.008897
быть	слишком	0.008897
быть	частью	0.007117
быть	по	0.007117
быть	там	0.007117
быть	выше	0.007117
быть	под	0.007117
быть	но	0.007117
быть	рядом	0.007117
быть	еще	0.007117
быть	от	0.007117
быть	вместе	0.007117
быть	к	0.007117
быть	обязательно	0.007117
быть	закрыты	0.005338
быть	учителем	0.005338
быть	связан	0.005338
быть	здесь	0.005338
быть	довольно	0.005338
быть	одет	0.005338
быть	уверены	0.005338
быть	если	0.005338
быть	счастливым	0.005338
быть	просто	0.005338
важна	для	0.277778
важны	для	0.583333
важный	шаг	0.212121
важный	момент	0.151515
важный	вопрос	0.090909
важный	для	0.090909
важным	шагом	0.192308
важным	является	0.115385
вами	в	0.159091
ван	и	0.700000
ванной	комнате	0.333333
ваших	детей	0.157895
вашу	жизнь	0.285714
вашу	поддержку	0.142857
вверх	и	0.214286
вдоль	линии	0.264706
вдоль	дороги	0.205882
вдоль	всей	0.117647
вдоль	дорог	0.088235
вел	себя	0.400000
вел	наблюдение	0.200000
вела	себя	0.294118
вели	в	0.230769
великой	победы	0.250000
верить	в	0.478261
верить	что	0.347826
вернуть	деньги	0.103448
вернуть	в	0.086207
вернуть	его	0.051724
вернуться	к	0.336283
вернуться	в	0.336283
вернуться	на	0.132743
вернуться	домой	0.061947
вероятность	что	0.378378
вероятность	того	0.297297
вероятность	смерти	0.081081
версии	в	0.096774
веру	в	0.428571
верю	что	0.555556
верю	в	0.166667
верят	в	0.500000
верят	что	0.277778
весь	мир	0.198413
весь	день	0.087302
весь	год	0.063492
весь	период	0.047619
весь	матч	0.039683
весь	этот	0.031746
весь	город	0.031746
весь	прошлый	0.031746
весь	процесс	0.023810
весь	свой	0.023810
весь	товар	0.023810
весь	зал	0.023810
весь	сезон	0.023810
вечера	в	0.157895
взяли	под	0.250000
взяли	в	0.166667
взяли	на	0.125000
взяли	с	0.062500
видел	в	0.088889
видел	как	0.088889
видел	его	0.066667
видно	что	0.367925
видно	как	0.320755
видом	на	0.380952
вижу	что	0.212766
вижу	как	0.106383
вижу	в	0.063830
вину	и	0.300000
вину	в	0.275000
вину	не	0.075000
вину	за	0.075000
включить	в	0.523810
вкус	и	0.200000
вкус	в	0.120000
вмешиваться	в	0.571429
внутри	страны	0.175000
внутри	россии	0.087500
внутри	и	0.050000
внутри	его	0.037500
во	время	0.468231
во	вторник	0.077224
во	всех	0.076246
во	второй	0.044966
во	многих	0.033724
во	втором	0.032747
во	всем	0.031281
во	франции	0.024438
во	главе	0.022972
во	первых	0.022483
во	многом	0.021994
во	дворе	0.017107
во	времена	0.013196
во	временно	0.013196
во	все	0.012219
во	что	0.009286
во	внимание	0.008309
во	всей	0.006843
во	всём	0.006354
во	рту	0.003910
во	имя	0.003910
во	двор	0.003910
во	времени	0.003421
во	сне	0.003421
во	благо	0.003421
во	сколько	0.002933
во	встрече	0.002933
во	всяком	0.002933
во	мне	0.002933
во	вторую	0.002444
во	власти	0.002444
во	вселенной	0.001955
во	вполне	0.001466
во	христа	0.001466
водителя	в	0.148148
водителя	который	0.111111
воду	и	0.210526
воду	в	0.105263
воду	с	0.092105
воду	из	0.065789
воду	на	0.039474
воды	в	0.234286
воды	и	0.148571
воды	на	0.080000
воды	с	0.034286
воды	по	0.017143
возвращение	к	0.312500
возвращение	в	0.187500
возвращения	в	0.304348
возвращения	на	0.173913
возможность	для	0.042071
возможность	получить	0.025890
возможность	в	0.025890
возможность	использовать	0.016181
возможность	провести	0.016181
возможность	купить	0.016181
возможность	передачи	0.016181
возможность	работать	0.012945
возможность	не	0.012945
возможность	и	0.012945
возможность	быстро	0.012945
возможность	что	0.012945
возможность	встретиться	0.009709
возможность	принять	0.009709
возможность	отдохнуть	0.009709
возможность	приехать	0.009709
возможность	сделать	0.009709
возможность	увидеть	0.009709
возможность	пользоваться	0.009709
возможность	жить	0.009709
возможность	проводить	0.009709
возможность	попасть	0.009709
возможность	создать	0.009709
возможность	строить	0.009709
возможность	быть	0.009709
возможность	того	0.009709
возможность	подать	0.009709
возможность	посмотреть	0.009709
войска	в	0.104575
войска	продолжают	0.084967
войска	выпустили	0.058824
войска	и	0.052288
войска	на	0.045752
войска	из	0.039216
войска	с	0.032680
войска	не	0.032680
войска	вели	0.026144
войска	провели	0.019608
войска	начали	0.019608
войска	ведут	0.019608
войска	вероятно	0.019608
войска	за	0.019608
войска	пытались	0.019608
войти	в	0.846154
вокруг	себя	0.080460
вокруг	него	0.057471
вокруг	нее	0.057471
вокруг	них	0.034483
вокруг	глаз	0.034483
волосы	и	0.224490
волосы	в	0.142857
волосы	у	0.061224
вообще	не	0.217949
вообще	на	0.029915
вообще	я	0.021368
вообще	в	0.021368
вообще	то	0.021368
вообще	это	0.021368
вообще	ничего	0.017094
вообще	все	0.017094
вообще	нет	0.017094
вообще	ни	0.012821
вообще	будет	0.012821
вообще	про	0.012821
вопросы	в	0.094595
вопросы	и	0.060811
вопросы	по	0.054054
вопросы	на	0.047297
вопросы	о	0.040541
вопросы	которые	0.040541
вопросы	безопасности	0.033784
вопросы	к	0.033784
вопросы	с	0.027027
вопросы	как	0.020270
вопросы	будут	0.020270
вопросы	мы	0.020270
вопросы	находятся	0.020270
вопросы	об	0.020270
восемь	лет	0.191176
восемь	человек	0.132353
восемь	месяцев	0.088235
восемь	часов	0.073529
восемь	дней	0.044118
восемь	процентов	0.044118
воспоминания	о	0.285714
воспоминания	из	0.214286
восстановить	контроль	0.097561
восстановить	силы	0.073171
восстановить	свои	0.073171
восток	и	0.142857
восток	от	0.107143
вот	в	0.053388
вот	так	0.043121
вот	и	0.043121
вот	это	0.041068
вот	что	0.036961
вот	уже	0.032854
вот	почему	0.024641
вот	вот	0.020534
вот	только	0.020534
вот	если	0.018480
вот	такой	0.018480
вот	эта	0.016427
вот	у	0.014374
вот	интересно	0.014374
вот	сейчас	0.014374
вот	теперь	0.014374
вот	я	0.014374
вот	к	0.012320
вот	на	0.012320
вот	бы	0.012320
вот	с	0.012320
вот	для	0.010267
вот	мы	0.010267
вот	такие	0.010267
вот	эти	0.010267
вот	как	0.008214
вот	не	0.008214
вот	он	0.008214
вот	такое	0.008214
вот	то	0.008214
вот	этот	0.008214
вот	здесь	0.006160
вот	когда	0.006160
вот	о	0.006160
вот	тут	0.006160
вот	тебе	0.006160
вот	есть	0.006160
вот	где	0.006160
вот	именно	0.006160
вот	они	0.006160
вошел	в	0.846154
вполне	может	0.123288
вполне	возможно	0.109589
вполне	вероятно	0.095890
вполне	себе	0.068493
вполне	можно	0.068493
вполне	реально	0.068493
вполне	могли	0.041096
вполне	понятно	0.041096
впрочем	в	0.087500
впрочем	не	0.062500
впрочем	как	0.037500
впрочем	если	0.037500
впрочем	это	0.037500
времени	на	0.077220
времени	и	0.073359
времени	для	0.061776
времени	в	0.054054
времени	с	0.034749
времени	чтобы	0.030888
времени	не	0.023166
времени	а	0.023166
времени	года	0.019305
времени	то	0.015444
времени	которое	0.015444
времени	было	0.011583
времени	может	0.011583
времени	до	0.011583
времени	провести	0.011583
времени	за	0.011583
времени	все	0.011583
времени	его	0.011583
времени	это	0.011583
времени	пока	0.011583
времени	будет	0.011583
времени	чем	0.011583
вроде	бы	0.312500
вроде	как	0.109375
вроде	все	0.046875
всегда	были	0.034985
всегда	в	0.029155
всегда	было	0.026239
всегда	есть	0.026239
всегда	будет	0.026239
всегда	можно	0.020408
всегда	с	0.020408
всегда	была	0.017493
всегда	готовы	0.017493
всегда	так	0.017493
всегда	на	0.017493
всегда	был	0.014577
всегда	будут	0.014577
всегда	быть	0.011662
всегда	очень	0.011662
всегда	будем	0.008746
всегда	является	0.008746
всегда	находится	0.008746
всегда	не	0.008746
всегда	может	0.008746
всегда	следует	0.008746
всегда	нужно	0.008746
всегда	являются	0.008746
всегда	говорю	0.008746
всегда	могут	0.008746
всегда	хочется	0.008746
вскоре	после	0.229730
вскоре	на	0.054054
вскоре	они	0.054054
вскоре	может	0.040541
вскоре	вы	0.040541
вскоре	она	0.040541
вскоре	был	0.040541
вспомнил	как	0.238095
вспомнил	что	0.190476
вспомнил	о	0.142857
вспомнил	он	0.142857
встретились	с	0.391304
встретились	в	0.304348
встретились	на	0.130435
встретился	с	0.851852
встречались	в	0.300000
втором	месте	0.491525
втором	этаже	0.237288
выбора	кроме	0.210526
выбрать	подходящий	0.053571
выбрать	для	0.053571
выбрать	наиболее	0.053571
выбраться	из	0.357143
выбраться	на	0.214286
вывести	из	0.178571
вывести	на	0.142857
вывести	свои	0.142857
вывести	деньги	0.107143
вызвать	скорую	0.156250
вызвать	у	0.093750
вызов	на	0.120000
выиграл	у	0.260870
выиграла	в	0.266667
выиграть	войну	0.272727
выиграть	время	0.136364
вынуждены	были	0.153846
выросла	на	0.310345
выросла	в	0.155172
выросла	и	0.120690
выросла	до	0.103448
выросла	с	0.086207
выросла	почти	0.051724
выхода	из	0.274194
выхода	на	0.209677
выхода	в	0.161290
выхода	россии	0.080645
выходной	день	0.545455
выходные	и	0.148936
выходные	дни	0.106383
выходные	в	0.106383
выходят	на	0.347826
выходят	из	0.260870
где	то	0.083243
где	в	0.041081
где	он	0.040000
где	они	0.036757
где	можно	0.031351
где	есть	0.021622
где	мы	0.019459
где	она	0.017297
где	его	0.015135
где	будут	0.012973
где	по	0.012973
где	будет	0.012973
где	на	0.011892
где	и	0.011892
где	люди	0.010811
где	вы	0.010811
где	у	0.010811
где	еще	0.010811
где	это	0.009730
где	за	0.009730
где	ему	0.009730
где	каждый	0.009730
где	именно	0.008649
где	были	0.008649
где	не	0.008649
где	я	0.008649
где	находится	0.008649
где	уже	0.007568
где	все	0.007568
где	было	0.006486
где	их	0.006486
где	ее	0.006486
где	бы	0.006486
где	сейчас	0.006486
где	до	0.005405
где	нет	0.005405
где	погибли	0.005405
где	находятся	0.005405
где	может	0.004324
где	проходит	0.004324
германии	в	0.129412
германии	и	0.117647
германии	на	0.035294
германии	не	0.035294
германии	италии	0.035294
герой	россии	0.136364
главная	задача	0.352941
главная	цель	0.215686
главная	причина	0.098039
главная	тема	0.058824
главный	тренер	0.171171
главный	редактор	0.135135
главный	герой	0.090090
главный	вопрос	0.090090
главный	врач	0.081081
главный	приз	0.045045
главный	режиссер	0.027027
главный	офис	0.027027
говорит	что	0.251029
говорит	о	0.213992
говорит	она	0.028807
говорит	об	0.028807
говорит	и	0.024691
говорит	он	0.024691
говорит	как	0.012346
говорит	александр	0.012346
говорит	адвокат	0.012346
говорит	врач	0.012346
говорит	президент	0.012346
говорит	женщина	0.012346
говорит	эксперт	0.012346
говорит	тренер	0.012346
говорить	о	0.388158
говорить	что	0.105263
говорить	об	0.092105
говорить	с	0.046053
говорить	на	0.032895
говорить	про	0.026316
года	в	0.140258
года	и	0.059272
года	рождения	0.046948
года	на	0.045775
года	по	0.032864
года	назад	0.028169
года	когда	0.019953
года	после	0.017606
года	с	0.016432
года	а	0.016432
года	до	0.015258
года	он	0.015258
года	для	0.011150
года	но	0.010563
года	было	0.008803
года	у	0.008803
года	не	0.007629
года	мы	0.007629
года	будет	0.007629
года	стало	0.007629
года	из	0.007042
года	его	0.007042
года	она	0.007042
года	был	0.007042
года	однако	0.006455
года	их	0.006455
года	количество	0.006455
года	заявил	0.005869
года	к	0.005869
года	говорится	0.005869
года	от	0.005282
года	они	0.005282
года	компания	0.004695
года	была	0.004695
года	осталось	0.004695
года	то	0.004108
года	работы	0.004108
года	при	0.004108
года	более	0.004108
года	это	0.004108
году	в	0.147368
году	на	0.048246
году	и	0.047368
году	он	0.034211
году	мы	0.028947
году	по	0.025439
году	когда	0.021053
году	с	0.014035
году	жизни	0.014035
году	не	0.013158
году	было	0.013158
году	после	0.013158
году	за	0.012281
году	будет	0.011404
году	до	0.010526
году	для	0.009649
году	его	0.007895
году	у	0.007895
году	будут	0.007895
году	однако	0.007895
году	был	0.007018
году	более	0.007018
году	компания	0.007018
году	она	0.007018
году	во	0.007018
году	а	0.007018
году	были	0.007018
году	к	0.006140
году	они	0.006140
году	может	0.006140
году	это	0.006140
году	из	0.006140
году	выросла	0.005263
году	также	0.005263
году	их	0.005263
году	но	0.005263
году	могут	0.005263
году	тогда	0.004386
году	я	0.004386
году	чтобы	0.004386
голову	и	0.243243
голову	не	0.081081
голову	в	0.081081
горжусь	тем	0.272727
городе	в	0.060150
городе	на	0.045113
городе	будет	0.030075
городе	с	0.030075
городе	все	0.022556
городе	уже	0.022556
городе	есть	0.022556
городе	и	0.022556
горы	и	0.230769
госпиталь	где	0.428571
готовиться	к	0.769231
грант	в	0.500000
грозит	до	0.538462
грозит	от	0.076923
грубо	говоря	0.875000
группа	по	0.084507
группа	в	0.056338
группа	и	0.056338
группа	из	0.056338
группа	продолжает	0.042254
группа	будет	0.042254
группу	которая	0.181818
группу	и	0.121212
группу	в	0.090909
группы	по	0.170940
группы	в	0.136752
группы	и	0.085470
группы	на	0.034188
группы	семи	0.025641
группы	которые	0.025641
группы	из	0.025641
группы	поддержки	0.025641
губернатор	александр	0.100000
губернатор	области	0.100000
губернатор	города	0.075000
губернатор	дал	0.075000
губернатор	не	0.075000
давайте	будем	0.096774
давайте	посмотрим	0.096774
давить	на	0.750000
давно	не	0.131579
давно	уже	0.070175
давно	и	0.061404
давно	пора	0.035088
давно	известно	0.026316
давно	хотели	0.026316
давно	хотел	0.026316
дай	бог	0.866667
дайте	им	0.214286
данные	о	0.309278
данные	по	0.072165
данные	об	0.072165
данные	в	0.056701
данные	и	0.036082
данные	с	0.025773
данные	для	0.020619
данные	на	0.020619
данные	что	0.015464
данные	не	0.015464
данные	из	0.015464
данных	о	0.126126
данных	и	0.090090
данных	об	0.063063
данных	в	0.063063
данных	по	0.036036
данных	с	0.027027
данных	которые	0.027027
дата	была	0.133333
дата	и	0.100000
двадцать	лет	0.500000
двигаться	вперед	0.250000
двигаться	дальше	0.159091
двигаться	по	0.113636
двигаться	на	0.068182
двумя	детьми	0.304348
двух	лет	0.089474
двух	тысяч	0.068421
двух	недель	0.063158
двух	сторон	0.057895
двух	человек	0.052632
двух	часов	0.052632
двух	трех	0.036842
двух	детей	0.036842
двух	месяцев	0.036842
двух	миллионов	0.036842
двух	с	0.031579
двух	мужчин	0.026316
двух	до	0.026316
двух	минут	0.021053
двух	или	0.015789
двух	дней	0.015789
двух	случаях	0.015789
двух	раз	0.015789
двух	новых	0.015789
девять	месяцев	0.222222
девять	человек	0.166667
девять	лет	0.129630
девять	тысяч	0.092593
девять	раз	0.055556
действий	в	0.157576
действий	на	0.133333
действий	и	0.066667
действий	для	0.030303
действий	не	0.030303
действий	у	0.024242
действий	зависит	0.018182
действий	по	0.018182
действий	с	0.018182
действует	в	0.137931
действует	на	0.086207
действует	до	0.068966
действует	и	0.051724
действует	особый	0.051724
делал	это	0.130435
делами	президента	0.272727
деле	это	0.083871
деле	не	0.045161
деле	о	0.032258
деле	они	0.025806
деле	я	0.025806
деле	будет	0.019355
деле	было	0.019355
деле	и	0.019355
деле	является	0.019355
деле	все	0.019355
деле	у	0.019355
деле	но	0.019355
делу	о	0.426829
делу	об	0.085366
делу	в	0.073171
деньги	на	0.140411
деньги	и	0.075342
деньги	за	0.065068
деньги	в	0.044521
деньги	не	0.034247
деньги	которые	0.034247
деньги	с	0.027397
деньги	будут	0.027397
деньги	а	0.027397
деньги	от	0.020548
деньги	чтобы	0.020548
деньги	были	0.017123
деньги	это	0.017123
деньги	из	0.017123
деньги	уже	0.013699
деньги	можно	0.013699
деньги	нужно	0.010274
деньги	у	0.010274
деньги	то	0.010274
деньги	могут	0.010274
деньги	но	0.010274
деньги	для	0.010274
деревья	и	0.120000
деревья	на	0.120000
держится	на	0.300000
детский	сад	0.594595
детской	городской	0.190476
детской	больницы	0.190476
детской	школы	0.190476
детской	площадке	0.142857
детьми	и	0.181818
детьми	в	0.077922
детьми	из	0.064935
детьми	с	0.051948
детьми	до	0.051948
детьми	а	0.038961
детьми	сказал	0.038961
длинные	волосы	0.375000
дней	в	0.104072
дней	после	0.104072
дней	до	0.085973
дней	назад	0.058824
дней	и	0.054299
дней	с	0.049774
дней	раньше	0.022624
дней	из	0.018100
дней	не	0.018100
дней	со	0.018100
дней	он	0.018100
дней	чтобы	0.018100
дней	на	0.013575
дней	у	0.013575
дней	по	0.013575
днями	ранее	0.666667
доверия	к	0.300000
доверия	и	0.300000
договор	с	0.200000
договор	о	0.146667
договор	на	0.133333
договор	по	0.053333
договор	и	0.040000
договор	об	0.040000
договор	это	0.040000
доказательств	того	0.238095
доказательства	того	0.166667
доказательство	того	1.000000
доказывает	что	0.750000
долгий	путь	0.307692
долгое	время	1.000000
должно	быть	0.592357
должно	было	0.070064
должно	стать	0.044586
должно	принимать	0.019108
долю	в	0.333333
долю	пришлось	0.166667
домик	в	0.500000
допустить	их	0.200000
дорого	и	0.333333
доставить	в	0.555556
достичь	своих	0.139535
достичь	цели	0.069767
доступ	к	0.762376
доступ	в	0.089109
доступ	на	0.059406
доступа	к	0.578947
доступа	на	0.105263
друга	и	0.192308
друга	в	0.076923
друга	с	0.057692
другие	страны	0.158798
другие	вопросы	0.025751
другие	подробности	0.025751
другие	города	0.025751
другие	продукты	0.025751
другие	люди	0.021459
другие	планы	0.021459
другие	члены	0.017167
другие	инструменты	0.017167
другие	не	0.017167
другие	важные	0.012876
другие	в	0.012876
другие	последствия	0.012876
другие	системы	0.012876
другие	вещи	0.012876
другие	документы	0.012876
другие	компании	0.012876
другие	цели	0.012876
другие	герои	0.012876
других	людей	0.117647
других	местах	0.058824
других	вариантов	0.049020
других	проблем	0.029412
других	игроков	0.029412
других	органов	0.029412
других	девушек	0.029412
других	важных	0.029412
другу	в	0.130435
друзья	и	0.285714
друзья	коллеги	0.107143
думаете	что	0.333333
думаете	о	0.200000
думайте	о	1.000000
думали	что	0.500000
думали	о	0.166667
е	место	0.296703
е	годы	0.186813
е	в	0.076923
е	число	0.032967
е	сутки	0.032967
е	и	0.032967
единственная	цель	0.166667
ехал	на	0.350000
ехал	по	0.250000
жаль	что	0.576923
ждать	не	0.173077
ждать	от	0.115385
ждать	в	0.076923
ждать	пока	0.057692
ждет	от	0.086207
ждет	много	0.051724
жена	и	0.113636
жена	с	0.090909
женщина	и	0.086124
женщина	с	0.052632
женщина	не	0.052632
женщина	в	0.047847
женщина	года	0.028708
женщина	должна	0.023923
женщина	начала	0.023923
женщина	рассказала	0.023923
женщина	погибла	0.019139
женщина	которая	0.019139
женщина	лет	0.019139
женщина	получила	0.019139
женщина	вызвала	0.019139
женщина	находится	0.014354
женщина	пришла	0.014354
женщина	решила	0.014354
женщина	смогла	0.014354
женщина	на	0.014354
живой	силы	0.528302
живой	силе	0.339623
животные	которые	0.142857
жизни	и	0.166163
жизни	в	0.072508
жизни	человека	0.036254
жизни	с	0.021148
жизни	на	0.018127
жизни	а	0.015106
жизни	не	0.015106
жизни	он	0.015106
жизни	все	0.012085
жизни	у	0.012085
жизни	я	0.012085
жизни	или	0.012085
жизни	этого	0.009063
жизни	людей	0.009063
жизни	сказал	0.009063
жизни	будут	0.009063
жизни	ничего	0.009063
жизни	человек	0.009063
жизни	общества	0.009063
жизни	во	0.009063
жизни	но	0.009063
жизнью	и	0.235294
жили	в	0.375000
жили	на	0.187500
жили	и	0.125000
жителей	и	0.106742
жителей	в	0.067416
жителей	города	0.067416
жителей	из	0.033708
жителей	нашей	0.028090
жителей	области	0.028090
жителей	не	0.022472
жителей	села	0.022472
жителей	нашего	0.022472
жителей	новых	0.022472
жителей	о	0.022472
жителей	сша	0.016854
жителей	получили	0.016854
жителей	россии	0.016854
жителей	который	0.016854
жителей	с	0.016854
жителей	будут	0.016854
жителей	а	0.016854
жители	и	0.078125
жители	в	0.039062
жители	не	0.039062
жители	с	0.031250
жители	села	0.031250
жители	города	0.031250
жители	дома	0.031250
жители	рассказали	0.031250
жители	могли	0.023438
жители	смогут	0.023438
забывайте	о	0.500000
забыть	о	0.277778
завтра	будет	0.153846
завтра	в	0.134615
завтра	марта	0.057692
завтра	не	0.057692
заднем	дворе	0.625000
заказ	на	0.157895
заключается	в	0.942308
заключение	о	0.142857
заключение	по	0.107143
заключение	в	0.107143
заключение	под	0.107143
заключить	договор	0.250000
заключить	что	0.125000
заключить	соглашение	0.125000
закончился	в	0.300000
закончился	бой	0.300000
законы	о	0.222222
закрыто	для	0.428571
закрыть	глаза	0.161290
закрыть	все	0.129032
залог	в	0.294118
заметить	что	0.450000
замок	и	0.300000
запах	изо	0.125000
заплатил	за	0.428571
заплатить	за	0.343750
заплатить	тысяч	0.218750
запрос	в	0.264706
запрос	на	0.117647
запрос	о	0.088235
застряли	в	0.600000
заходит	в	0.416667
защитить	себя	0.180000
защитить	от	0.100000
защитить	их	0.080000
защитить	наше	0.060000
защитить	свои	0.060000
защитить	свою	0.060000
защищать	свою	0.179487
защищать	от	0.102564
защищать	свои	0.102564
заявления	о	0.205479
заявления	в	0.123288
заявления	на	0.082192
заявления	от	0.068493
заявления	президента	0.041096
заявления	об	0.041096
звучит	как	0.260870
здании	бывшей	0.100000
здоровье	и	0.211538
здоровье	в	0.057692
здоровье	человека	0.057692
зеленый	свет	0.307692
знает	что	0.168675
знает	как	0.156627
знает	кто	0.036145
знает	но	0.036145
знакомый	с	0.666667
знали	что	0.307692
знали	как	0.102564
знали	куда	0.076923
знать	что	0.231884
знать	как	0.115942
знать	о	0.086957
знать	в	0.057971
знать	когда	0.043478
значение	для	0.421053
значение	и	0.070175
значение	в	0.052632
значительно	больше	0.220000
значительно	ниже	0.120000
значительно	меньше	0.100000
значительно	более	0.100000
значительно	выше	0.060000
знаю	что	0.473118
знаю	как	0.107527
знают	что	0.236559
знают	как	0.107527
знают	о	0.096774
знают	об	0.053763
знают	и	0.043011
знают	где	0.032258
зная	что	0.266667
зная	о	0.200000
зона	для	0.181818
зону	с	0.120000
зону	отдыха	0.120000
игр	в	0.138889
игр	и	0.111111
игр	не	0.055556
игр	года	0.041667
игр	на	0.041667
игр	с	0.041667
игрушки	и	0.250000
идет	о	0.410468
идет	об	0.077135
идет	в	0.060606
идет	речь	0.055096
идет	на	0.044077
идет	не	0.033058
идет	война	0.024793
идет	по	0.019284
идет	про	0.013774
идет	процесс	0.013774
идет	снег	0.011019
идет	только	0.011019
идет	очень	0.008264
идет	вперед	0.008264
идет	работа	0.008264
идет	полным	0.008264
идет	с	0.008264
идти	на	0.225225
идти	в	0.180180
идти	о	0.063063
идти	к	0.054054
идти	вперед	0.045045
идти	по	0.045045
идти	и	0.036036
известно	что	0.579602
известно	о	0.121891
известно	в	0.042289
известно	кто	0.017413
известно	на	0.014925
известно	об	0.014925
известно	по	0.009950
известно	как	0.009950
известно	с	0.009950
известно	из	0.009950
известно	еще	0.009950
изменилась	после	0.230769
изменился	и	0.333333
изменится	в	0.160000
изменится	и	0.120000
изменится	расписание	0.120000
изменится	к	0.120000
изучить	и	0.150000
или	в	0.055994
или	на	0.042355
или	нет	0.029433
или	не	0.027997
или	даже	0.022972
или	же	0.022254
или	с	0.017947
или	иной	0.016511
или	по	0.014358
или	поздно	0.013640
или	иначе	0.013640
или	просто	0.013640
или	что	0.012922
или	как	0.010050
или	его	0.009332
или	более	0.007179
или	другие	0.007179
или	других	0.007179
или	хотя	0.006461
или	это	0.006461
или	без	0.006461
или	менее	0.005743
или	другими	0.005025
или	через	0.005025
или	около	0.004307
или	любой	0.004307
или	три	0.004307
или	при	0.004307
или	евро	0.004307
или	вы	0.004307
или	наоборот	0.004307
или	их	0.004307
или	от	0.004307
или	ее	0.003589
или	они	0.003589
или	были	0.003589
или	уже	0.003589
или	все	0.003589
или	для	0.003589
или	другой	0.003589
им	не	0.052910
им	в	0.038801
им	н	0.026455
им	и	0.026455
им	оказался	0.026455
им	удалось	0.024691
им	а	0.021164
им	придется	0.015873
им	нужно	0.015873
им	было	0.014109
им	стал	0.014109
им	нужны	0.012346
им	м	0.010582
им	на	0.010582
им	оказывается	0.010582
им	возможность	0.008818
им	бы	0.008818
им	приходится	0.008818
им	что	0.008818
им	о	0.008818
им	надо	0.007055
им	пришлось	0.007055
им	помощь	0.007055
им	будет	0.007055
им	предстоит	0.007055
им	проще	0.007055
им	важно	0.007055
им	за	0.007055
им	это	0.007055
им	были	0.005291
им	просто	0.005291
им	помочь	0.005291
им	так	0.005291
им	тоже	0.005291
им	с	0.005291
им	очень	0.005291
им	необходимо	0.005291
им	лучше	0.005291
им	дали	0.005291
им	для	0.005291
имени	а	0.142857
имени	в	0.107143
имени	м	0.083333
имени	и	0.059524
имени	н	0.047619
имени	г	0.047619
имени	героя	0.035714
имени	п	0.035714
информация	о	0.393064
информация	что	0.161850
информация	об	0.098266
информация	не	0.063584
информация	в	0.028902
информация	будет	0.017341
информация	и	0.017341
информация	по	0.017341
искали	работу	0.272727
исключением	и	0.130435
использовать	для	0.125714
использовать	в	0.097143
использовать	его	0.062857
использовать	их	0.062857
использовать	все	0.028571
использовать	только	0.022857
использовать	и	0.022857
использовать	свою	0.017143
использовать	на	0.017143
использовать	по	0.017143
использовать	любые	0.017143
использовать	с	0.017143
использовать	свои	0.017143
использовать	не	0.017143
исследования	показали	0.125000
исследования	и	0.083333
исследования	показывают	0.083333
исследования	в	0.083333
исследования	по	0.055556
история	с	0.080460
история	не	0.057471
история	произошла	0.057471
история	о	0.045977
история	и	0.034483
история	любви	0.034483
история	когда	0.034483
итак	мы	0.210526
итоге	в	0.056075
итоге	все	0.046729
итоге	суд	0.046729
итоге	мы	0.037383
итоге	она	0.028037
итоге	они	0.028037
итоге	я	0.028037
итоге	будет	0.028037
июня	в	0.276119
июня	года	0.171642
июня	на	0.063433
июня	по	0.041045
июня	стало	0.014925
июня	около	0.014925
июня	и	0.014925
июня	этого	0.014925
июня	сообщил	0.014925
июня	сообщили	0.014925
июня	а	0.011194
июня	с	0.011194
июня	губернатор	0.011194
июня	президент	0.011194
июня	заявил	0.011194
кабинете	на	0.250000
каждому	из	0.137931
каждому	человеку	0.137931
каждому	кто	0.103448
кажется	что	0.395833
кажется	в	0.031250
кажется	это	0.031250
как	и	0.053502
как	в	0.040837
как	раз	0.028948
как	можно	0.027139
как	это	0.022745
как	минимум	0.020936
как	только	0.020419
как	правило	0.019643
как	то	0.019385
как	они	0.017317
как	он	0.017317
как	сообщили	0.016800
как	на	0.013957
как	у	0.012923
как	бы	0.012406
как	она	0.012406
как	известно	0.011114
как	говорится	0.010856
как	я	0.010856
как	вы	0.010080
как	же	0.009563
как	мы	0.009563
как	его	0.008788
как	будто	0.008788
как	для	0.008529
как	пишет	0.008529
как	стало	0.006979
как	не	0.006203
как	сообщил	0.006203
как	их	0.005945
как	правильно	0.005945
как	по	0.005945
как	рассказал	0.005945
как	рассказали	0.005686
как	обычно	0.005169
как	следует	0.005169
как	с	0.005169
как	выяснилось	0.005169
как	оказалось	0.004911
как	к	0.004652
какие	то	0.372694
какие	либо	0.084871
какие	у	0.036900
какие	еще	0.018450
какие	они	0.018450
какие	бы	0.018450
какие	вопросы	0.014760
какие	именно	0.014760
какие	есть	0.014760
какие	нибудь	0.014760
какие	продукты	0.011070
какие	проблемы	0.011070
каким	то	0.273810
каким	образом	0.142857
каким	будет	0.142857
каким	либо	0.083333
каким	он	0.071429
каким	причинам	0.059524
каким	бы	0.047619
какого	то	0.441860
какого	либо	0.232558
какого	нибудь	0.093023
кандидат	в	0.500000
кандидат	от	0.153846
каникулы	в	0.272727
карта	по	0.208333
карьере	в	0.217391
карьере	и	0.130435
качества	и	0.142857
качества	в	0.126984
качества	жизни	0.095238
качества	а	0.079365
качества	чтобы	0.047619
квартира	в	0.150000
квартире	на	0.163934
квартире	в	0.131148
квартиру	в	0.322581
квартиру	и	0.080645
квартиру	где	0.048387
квартиру	для	0.048387
километров	в	0.164179
километров	от	0.119403
километров	и	0.074627
километров	на	0.059701
километров	до	0.044776
китай	и	0.162162
китай	не	0.054054
китай	может	0.054054
китай	является	0.036036
китай	в	0.027027
китай	от	0.027027
км	ч	0.184615
км	к	0.130769
км	от	0.107692
км	и	0.100000
км	в	0.092308
км	на	0.053846
км	а	0.023077
км	но	0.023077
книг	и	0.166667
книг	о	0.166667
книги	и	0.135135
книги	в	0.108108
книги	на	0.081081
книги	по	0.081081
количество	людей	0.076336
количество	жертв	0.045802
количество	воды	0.038168
количество	жителей	0.030534
количество	и	0.030534
количество	мест	0.030534
количество	пассажиров	0.030534
количество	таких	0.022901
количество	человек	0.022901
количество	голосов	0.022901
количество	машин	0.022901
коллеги	из	0.172414
коллеги	и	0.172414
команду	и	0.103448
команды	из	0.112245
команды	в	0.091837
команды	и	0.040816
команды	вошли	0.040816
команды	уже	0.040816
команды	по	0.030612
комиссии	по	0.447761
комиссии	и	0.059701
комиссии	в	0.044776
комитет	по	0.291667
комитет	россии	0.187500
комитет	принял	0.062500
комитет	красного	0.062500
компании	в	0.086053
компании	и	0.059347
компании	не	0.044510
компании	из	0.035608
компании	которые	0.032641
компании	для	0.026706
компании	по	0.023739
компании	также	0.023739
компании	на	0.020772
компании	как	0.017804
компании	за	0.014837
компании	назвали	0.011869
компании	работают	0.011869
компании	считают	0.011869
компании	должны	0.011869
компании	которая	0.011869
компании	с	0.011869
компании	работает	0.008902
компании	но	0.008902
компании	были	0.008902
компании	рассказали	0.008902
компании	это	0.008902
компании	является	0.008902
компании	или	0.008902
компании	друзей	0.008902
компании	до	0.008902
компании	готовы	0.008902
компании	могут	0.008902
компании	есть	0.008902
конечном	итоге	0.950000
коп	за	0.750000
король	и	0.285714
короткий	срок	0.416667
костей	и	0.500000
кости	и	0.400000
которому	в	0.098765
которому	вы	0.061728
которому	мы	0.049383
которому	проходит	0.037037
которому	принадлежит	0.037037
которому	удалось	0.037037
кофе	и	0.150000
кофе	в	0.133333
кофе	с	0.100000
кофе	на	0.050000
кофе	или	0.050000
кофе	а	0.050000
крайне	важно	0.229167
крайне	сложно	0.166667
крайне	редко	0.104167
крайне	важны	0.062500
красная	звезда	0.375000
красная	гора	0.375000
красное	мясо	0.307692
красное	первое	0.230769
красоты	и	0.176471
кредит	на	0.184211
кредит	в	0.105263
кредит	под	0.078947
кредит	и	0.078947
кричать	на	0.571429
кто	то	0.216327
кто	не	0.050340
кто	будет	0.023129
кто	в	0.019048
кто	может	0.017687
кто	хочет	0.017687
кто	и	0.016327
кто	там	0.013605
кто	это	0.012245
кто	работает	0.012245
кто	знает	0.012245
кто	помогает	0.010884
кто	уже	0.009524
кто	бы	0.009524
кто	еще	0.008163
кто	пытается	0.008163
кто	должен	0.008163
кто	сейчас	0.008163
кто	нибудь	0.008163
кто	принимал	0.006803
кто	как	0.006803
кто	был	0.006803
кто	находится	0.006803
кто	его	0.006803
кто	имеет	0.006803
кто	с	0.006803
кто	только	0.005442
кто	следит	0.005442
кто	ведет	0.005442
кто	же	0.005442
кто	хотел	0.005442
кто	из	0.005442
кто	стоит	0.005442
кто	на	0.005442
кто	такой	0.005442
кто	является	0.004082
кто	сказал	0.004082
кто	защищает	0.004082
кто	сегодня	0.004082
кто	готов	0.004082
куда	то	0.084967
куда	более	0.078431
куда	можно	0.052288
куда	лучше	0.039216
куда	он	0.032680
куда	идти	0.032680
куда	ты	0.026144
куда	бы	0.026144
куда	нибудь	0.026144
куда	именно	0.019608
куда	нужно	0.019608
куда	больше	0.019608
куда	был	0.019608
куда	мы	0.019608
куда	обращаться	0.019608
куда	надо	0.019608
куда	они	0.019608
куда	люди	0.019608
курс	доллара	0.189189
курс	евро	0.175676
курс	на	0.121622
курс	и	0.040541
лежит	на	0.583333
лекарства	для	0.137931
лет	назад	0.175711
лет	и	0.095607
лет	в	0.052972
лет	а	0.032300
лет	с	0.020672
лет	до	0.016796
лет	на	0.015504
лет	после	0.012920
лет	тюрьмы	0.011628
лет	не	0.010336
лет	но	0.010336
лет	за	0.009044
лет	это	0.009044
лет	или	0.009044
лет	он	0.007752
лет	из	0.007752
лет	по	0.007752
лет	будет	0.006460
лет	жизни	0.006460
лет	они	0.006460
лет	его	0.006460
лет	могут	0.006460
лет	я	0.006460
лет	может	0.005168
лет	работы	0.005168
лет	брака	0.005168
лет	была	0.005168
лет	которые	0.005168
лет	когда	0.005168
лет	со	0.005168
лет	победы	0.005168
лет	что	0.005168
лет	их	0.005168
лет	для	0.005168
лет	лет	0.005168
лет	вместе	0.003876
лет	месяцев	0.003876
лет	однако	0.003876
лет	были	0.003876
лет	занимается	0.003876
летать	на	0.266667
летать	не	0.200000
летать	в	0.200000
лжи	и	0.500000
лист	бумаги	0.200000
личную	жизнь	0.555556
лучших	в	0.189189
лучших	игр	0.081081
лучших	сотрудников	0.081081
любовь	к	0.318182
любовь	и	0.166667
любовь	может	0.045455
любой	момент	0.134454
любой	другой	0.100840
любой	ценой	0.092437
любой	из	0.067227
любой	ситуации	0.058824
любой	человек	0.050420
любой	период	0.033613
любой	вкус	0.033613
любой	стране	0.025210
любой	точки	0.025210
любой	возможности	0.025210
любопытно	что	0.800000
любую	страну	0.096774
любую	работу	0.096774
любую	проблему	0.096774
людьми	и	0.204082
людьми	которые	0.163265
магазина	в	0.157895
материал	для	0.120000
материал	который	0.120000
материалы	и	0.092593
материалы	для	0.074074
материалы	которые	0.074074
материалы	в	0.055556
материалы	дела	0.055556
материалы	о	0.055556
мать	ребенка	0.113636
мать	и	0.113636
мать	девочки	0.113636
машин	и	0.169014
машин	в	0.112676
машин	на	0.084507
машин	которые	0.084507
машина	может	0.081081
машину	и	0.225000
машину	в	0.175000
машину	с	0.100000
медицинской	помощи	0.710526
медицинской	помощью	0.105263
медицинской	школы	0.039474
медицинской	академии	0.039474
между	тем	0.213333
между	двумя	0.160000
между	собой	0.140000
между	ними	0.063333
между	нашими	0.043333
между	сша	0.040000
между	и	0.036667
между	нами	0.023333
между	президентом	0.020000
между	ним	0.020000
между	людьми	0.016667
между	этими	0.016667
между	прочим	0.013333
между	мужчиной	0.013333
между	за	0.010000
между	жизнью	0.010000
между	его	0.010000
меняется	в	0.166667
меняется	и	0.125000
местах	где	0.132353
местах	в	0.088235
местах	и	0.073529
место	в	0.323988
место	для	0.074766
место	и	0.065421
место	среди	0.037383
место	на	0.034268
место	где	0.031153
место	по	0.028037
место	занимает	0.018692
место	с	0.015576
место	работы	0.015576
место	под	0.012461
место	у	0.012461
место	отдыха	0.009346
место	не	0.009346
место	вызвали	0.009346
место	его	0.009346
место	встречи	0.009346
место	падения	0.009346
месяца	назад	0.066667
месяца	в	0.066667
месяца	года	0.066667
месяца	после	0.059259
месяца	и	0.051852
месяца	на	0.044444
месяца	он	0.029630
месяца	до	0.029630
месяца	по	0.022222
месяца	к	0.022222
месяца	мы	0.022222
месяца	а	0.022222
месяца	следующего	0.022222
месяцы	на	0.107143
миллион	долларов	0.210526
миллионов	долларов	0.472441
миллионов	евро	0.212598
миллионов	человек	0.102362
миллионов	тысяч	0.039370
минус	градусов	0.312500
мисс	вселенная	0.500000
миссии	по	0.166667
миссии	в	0.125000
мм	а	0.285714
мне	кажется	0.108352
мне	не	0.054176
мне	очень	0.042889
мне	в	0.033860
мне	как	0.027088
мне	что	0.022573
мне	нравится	0.022573
мне	нужно	0.020316
мне	так	0.015801
мне	было	0.015801
мне	и	0.015801
мне	вот	0.013544
мне	на	0.013544
мне	о	0.011287
мне	это	0.011287
мне	пришлось	0.009029
мне	даже	0.009029
мне	казалось	0.009029
мне	бы	0.009029
мне	сказали	0.009029
мне	больше	0.009029
мне	понравилось	0.009029
мне	известно	0.009029
мне	эти	0.006772
мне	потом	0.006772
мне	нравятся	0.006772
мне	уже	0.006772
мне	просто	0.006772
мне	показалось	0.006772
мне	а	0.006772
мне	надо	0.006772
мне	будет	0.006772
мнению	это	0.082090
мнению	в	0.052239
мнению	о	0.022388
мнению	политика	0.022388
мнению	некоторых	0.022388
мнению	жителей	0.022388
мнению	существует	0.022388
мнению	этого	0.022388
многим	кажется	0.130435
многим	людям	0.130435
мобильный	телефон	0.500000
мобильный	интернет	0.192308
моему	мнению	0.500000
моих	детей	0.214286
мой	взгляд	0.238938
мой	бизнес	0.132743
мой	муж	0.044248
мой	друг	0.035398
мой	дом	0.026549
мой	любимый	0.026549
молодым	человеком	0.416667
молодым	людям	0.250000
молоко	и	0.230769
моря	и	0.104167
моря	в	0.083333
моря	а	0.062500
мост	через	0.184211
мост	на	0.105263
моста	в	0.111111
моста	через	0.083333
мою	жизнь	0.266667
моя	мама	0.132075
моя	история	0.094340
моя	работа	0.094340
моя	жена	0.075472
мужчина	был	0.062914
мужчина	который	0.046358
мужчина	не	0.039735
мужчина	и	0.039735
мужчина	года	0.029801
мужчина	в	0.029801
мужчина	сообщил	0.026490
мужчина	с	0.019868
мужчина	также	0.019868
мужчина	погиб	0.019868
мужчина	получил	0.019868
мужчина	лет	0.019868
мужчина	из	0.016556
мужчина	начал	0.016556
мужчина	уже	0.016556
мужчина	вернулся	0.013245
мужчина	несколько	0.013245
мужчина	вместе	0.013245
мужчина	рассказал	0.013245
мужчина	пытался	0.009934
мужчина	за	0.009934
мужчина	сделал	0.009934
мужчина	попросил	0.009934
мужчина	во	0.009934
мужчина	на	0.009934
мужчина	приехал	0.009934
мужчина	признался	0.009934
мужчина	работал	0.009934
музей	где	0.102564
музей	победы	0.102564
музей	им	0.076923
музыке	и	0.333333
мыслей	и	0.428571
мяч	в	0.363636
мяч	и	0.136364
награду	в	0.176471
над	тем	0.119760
над	этим	0.071856
над	головой	0.065868
над	ним	0.047904
над	чем	0.047904
над	городом	0.041916
над	собой	0.035928
над	этой	0.023952
над	ней	0.023952
над	их	0.017964
над	сша	0.017964
над	землей	0.017964
над	своими	0.017964
над	детьми	0.017964
над	какими	0.017964
над	ее	0.017964
над	ними	0.017964
надежда	что	0.444444
надеяться	что	0.538462
надеяться	на	0.307692
назвал	это	0.074468
назвал	ее	0.053191
назвал	его	0.042553
назвал	действия	0.031915
назначил	ему	0.333333
назначил	наказание	0.259259
называет	себя	0.307692
наказание	в	0.571429
наказание	за	0.128571
наказание	от	0.042857
намного	лучше	0.157895
намного	меньше	0.140351
намного	проще	0.122807
намного	больше	0.122807
намного	сложнее	0.070175
намного	раньше	0.052632
нападение	на	0.459459
нападение	произошло	0.135135
нападение	с	0.108108
написали	в	0.300000
написали	что	0.166667
написали	заявление	0.100000
написано	в	0.217391
написано	на	0.130435
напомнить	что	0.600000
направление	на	0.133333
направление	в	0.111111
например	в	0.144414
например	на	0.049046
например	если	0.032698
например	с	0.032698
например	за	0.027248
например	по	0.021798
например	для	0.021798
например	при	0.019074
например	у	0.016349
например	от	0.013624
например	из	0.013624
например	можно	0.013624
например	мы	0.013624
например	сейчас	0.013624
например	как	0.010899
например	о	0.010899
например	он	0.010899
например	это	0.008174
например	во	0.008174
например	когда	0.008174
например	не	0.008174
например	я	0.008174
напряжение	в	0.230769
напрямую	зависит	0.111111
напрямую	с	0.083333
напрямую	влияет	0.083333
напрямую	к	0.083333
народ	до	0.068182
народ	был	0.068182
нарушение	правил	0.512821
нарушение	закона	0.102564
нарушение	порядка	0.076923
насилия	в	0.296296
насилия	и	0.185185
настало	время	1.000000
настоящее	время	0.929630
настоящее	имя	0.037037
насчет	того	0.428571
наука	и	0.416667
находился	в	0.402597
находился	на	0.181818
находился	под	0.103896
находился	с	0.038961
находимся	в	0.588235
находимся	на	0.176471
находитесь	в	1.000000
находиться	в	0.500000
находиться	на	0.187500
находиться	под	0.078125
началась	в	0.204082
началась	война	0.122449
началась	эта	0.061224
началась	с	0.061224
началось	в	0.324324
началось	с	0.135135
начать	переговоры	0.075000
начать	делать	0.050000
начать	обучение	0.037500
начать	работу	0.037500
начать	играть	0.037500
начинает	работать	0.096774
начиная	с	0.770492
начиная	от	0.147541
начиная	со	0.065574
наше	время	0.161290
наше	желание	0.096774
нашла	в	0.260870
недалеко	от	0.981481
недель	после	0.120690
недель	назад	0.120690
недель	до	0.086207
недель	и	0.051724
недель	в	0.051724
нее	не	0.091892
нее	есть	0.037838
нее	в	0.037838
нее	и	0.032432
нее	уже	0.021622
нее	нет	0.021622
нее	был	0.021622
нее	никогда	0.016216
нее	было	0.016216
нее	а	0.016216
нее	была	0.016216
независимо	от	0.960000
ней	в	0.067797
ней	и	0.050847
ней	не	0.050847
ней	на	0.039548
ней	можно	0.039548
ней	с	0.028249
ней	было	0.022599
ней	вы	0.016949
ней	приняли	0.016949
некоторых	случаях	0.333333
некоторых	из	0.129630
некоторых	улицах	0.074074
некоторых	местах	0.055556
немного	времени	0.089744
немного	и	0.064103
немного	более	0.051282
немного	воды	0.051282
немного	больше	0.051282
неподалеку	от	0.758621
нервы	и	0.600000
нибудь	в	0.111111
нигде	не	0.714286
ниже	чем	0.318841
ниже	уровня	0.072464
ниже	среднего	0.072464
ниже	за	0.057971
ниже	в	0.043478
никаких	сомнений	0.129630
никаких	проблем	0.092593
никаких	документов	0.092593
никаких	признаков	0.074074
никаких	доказательств	0.055556
никаких	других	0.055556
никому	не	0.590909
никому	ничего	0.090909
никому	нет	0.068182
никто	не	0.678161
никто	из	0.061303
никто	и	0.019157
никто	в	0.015326
никто	ничего	0.015326
никто	даже	0.015326
никто	кроме	0.011494
никто	на	0.011494
никто	другой	0.011494
никто	бы	0.011494
ними	на	0.054054
ними	и	0.045045
ними	в	0.036036
ними	не	0.036036
ними	по	0.036036
ними	все	0.027027
ними	делать	0.027027
них	не	0.056738
них	в	0.049645
них	есть	0.043972
них	нет	0.025532
них	были	0.024113
них	будет	0.022695
них	на	0.021277
них	по	0.015603
них	и	0.015603
них	можно	0.015603
них	было	0.012766
них	был	0.012766
них	более	0.011348
них	уже	0.011348
них	три	0.009929
них	может	0.008511
них	это	0.008511
них	за	0.007092
них	также	0.007092
них	там	0.007092
них	удалось	0.007092
них	как	0.007092
них	могут	0.007092
них	сейчас	0.007092
них	была	0.007092
них	еще	0.005674
них	команда	0.005674
них	достаточно	0.005674
них	около	0.005674
них	она	0.005674
них	один	0.005674
них	заявил	0.005674
них	человек	0.005674
них	очень	0.005674
них	больше	0.005674
них	всегда	0.004255
них	приняли	0.004255
них	находятся	0.004255
них	погибли	0.004255
них	мы	0.004255
ничего	не	0.503521
ничего	общего	0.028169
ничего	такого	0.024648
ничего	нового	0.021127
ничего	страшного	0.021127
ничего	подобного	0.021127
ничего	хорошего	0.017606
ничего	и	0.017606
ничего	нет	0.017606
ничего	в	0.014085
ничего	из	0.014085
ничего	плохого	0.014085
ничего	что	0.010563
ничего	кроме	0.010563
ничего	делать	0.010563
ничего	за	0.010563
новостей	в	0.285714
новостей	сообщили	0.166667
новостей	о	0.071429
новостей	сообщил	0.071429
новый	год	0.154167
новый	пакет	0.066667
новый	уровень	0.062500
новый	проект	0.033333
новый	закон	0.033333
новый	сезон	0.029167
новый	рекорд	0.020833
новый	опыт	0.020833
новый	дом	0.016667
новый	мир	0.016667
новый	вид	0.016667
новый	источник	0.016667
новый	день	0.012500
новый	путь	0.012500
новый	бизнес	0.012500
новый	мост	0.012500
новый	состав	0.012500
новый	выпуск	0.012500
новый	способ	0.012500
новый	владелец	0.012500
новый	посол	0.012500
новых	рабочих	0.166667
новых	условиях	0.062500
новых	возможностей	0.052083
новых	и	0.052083
новых	случаев	0.052083
новых	клиентов	0.052083
новых	людей	0.041667
новых	правил	0.031250
новых	сотрудников	0.031250
новых	работ	0.031250
новых	игроков	0.031250
новых	друзей	0.031250
ноги	на	0.187500
ноги	и	0.156250
номер	телефона	0.229167
номер	один	0.208333
номер	и	0.104167
нормальной	жизни	0.400000
носит	имя	0.235294
носит	название	0.235294
нравится	что	0.115385
нравится	и	0.057692
ну	и	0.235915
ну	а	0.091549
ну	это	0.049296
ну	да	0.042254
ну	так	0.031690
ну	не	0.024648
ну	что	0.021127
ну	вот	0.021127
ну	ты	0.017606
ну	там	0.017606
ну	или	0.017606
ну	я	0.017606
ну	если	0.017606
ну	тут	0.017606
ну	такое	0.014085
ну	как	0.014085
ну	на	0.014085
ну	еще	0.010563
ну	разве	0.010563
ну	все	0.010563
ну	в	0.010563
ну	вообще	0.010563
ну	давайте	0.010563
ну	по	0.010563
ну	у	0.010563
нужны	для	0.093750
нужны	новые	0.062500
нужны	чтобы	0.046875
обвинения	в	0.311111
обвинения	по	0.111111
обвинения	и	0.088889
обвинить	в	0.714286
обнаружил	что	0.259259
обнаружить	и	0.285714
обоих	случаях	0.500000
образ	жизни	0.646154
образ	который	0.046154
обратном	направлении	0.583333
обратном	пути	0.333333
обсудить	с	0.206897
общества	и	0.296296
общества	в	0.111111
объявить	о	0.200000
объявить	в	0.200000
объявление	о	0.555556
обязан	предоставить	0.200000
обязанности	и	0.135135
обязанности	входит	0.108108
огромная	честь	0.166667
огромные	потери	0.333333
одет	в	0.800000
одеяло	из	0.600000
одна	из	0.601399
одна	женщина	0.024476
одна	причина	0.020979
одна	страна	0.013986
одна	и	0.010490
одна	сторона	0.010490
одна	цель	0.010490
одна	партия	0.010490
одна	часть	0.010490
одно	из	0.447368
одно	и	0.078947
одно	дело	0.032895
одно	время	0.019737
одно	другому	0.019737
одной	из	0.614706
одной	стороны	0.111765
одной	комнате	0.017647
одной	рукой	0.014706
одной	семьи	0.008824
одной	причиной	0.008824
одной	организации	0.008824
одной	тысячи	0.008824
одному	из	0.658537
ожидать	что	0.241379
ожидать	в	0.137931
ожидать	от	0.103448
ожидать	не	0.103448
означать	что	0.461538
ок	юг	0.307692
окончания	войны	0.233333
окончания	великой	0.100000
она	не	0.085198
она	была	0.039587
она	будет	0.037866
она	может	0.027539
она	также	0.027539
она	в	0.024957
она	должна	0.019793
она	рассказала	0.018933
она	и	0.017212
она	стала	0.017212
она	уже	0.014630
она	с	0.012909
она	могла	0.009466
она	очень	0.009466
она	получила	0.009466
она	находится	0.009466
она	работает	0.008606
она	сама	0.007745
она	просто	0.007745
она	является	0.006885
она	начала	0.006885
она	как	0.006885
она	считает	0.006024
она	же	0.006024
она	мне	0.006024
она	даже	0.006024
она	попала	0.006024
она	отказалась	0.006024
она	его	0.006024
она	есть	0.006024
она	только	0.006024
она	так	0.006024
она	на	0.005164
она	решила	0.005164
она	сделала	0.005164
она	родила	0.005164
она	написала	0.005164
она	сказала	0.005164
она	назвала	0.005164
она	начинает	0.004303
они	не	0.099776
они	могут	0.051570
они	будут	0.045964
они	были	0.025224
они	уже	0.020179
они	должны	0.019619
они	в	0.016816
они	могли	0.015695
они	с	0.015135
они	также	0.014013
они	и	0.011211
они	сами	0.010090
они	смогут	0.009529
они	хотят	0.009529
они	просто	0.009529
они	считают	0.008969
они	это	0.008969
они	все	0.007848
они	очень	0.007848
они	пытаются	0.007848
они	получили	0.007287
они	имеют	0.007287
они	на	0.007287
они	являются	0.006726
они	тоже	0.006726
они	стали	0.006166
они	работают	0.006166
они	говорят	0.006166
они	есть	0.005605
они	всегда	0.005605
они	так	0.005605
они	хотели	0.005605
они	пытались	0.005045
они	по	0.005045
они	же	0.005045
они	начали	0.005045
они	бы	0.004484
они	вынуждены	0.004484
они	часто	0.004484
они	находятся	0.004484
опасности	и	0.121951
опасности	в	0.097561
опасности	для	0.097561
опасности	которая	0.073171
опасный	для	0.300000
операции	на	0.251656
операции	в	0.132450
операции	по	0.092715
операции	и	0.079470
операции	с	0.046358
опыт	в	0.147059
опыт	и	0.127451
опыт	работы	0.107843
опыт	по	0.039216
опыт	который	0.039216
опыт	для	0.029412
опыт	на	0.029412
органов	власти	0.200000
органов	и	0.146667
органов	в	0.053333
органов	управления	0.040000
органов	на	0.040000
оружие	и	0.186275
оружие	в	0.156863
оружие	для	0.058824
оружие	которое	0.049020
оружие	на	0.039216
оружие	не	0.039216
освободить	от	0.222222
особо	не	0.289474
особо	важных	0.157895
особый	порядок	0.157895
особый	акцент	0.157895
оставаться	в	0.410256
оставаться	на	0.205128
оставить	на	0.180328
оставить	в	0.131148
осталась	без	0.187500
осталась	в	0.125000
осталась	на	0.093750
остался	на	0.196721
остался	в	0.131148
остался	без	0.065574
остался	только	0.049180
остался	жив	0.049180
останутся	в	0.296296
останутся	без	0.111111
останутся	на	0.111111
остаются	в	0.173913
остаются	без	0.108696
остаются	на	0.086957
ответил	на	0.396552
ответил	что	0.293103
ответственности	за	0.417582
ответственности	и	0.098901
ответственности	в	0.065934
ответственности	по	0.032967
ответственности	перед	0.032967
отвлечь	внимание	0.545455
отдать	свой	0.227273
отдел	полиции	0.600000
отдел	по	0.133333
отдела	по	0.333333
отдела	полиции	0.238095
отдохнуть	и	0.250000
отказ	от	0.694444
отказывается	от	0.615385
отличные	результаты	0.400000
относительно	евро	0.092105
относительно	недавно	0.065789
относительно	спокойно	0.052632
относительно	того	0.052632
отношениях	с	0.321429
отношениях	между	0.089286
отношениях	и	0.053571
отправила	в	0.400000
отсюда	и	0.294118
отца	и	0.269231
офицеров	в	0.333333
офицеров	и	0.333333
очень	много	0.099108
очень	важно	0.055500
очень	быстро	0.032706
очень	хорошо	0.027750
очень	сложно	0.019822
очень	сильно	0.018831
очень	нравится	0.014866
очень	часто	0.014866
очень	тяжело	0.013875
очень	мало	0.013875
очень	интересно	0.012884
очень	хочется	0.012884
очень	большой	0.011893
очень	не	0.011893
очень	важный	0.011893
очень	трудно	0.010902
очень	долго	0.010902
очень	сложная	0.009911
очень	просто	0.009911
очень	легко	0.008920
очень	приятно	0.008920
очень	очень	0.007929
очень	многие	0.007929
очень	важен	0.007929
очень	важная	0.007929
очень	рады	0.007929
очень	рада	0.007929
очень	высокий	0.006938
очень	серьезно	0.006938
очень	здорово	0.006938
очень	хорошие	0.006938
очень	хороший	0.006938
очень	важна	0.006938
очень	многое	0.006938
очень	сильный	0.006938
очень	рад	0.006938
очень	любит	0.005946
очень	удобно	0.005946
очень	важное	0.005946
очень	большое	0.005946
очереди	на	0.275000
очередь	на	0.060000
очередь	это	0.050000
очередь	в	0.045000
очередь	из	0.030000
очередь	эксперт	0.025000
очередь	и	0.025000
очередь	с	0.025000
очередь	не	0.025000
очередь	за	0.020000
очередь	по	0.020000
очередь	глава	0.020000
очередь	для	0.015000
очередь	специалист	0.015000
очередь	чтобы	0.015000
ошибка	которую	0.157895
п	п	0.175000
п	а	0.125000
п	в	0.125000
п	и	0.075000
памяти	и	0.200000
памяти	жертв	0.109091
памяти	о	0.072727
памяти	в	0.072727
парка	победы	0.115385
парка	в	0.115385
парке	победы	0.193548
парке	имени	0.096774
парке	в	0.096774
пару	лет	0.222222
пару	раз	0.126984
пару	дней	0.126984
пару	минут	0.111111
пару	часов	0.095238
пару	недель	0.079365
пару	месяцев	0.079365
пассажиров	в	0.210526
пассажиров	и	0.192982
пассажиров	на	0.105263
пациенты	с	0.238095
первой	половине	0.108844
первой	необходимости	0.102041
первой	части	0.095238
первой	же	0.061224
первой	в	0.054422
первой	помощи	0.047619
первой	из	0.027211
первой	половины	0.027211
первой	встрече	0.027211
первой	мировой	0.027211
первой	и	0.027211
первой	серии	0.020408
первой	леди	0.020408
первую	очередь	0.712329
первую	помощь	0.036530
первую	неделю	0.031963
первую	половину	0.031963
первую	часть	0.022831
первую	линию	0.018265
первую	группу	0.018265
первую	в	0.013699
первый	раз	0.124629
первый	заместитель	0.103858
первый	день	0.094955
первый	год	0.050445
первый	в	0.038576
первый	взгляд	0.035608
первый	матч	0.032641
первый	месяц	0.023739
первый	сезон	0.023739
первый	случай	0.020772
первый	бой	0.020772
первый	вариант	0.020772
первый	шаг	0.017804
первый	же	0.017804
первый	план	0.017804
первый	секретарь	0.017804
первый	опыт	0.014837
первый	из	0.014837
первый	и	0.014837
первый	фильм	0.011869
первый	за	0.011869
первый	визит	0.008902
первый	тур	0.008902
первый	сет	0.008902
первый	класс	0.008902
первый	период	0.008902
первыми	в	0.200000
первых	дней	0.129630
первых	двух	0.083333
первых	в	0.064815
первых	это	0.037037
первых	и	0.027778
первых	месяцев	0.027778
первых	минут	0.027778
передачи	данных	0.153846
переехали	в	0.777778
перенести	в	0.230769
перерыв	в	0.307692
песни	и	0.234043
песни	на	0.063830
песни	военных	0.063830
песни	в	0.063830
печени	и	0.500000
писать	в	0.136364
писать	на	0.113636
писать	о	0.068182
писать	код	0.068182
писать	стихи	0.068182
писать	про	0.068182
пишут	что	0.377778
пишут	в	0.088889
пишут	со	0.066667
пишут	сми	0.066667
планирует	в	0.054945
планирует	запустить	0.054945
планирует	увеличить	0.043956
планирует	провести	0.043956
планирует	продолжать	0.032967
планирует	передать	0.032967
планирует	ли	0.032967
планирует	на	0.032967
площади	в	0.120000
площади	около	0.053333
площади	победы	0.053333
площади	тысячи	0.040000
площади	и	0.040000
площади	будет	0.040000
победил	в	0.470588
победу	в	0.266667
победу	над	0.166667
победу	на	0.058333
победу	и	0.050000
победу	со	0.033333
победу	у	0.025000
победу	своей	0.025000
победу	сказал	0.025000
поверхности	воды	0.150000
погибла	женщина	0.250000
погибла	на	0.187500
поговорим	о	0.500000
погода	в	0.132530
погода	будет	0.132530
погода	и	0.108434
погода	с	0.084337
погода	без	0.072289
погода	на	0.048193
погода	не	0.036145
подал	в	0.384615
подальше	от	0.888889
подарил	ей	0.333333
подготовить	и	0.200000
подняться	на	0.375000
подобного	рода	0.166667
подозреваемый	в	0.315789
подойдет	для	0.320000
подойдет	и	0.120000
подойдет	к	0.120000
подойти	к	0.562500
подошел	к	0.500000
подходит	для	0.323529
подходит	к	0.161765
подходит	ли	0.044118
подходит	именно	0.044118
подходят	для	0.363636
подходят	к	0.272727
поезда	и	0.166667
поезда	в	0.166667
пожалуй	самое	0.125000
позаботиться	о	0.750000
позвонил	в	0.375000
поздно	вечером	0.378378
поздравления	с	0.500000
позицию	и	0.153846
позицию	по	0.134615
позицию	в	0.076923
позицию	относительно	0.076923
позицию	президента	0.057692
познакомилась	с	0.666667
познакомилась	в	0.266667
познакомились	с	0.307692
поиграть	в	0.529412
поиграть	можно	0.176471
поиска	работы	0.235294
пойдут	на	0.388889
поймет	что	0.600000
пойму	что	1.000000
пока	не	0.313364
пока	нет	0.049155
пока	неизвестно	0.046083
пока	что	0.041475
пока	они	0.024578
пока	мы	0.023041
пока	в	0.019969
пока	она	0.018433
пока	это	0.015361
пока	он	0.013825
пока	я	0.013825
пока	у	0.013825
пока	еще	0.013825
пока	рано	0.012289
пока	его	0.010753
пока	же	0.010753
пока	ни	0.009217
пока	вы	0.009217
пока	речь	0.007680
пока	известно	0.007680
пока	на	0.006144
пока	непонятно	0.006144
пока	вода	0.006144
пока	никто	0.006144
пока	находится	0.004608
пока	невозможно	0.004608
пока	ты	0.004608
пока	официально	0.004608
пока	есть	0.004608
пока	ничего	0.004608
пока	их	0.004608
пока	все	0.004608
пока	идет	0.004608
показать	что	0.200000
показать	свои	0.042857
показать	на	0.042857
показать	его	0.042857
покинуть	территорию	0.128205
покинуть	страну	0.102564
покинуть	свои	0.076923
покинуть	помещение	0.076923
поле	боя	0.362205
поле	зрения	0.070866
поле	в	0.047244
поле	и	0.047244
поле	для	0.047244
поле	на	0.039370
поле	весь	0.023622
поле	не	0.023622
поле	с	0.023622
полезен	для	0.333333
политика	и	0.111111
политика	в	0.055556
политика	это	0.055556
полиция	начала	0.074074
полиция	в	0.074074
положение	в	0.169811
положение	и	0.113208
положение	дел	0.094340
положение	на	0.094340
положение	об	0.056604
получается	что	0.254237
получается	очень	0.084746
получается	из	0.050847
получится	потому	0.068182
получится	у	0.068182
помогли	восстановить	0.125000
помогут	вам	0.107143
помогут	увеличить	0.053571
помощник	президента	0.750000
помощь	в	0.176991
помощь	и	0.123894
помощь	для	0.044248
помощь	на	0.039823
помощь	от	0.039823
помощь	но	0.030973
помощь	по	0.022124
помощь	людям	0.022124
помощь	сша	0.022124
помощь	из	0.017699
помощь	которая	0.017699
помощь	детям	0.013274
помощь	будет	0.013274
помощь	ей	0.013274
понимаешь	что	0.600000
понимала	что	0.800000
понравилось	что	0.157895
понятия	не	0.400000
понятно	что	0.584416
понятно	почему	0.051948
понять	что	0.380000
понять	как	0.070000
понять	и	0.040000
понять	подходит	0.030000
понять	чего	0.030000
понять	насколько	0.030000
понять	в	0.030000
попадает	в	0.611111
попадает	на	0.166667
попала	в	0.580645
попала	под	0.129032
попала	на	0.080645
попала	и	0.048387
поражение	в	0.173077
поражение	от	0.134615
поражение	и	0.115385
поражение	по	0.076923
поражение	на	0.057692
поражение	россии	0.057692
поражение	живой	0.057692
посетителей	и	0.166667
последней	версии	0.133333
последней	из	0.100000
последней	информации	0.100000
последних	лет	0.232143
последних	месяцев	0.089286
последних	трех	0.071429
последних	дней	0.053571
последняя	в	0.176471
посмотреть	на	0.352941
посмотреть	как	0.088235
посмотреть	в	0.058824
посмотреть	что	0.058824
посмотреть	ниже	0.044118
постепенно	возвращается	0.075000
постепенно	в	0.075000
построили	на	0.210526
построили	новый	0.157895
поступила	в	0.296296
поступила	информация	0.148148
поступила	на	0.148148
поступить	в	0.368421
поступить	на	0.210526
поступить	с	0.157895
потратить	на	0.529412
похожи	на	0.750000
почта	россии	0.444444
почувствовал	себя	0.333333
почувствовать	себя	0.416667
пошел	на	0.309524
пошел	в	0.166667
пошел	по	0.095238
появится	в	0.203125
появится	возможность	0.140625
появится	новый	0.078125
появится	еще	0.046875
права	на	0.381679
права	и	0.122137
права	человека	0.083969
права	управления	0.038168
права	заниматься	0.030534
права	голоса	0.022901
права	не	0.022901
права	в	0.022901
правило	не	0.112676
правило	это	0.042254
правило	в	0.042254
практически	не	0.197452
практически	невозможно	0.063694
практически	все	0.057325
практически	на	0.050955
практически	в	0.044586
практически	всегда	0.038217
практически	во	0.038217
практически	без	0.031847
практически	сразу	0.025478
практически	полностью	0.025478
практически	всех	0.019108
практически	по	0.019108
практически	нет	0.019108
практически	любая	0.019108
предложение	о	0.159420
предложение	по	0.057971
предложение	и	0.043478
предложение	с	0.043478
предложение	об	0.043478
предотвратить	это	0.157895
представитель	компании	0.137255
представитель	правительства	0.137255
представитель	главного	0.117647
представитель	белого	0.117647
представитель	американской	0.058824
представитель	полиции	0.058824
представитель	президента	0.058824
президент	россии	0.305369
президент	сша	0.177852
президент	франции	0.063758
президент	страны	0.043624
президент	также	0.040268
президент	и	0.036913
президент	в	0.026846
президент	назвал	0.013423
президент	подписал	0.013423
президент	заявил	0.013423
президент	джо	0.010067
президент	дональд	0.010067
президент	на	0.010067
президент	не	0.010067
президент	компании	0.010067
президента	россии	0.219512
президента	сша	0.174797
президента	страны	0.048780
президента	и	0.048780
президента	в	0.040650
президента	франции	0.032520
президента	по	0.024390
президента	с	0.020325
президента	от	0.020325
президента	на	0.016260
президента	о	0.016260
президента	джо	0.016260
президента	инспектор	0.012195
президента	не	0.012195
президента	соединенных	0.012195
президентом	россии	0.196429
президентом	сша	0.160714
президентом	и	0.071429
президентом	франции	0.071429
президентом	страны	0.053571
преимущество	в	0.400000
преимущество	на	0.085714
преодолеть	все	0.176471
преступление	произошло	0.304348
приближается	к	0.700000
приведет	к	0.857143
приведет	лишь	0.053571
привело	к	0.830189
привело	бы	0.075472
привести	к	0.756522
привести	в	0.104348
привести	себя	0.026087
приглашение	в	0.333333
приглашение	на	0.125000
придет	в	0.272727
прием	к	0.166667
прием	документов	0.138889
прием	и	0.083333
признаки	того	0.214286
признаков	жизни	0.571429
признаков	того	0.357143
признался	что	0.727273
признался	в	0.136364
пример	того	0.217391
пример	для	0.065217
примерно	в	0.232227
примерно	на	0.180095
примерно	через	0.061611
примерно	тысяч	0.033175
примерно	от	0.023697
примерно	то	0.023697
примерно	так	0.023697
примерно	тысячи	0.018957
примерно	минут	0.018957
примерно	лет	0.014218
примерно	процентов	0.014218
примерно	такой	0.014218
примерно	половина	0.014218
примерно	по	0.014218
примет	участие	0.466667
примет	решение	0.111111
примет	на	0.088889
принимает	участие	0.291667
принимает	решение	0.125000
принимает	меры	0.083333
принимает	детей	0.062500
принимают	участие	0.387097
принимают	решение	0.080645
принимают	в	0.080645
приняла	решение	0.274510
приняла	участие	0.215686
приняла	в	0.117647
приняла	закон	0.098039
приняла	во	0.058824
присоединиться	к	0.900000
причина	в	0.155556
причина	по	0.066667
причина	смерти	0.066667
причине	что	0.136364
причине	не	0.090909
причине	в	0.068182
про	то	0.049645
про	это	0.049645
про	них	0.028369
про	него	0.028369
про	игру	0.021277
про	что	0.021277
про	эту	0.021277
про	свою	0.021277
проблемами	с	0.193548
проблемами	при	0.096774
проблемой	для	0.181818
проблемы	с	0.388000
проблемы	со	0.104000
проблемы	в	0.084000
проблемы	и	0.068000
проблемы	для	0.032000
проблемы	на	0.020000
проблемы	которые	0.016000
проблемы	были	0.012000
проблемы	как	0.012000
проблемы	или	0.012000
проблемы	не	0.012000
проблемы	будут	0.012000
провел	в	0.214876
провел	встречу	0.082645
провел	переговоры	0.066116
провел	на	0.041322
провел	за	0.041322
провел	совещание	0.041322
провел	матч	0.033058
провел	телефонный	0.033058
провел	встречи	0.024793
провели	в	0.107143
провели	встречу	0.071429
провели	операцию	0.059524
провели	на	0.059524
провели	исследование	0.047619
провели	более	0.047619
провели	для	0.035714
проверки	будет	0.104167
проверки	на	0.083333
проверки	документов	0.062500
проверки	были	0.062500
проводит	в	0.095238
проводит	день	0.095238
проводит	проверку	0.095238
проводить	в	0.090909
проводить	время	0.045455
проводить	операции	0.045455
проводить	здесь	0.045455
проводить	больше	0.045455
программу	по	0.139535
программу	на	0.116279
программу	в	0.093023
программу	для	0.069767
программу	и	0.069767
прогресс	и	0.250000
продолжает	работать	0.097561
продолжает	вести	0.073171
продолжает	действовать	0.073171
продолжает	расти	0.060976
продолжает	оставаться	0.048780
продолжать	работать	0.132075
продолжать	поддерживать	0.075472
продолжать	работу	0.075472
продолжать	свою	0.056604
продолжать	войну	0.056604
продукты	и	0.142857
продукты	в	0.100000
продукты	которые	0.071429
продукты	для	0.071429
продукты	на	0.057143
продукты	не	0.042857
произошла	в	0.296703
произошла	на	0.208791
произошла	авария	0.076923
произошла	вечером	0.065934
произошла	около	0.065934
произошла	июня	0.032967
произошла	трагедия	0.032967
произошло	в	0.298343
произошло	на	0.110497
произошло	из	0.071823
произошло	во	0.027624
произошло	это	0.027624
произошло	после	0.022099
произошло	еще	0.022099
произошло	два	0.016575
произошло	уже	0.016575
произошло	несколько	0.016575
произошло	около	0.016575
произошло	более	0.016575
произошло	сегодня	0.016575
произошло	и	0.016575
происходило	в	0.315789
происходило	это	0.157895
пройти	в	0.136986
пройти	через	0.068493
пройти	на	0.054795
пройти	мимо	0.041096
пройти	все	0.041096
пройти	обучение	0.041096
пропал	и	0.333333
пропал	без	0.333333
протяжении	многих	0.131313
протяжении	всего	0.121212
протяжении	всей	0.101010
протяжении	последних	0.080808
протяжении	нескольких	0.070707
протяжении	лет	0.050505
протяжении	трех	0.030303
протяжении	месяца	0.030303
протяжении	двух	0.030303
протяжении	восьми	0.030303
прошла	в	0.357143
прошла	встреча	0.085714
прошла	на	0.071429
прошли	в	0.146667
прошли	обучение	0.106667
прошли	через	0.066667
прошли	по	0.053333
прошли	во	0.040000
прошли	на	0.040000
проявить	себя	0.400000
проявить	свои	0.200000
прям	как	0.173913
прямой	линии	0.281250
прямой	эфир	0.218750
прямой	путь	0.093750
пункт	управления	0.250000
пункт	в	0.083333
пункт	о	0.062500
пункт	и	0.062500
пункт	который	0.062500
пусть	и	0.109756
пусть	в	0.073171
пусть	будет	0.060976
пусть	даже	0.036585
пусть	она	0.036585
пусть	у	0.036585
пусть	ваш	0.036585
пусть	господь	0.036585
путешествие	в	0.384615
путешествие	по	0.153846
путешествовать	по	0.428571
пытается	найти	0.057143
пять	лет	0.313514
пять	человек	0.118919
пять	раз	0.059459
пять	минут	0.059459
пять	дней	0.048649
пять	месяцев	0.037838
пять	часов	0.032432
пять	тысяч	0.027027
пять	недель	0.021622
пять	новых	0.021622
пять	семь	0.016216
пять	миллиардов	0.016216
пять	очков	0.016216
пять	процентов	0.016216
работ	по	0.162393
работ	на	0.153846
работ	в	0.111111
работ	и	0.094017
работ	с	0.025641
работ	которые	0.025641
работе	в	0.147541
работе	с	0.147541
работе	на	0.065574
работе	не	0.054645
работе	по	0.054645
работе	и	0.049180
работе	над	0.016393
работе	у	0.016393
работе	или	0.016393
работе	но	0.016393
работу	в	0.163009
работу	по	0.112853
работу	и	0.084639
работу	с	0.062696
работу	на	0.043887
работу	над	0.031348
работу	а	0.018809
работу	не	0.015674
работу	после	0.015674
работу	до	0.012539
работу	или	0.012539
работу	во	0.012539
работу	со	0.009404
работу	без	0.009404
работу	от	0.009404
работу	мы	0.009404
раз	в	0.213645
раз	за	0.035907
раз	и	0.030521
раз	на	0.025135
раз	больше	0.021544
раз	когда	0.021544
раз	по	0.014363
раз	с	0.012567
раз	подряд	0.012567
раз	я	0.010772
раз	не	0.010772
раз	таки	0.008977
раз	мы	0.008977
раз	после	0.008977
раз	меньше	0.008977
раз	а	0.008977
раз	до	0.007181
раз	из	0.007181
раз	они	0.007181
раз	ударил	0.007181
раз	все	0.007181
раз	он	0.007181
раз	то	0.005386
раз	так	0.005386
раз	к	0.005386
раз	выстрелил	0.005386
раз	такое	0.005386
раз	было	0.005386
раз	об	0.005386
раз	перед	0.005386
раз	ударили	0.005386
раз	это	0.005386
раз	был	0.005386
раз	тот	0.005386
раза	в	0.204225
раза	больше	0.183099
раза	до	0.070423
раза	по	0.056338
раза	меньше	0.042254
раза	за	0.042254
раза	выше	0.035211
раза	с	0.035211
раза	и	0.021127
раза	чаще	0.021127
раза	дороже	0.021127
развода	с	0.428571
разницы	в	0.272727
разницы	между	0.272727
разрешение	на	0.704545
разрешение	и	0.068182
разрешение	от	0.068182
рассказал	что	0.314779
рассказал	о	0.166987
рассказал	в	0.053743
рассказал	он	0.051823
рассказал	как	0.049904
рассказал	глава	0.024952
рассказал	об	0.024952
рассказал	министр	0.021113
рассказал	заместитель	0.017274
рассказал	начальник	0.013436
рассказал	источник	0.013436
рассказал	военный	0.013436
рассказал	александр	0.011516
рассказал	представитель	0.011516
рассказал	мэр	0.009597
рассказал	председатель	0.009597
рассказал	эксперт	0.007678
рассказал	директор	0.007678
рассказал	командир	0.007678
рассказал	врач	0.007678
рассказал	владелец	0.005758
рассказал	полковник	0.005758
рассказал	какой	0.005758
рассказал	один	0.005758
рассказал	специалист	0.005758
рассказал	почему	0.005758
рассказал	губернатор	0.005758
рассказал	иван	0.005758
рассказали	в	0.440613
рассказали	что	0.222222
рассказали	о	0.153257
рассказали	как	0.030651
рассказали	об	0.026820
рассказали	на	0.011494
рассказали	где	0.011494
рассказали	про	0.011494
рассказывает	о	0.265823
рассказывает	что	0.164557
рассказывает	она	0.126582
рассказывает	как	0.075949
рассказывает	женщина	0.050633
рассказывает	об	0.037975
расстоянии	до	0.181818
расстоянии	километров	0.136364
растет	число	0.125000
растет	и	0.100000
растет	количество	0.075000
растет	на	0.075000
растут	и	0.266667
ребенка	в	0.192308
ребенка	и	0.096154
ребенка	на	0.051282
ребенка	с	0.044872
ребенка	а	0.032051
ребенка	не	0.032051
ребенка	от	0.025641
ребенка	из	0.025641
ребенка	до	0.019231
ребенка	который	0.019231
ребенка	заметили	0.019231
ребята	из	0.116505
ребята	которые	0.067961
ребята	в	0.038835
ребята	с	0.038835
ребята	не	0.029126
ребятами	из	0.454545
резко	выросли	0.093750
реки	и	0.222222
рекламу	с	0.266667
рекламы	в	0.214286
рекламы	на	0.107143
репутацию	и	0.500000
речи	не	0.142857
речи	о	0.114286
речи	и	0.085714
речи	в	0.085714
речи	об	0.085714
решает	судьбу	0.230769
решение	о	0.227818
решение	было	0.052758
решение	в	0.038369
решение	по	0.038369
решение	об	0.033573
решение	не	0.031175
решение	суда	0.026379
решение	проблемы	0.026379
решение	будет	0.023981
решение	что	0.019185
решение	принято	0.016787
решение	для	0.016787
решение	относительно	0.014388
решение	которое	0.014388
решение	приняли	0.011990
решение	вернуться	0.011990
решение	комиссии	0.009592
решение	и	0.009592
решение	еще	0.009592
решение	на	0.007194
решение	позволит	0.007194
решение	закрыть	0.007194
решение	прекратить	0.007194
решение	принял	0.007194
решение	вопросов	0.007194
решение	является	0.007194
решение	временно	0.007194
риск	для	0.128205
риск	того	0.128205
риск	что	0.128205
риск	и	0.076923
риск	в	0.076923
ровно	на	0.120000
родилась	в	0.592593
родилась	дочь	0.111111
родителей	и	0.155172
родителей	которые	0.086207
родителей	для	0.051724
родителей	на	0.051724
родители	и	0.080000
родители	не	0.066667
родители	которые	0.053333
родители	смогут	0.040000
родители	решили	0.040000
родители	детей	0.040000
родители	с	0.040000
родители	могут	0.040000
родителями	в	0.130435
родственники	и	0.176471
родственников	и	0.166667
рождения	и	0.102564
рождения	в	0.102564
рождения	а	0.051282
рождения	на	0.038462
рождения	за	0.038462
рождения	ребенка	0.038462
рук	в	0.136364
рядом	с	0.716667
рядом	со	0.055556
с	помощью	0.046698
с	года	0.040948
с	начала	0.039031
с	по	0.036940
с	этим	0.033804
с	тем	0.031364
с	до	0.026834
с	ним	0.022826
с	ними	0.021432
с	целью	0.016031
с	другими	0.015682
с	детьми	0.013068
с	ней	0.012546
с	другой	0.011326
с	сентября	0.010803
с	точки	0.010803
с	момента	0.010629
с	президентом	0.009932
с	которыми	0.009932
с	этой	0.009932
с	чем	0.009584
с	собой	0.009584
с	его	0.009235
с	одной	0.008887
с	марта	0.008190
с	вами	0.008015
с	места	0.008015
с	тех	0.007667
с	каждым	0.007667
с	июля	0.007318
с	таким	0.006970
с	днем	0.006796
с	которым	0.006621
с	нами	0.006447
с	большим	0.006099
с	самого	0.006099
с	теми	0.005924
с	ее	0.005924
с	мая	0.005924
с	годом	0.005750
сад	памяти	0.166667
сад	на	0.125000
салат	из	0.250000
салат	получается	0.125000
само	по	0.312500
самом	деле	0.821990
самом	начале	0.047120
самом	центре	0.041885
самом	конце	0.015707
самом	же	0.015707
самостоятельно	в	0.080460
самостоятельно	и	0.057471
самостоятельно	а	0.045977
самостоятельно	не	0.034483
самостоятельно	или	0.034483
самую	большую	0.666667
самые	большие	0.169811
самые	лучшие	0.113208
самые	разные	0.094340
самые	важные	0.094340
самые	высокие	0.075472
самые	сильные	0.075472
самые	красивые	0.056604
свидетельство	о	0.625000
своё	дело	0.272727
своё	время	0.136364
связан	с	0.750000
связана	с	0.870968
сдать	в	0.227273
сделаем	все	0.500000
сделает	все	0.117647
сделает	это	0.088235
сделал	в	0.058252
сделал	заявление	0.048544
сделал	глава	0.048544
сделал	для	0.038835
сделал	это	0.038835
сделал	все	0.038835
сделал	на	0.029126
сделал	во	0.029126
сделать	это	0.104430
сделать	все	0.047468
сделать	так	0.041139
сделать	то	0.034810
сделать	в	0.031646
сделать	чтобы	0.028481
сделать	для	0.028481
сделать	из	0.022152
сделать	его	0.022152
сделать	выбор	0.018987
сделать	их	0.015823
сделать	по	0.015823
сделать	ее	0.015823
сделать	и	0.012658
сделать	еще	0.012658
сделать	с	0.012658
сделать	что	0.012658
сделать	не	0.009494
сделать	как	0.009494
сделать	более	0.009494
сделать	свои	0.009494
сделать	сказал	0.009494
сделать	фотографии	0.009494
сделать	на	0.009494
сделка	по	0.240000
сделка	была	0.200000
сделки	и	0.190476
сделки	с	0.166667
сделки	а	0.071429
сделку	по	0.208333
сделку	с	0.166667
север	юг	0.384615
север	и	0.230769
секса	в	0.200000
секунды	и	0.300000
семей	с	0.210526
семей	и	0.078947
семей	в	0.065789
семей	которые	0.039474
семей	при	0.039474
семье	и	0.195652
семье	в	0.065217
семье	не	0.065217
середине	июля	0.145455
середине	мая	0.127273
середине	марта	0.090909
середине	недели	0.072727
середине	х	0.072727
середине	июня	0.072727
середине	года	0.054545
середине	второго	0.054545
середине	дня	0.054545
серьезное	внимание	0.300000
серьезные	проблемы	0.145833
серьезные	повреждения	0.125000
серьезные	травмы	0.104167
серьезные	последствия	0.083333
серьезные	вопросы	0.062500
серьезные	потери	0.062500
сети	и	0.064748
сети	появилось	0.057554
сети	интернет	0.050360
сети	в	0.043165
сети	появились	0.043165
сети	а	0.028777
сети	на	0.028777
сети	с	0.028777
сети	сообщили	0.021583
сети	не	0.021583
сети	появилась	0.021583
сети	до	0.021583
сети	х	0.021583
сеть	в	0.138889
си	и	0.166667
сидит	на	0.428571
сил	обороны	0.344000
сил	и	0.148000
сил	в	0.052000
сил	россии	0.052000
сил	на	0.036000
сил	безопасности	0.032000
сил	страны	0.016000
сил	по	0.016000
сил	чтобы	0.016000
сил	не	0.012000
сил	для	0.012000
сил	что	0.012000
сильная	и	0.400000
сильное	давление	0.400000
сильной	и	0.250000
симптомы	могут	0.176471
симптомы	и	0.176471
система	в	0.065789
система	с	0.052632
система	и	0.039474
система	управления	0.039474
система	поддержки	0.039474
система	должна	0.039474
система	безопасности	0.039474
система	будет	0.039474
сих	пор	0.987805
скажем	так	0.451613
скажем	в	0.129032
скажут	что	0.375000
сказано	в	0.684932
сказано	что	0.246575
склад	с	0.357143
скорость	движения	0.200000
скорость	ветра	0.180000
скорость	и	0.080000
скоростью	м	0.222222
скоростью	метров	0.148148
скоростью	и	0.111111
скоростью	не	0.111111
скрывает	что	0.357143
слабость	и	0.375000
следили	за	0.666667
следите	за	0.800000
следующую	пятницу	0.272727
слишком	много	0.240964
слишком	мало	0.048193
слишком	близко	0.048193
слишком	сильно	0.036145
слишком	легко	0.036145
слишком	быстро	0.036145
слишком	разные	0.036145
слишком	большой	0.036145
сложно	и	0.058140
сложно	представить	0.046512
сложно	будет	0.034884
сложно	а	0.034884
сложно	сказал	0.034884
сложно	жить	0.034884
сложно	получить	0.034884
сложно	найти	0.034884
сложно	было	0.034884
службе	организации	0.080460
службе	комитета	0.068966
службе	компании	0.068966
службе	департамента	0.068966
службе	городской	0.057471
службе	правительства	0.057471
службе	управления	0.057471
службе	по	0.045977
службе	информации	0.045977
службе	суда	0.045977
службе	аэропорта	0.034483
службу	в	0.358696
службу	по	0.130435
службу	и	0.054348
службу	во	0.043478
службу	спасения	0.043478
службу	информации	0.032609
службы	безопасности	0.135135
службы	в	0.102703
службы	по	0.075676
службы	и	0.059459
службы	работают	0.048649
службы	на	0.027027
службы	скорой	0.021622
службы	спасения	0.016216
службы	но	0.016216
службы	связи	0.016216
служил	в	0.533333
случайно	или	0.096774
смены	пола	0.142857
сможет	ли	0.066667
сможет	в	0.047619
сможет	победить	0.038095
сможет	принять	0.038095
сможет	получить	0.028571
сможет	стать	0.028571
сможет	не	0.028571
смотрят	на	0.461538
смс	сообщения	0.375000
смысла	в	0.150000
сна	и	0.250000
сна	в	0.093750
снимки	и	0.375000
собак	и	0.142857
собой	и	0.066667
собой	право	0.058333
собой	в	0.033333
собой	не	0.033333
собой	на	0.025000
событий	в	0.223881
событий	на	0.134328
событий	и	0.059701
совет	по	0.181818
совет	при	0.113636
совет	и	0.068182
совета	безопасности	0.284672
совета	по	0.197080
совета	национальной	0.124088
совета	при	0.080292
совета	и	0.036496
совета	в	0.021898
советник	президента	0.290323
советник	мэра	0.129032
советник	по	0.096774
согласие	на	0.250000
согласится	на	0.500000
согласны	с	0.625000
солдат	в	0.232558
солдат	и	0.162791
солдат	из	0.093023
солдат	на	0.069767
солнца	в	0.222222
солнца	и	0.166667
соль	и	0.280000
соль	сахар	0.120000
сомневаться	в	0.600000
сомневаюсь	что	1.000000
сообщений	о	0.250000
сообщений	в	0.107143
сообщений	и	0.107143
сообщений	об	0.107143
сообщений	на	0.107143
сообщения	о	0.367816
сообщения	об	0.114943
сообщения	с	0.080460
сообщения	от	0.068966
сообщения	на	0.034483
сообщения	из	0.034483
соответствует	действительности	0.320000
соответствует	их	0.120000
соседей	и	0.250000
состоит	из	0.573770
состоит	в	0.360656
состоит	на	0.049180
состояние	здоровья	0.126437
состояние	и	0.057471
состояние	кожи	0.045977
состояние	у	0.034483
сошел	с	0.714286
союз	в	0.097561
союз	женщин	0.073171
союз	а	0.073171
спасти	от	0.108696
спасти	не	0.065217
спасти	ее	0.065217
спасти	их	0.065217
спасти	и	0.065217
спокойствие	и	0.300000
способ	для	0.062500
способ	спасти	0.046875
способ	избежать	0.046875
способ	решить	0.046875
способ	избавиться	0.046875
способности	и	0.136364
среду	в	0.106383
среду	мая	0.085106
среду	и	0.085106
среду	июня	0.063830
среду	сентября	0.063830
среду	июля	0.063830
среду	марта	0.042553
среду	на	0.031915
среду	что	0.031915
среду	вечером	0.031915
срок	до	0.201550
срок	действия	0.093023
срок	от	0.046512
срок	в	0.046512
срок	для	0.038760
срок	лет	0.038760
срок	его	0.031008
срок	службы	0.031008
срок	года	0.023256
срок	с	0.023256
ставит	перед	0.440000
ставит	под	0.240000
ставить	на	0.230769
ставку	на	0.459459
ставку	по	0.081081
ставку	в	0.081081
стакан	воды	0.500000
станет	еще	0.051282
станет	для	0.044872
станет	известно	0.032051
станет	больше	0.032051
станет	первым	0.025641
станет	ли	0.025641
станет	более	0.025641
станет	одним	0.025641
станет	проще	0.025641
станет	и	0.019231
станет	м	0.019231
станет	немного	0.019231
станет	ясно	0.019231
станет	первой	0.019231
станет	уже	0.019231
станет	в	0.019231
станет	намного	0.019231
станет	сложнее	0.019231
становятся	все	0.312500
становятся	более	0.125000
станут	более	0.061224
станции	метро	0.253521
станции	в	0.098592
станции	скорой	0.070423
станции	с	0.042254
станции	и	0.042254
станция	метро	0.150000
старых	домов	0.333333
старых	игр	0.250000
стать	причиной	0.100840
стать	членом	0.058824
стать	более	0.050420
стать	и	0.033613
стать	хорошей	0.025210
стать	в	0.025210
стать	на	0.025210
стать	самым	0.025210
стать	частью	0.025210
стать	жертвой	0.025210
сторон	в	0.133333
сторон	до	0.066667
сторон	о	0.050000
сторон	и	0.050000
сторон	по	0.050000
сторона	не	0.070175
сторона	обвинения	0.052632
сторона	была	0.052632
сторона	с	0.052632
стояли	у	0.437500
странно	что	0.333333
странно	если	0.166667
стреляли	по	0.428571
стресс	и	0.214286
студии	и	0.200000
стыдно	что	0.272727
стыдно	за	0.272727
су	и	0.240000
судебный	процесс	0.428571
судя	по	0.984127
сумма	сделки	0.085714
сути	это	0.153846
сути	и	0.057692
сути	мы	0.057692
сходить	в	0.538462
сходить	на	0.230769
сцене	в	0.185185
счастью	в	0.125000
счастью	не	0.093750
считаете	что	0.375000
считают	что	0.710145
считают	в	0.043478
считают	эту	0.021739
считают	себя	0.021739
сына	и	0.142857
сына	с	0.107143
сына	в	0.107143
та	же	0.296296
та	или	0.055556
такая	же	0.142857
такая	ситуация	0.095238
такая	возможность	0.047619
такая	большая	0.039683
такая	форма	0.039683
такая	что	0.031746
такая	вот	0.031746
такая	огромная	0.023810
такая	система	0.023810
такая	как	0.023810
такая	информация	0.023810
такая	маленькая	0.023810
такие	как	0.171617
такие	же	0.085809
такие	данные	0.042904
такие	действия	0.036304
такие	меры	0.033003
такие	случаи	0.026403
такие	моменты	0.026403
такие	вещи	0.023102
такие	заявления	0.019802
такие	люди	0.016502
такие	цифры	0.013201
такие	игры	0.013201
такие	работы	0.013201
такие	большие	0.009901
такие	документы	0.009901
такие	вопросы	0.009901
такие	разговоры	0.009901
такие	продукты	0.009901
такие	требования	0.009901
такие	дни	0.009901
такие	расходы	0.009901
таком	случае	0.546875
таком	виде	0.093750
таком	же	0.093750
таком	положении	0.046875
те	кто	0.292135
те	же	0.172285
те	что	0.037453
те	которые	0.037453
те	или	0.033708
те	люди	0.029963
те	кому	0.018727
те	самые	0.014981
те	времена	0.014981
те	страны	0.014981
те	события	0.014981
те	не	0.014981
те	годы	0.011236
те	вещи	0.011236
тела	и	0.127273
тела	в	0.072727
теле	и	0.444444
телефон	и	0.173077
телефон	в	0.076923
телефона	и	0.391304
тема	для	0.151515
территории	россии	0.116541
территории	страны	0.075188
территории	и	0.052632
территории	области	0.048872
территории	нашей	0.037594
территории	города	0.026316
территории	парка	0.022556
территории	в	0.022556
территории	с	0.022556
территории	всей	0.018797
территории	бывшего	0.018797
территории	которые	0.018797
территории	нашего	0.015038
территории	на	0.015038
территории	будет	0.015038
территории	или	0.011278
территории	возле	0.011278
территории	где	0.011278
территории	от	0.011278
территории	мы	0.011278
территории	аэропорта	0.011278
территории	бывшей	0.011278
то	что	0.170142
то	же	0.102750
то	есть	0.100635
то	время	0.042309
то	в	0.028407
то	не	0.019341
то	чтобы	0.018435
то	как	0.016319
то	и	0.015715
то	это	0.013901
то	из	0.009671
то	на	0.008462
то	он	0.007253
то	они	0.006951
то	момент	0.006346
то	у	0.005742
то	с	0.005742
то	мы	0.005742
то	можно	0.005440
то	по	0.005440
то	я	0.005440
то	там	0.004835
то	новое	0.004533
то	она	0.004533
то	еще	0.004533
то	все	0.004231
то	их	0.004231
то	ли	0.004231
то	будет	0.004231
то	вы	0.003929
то	здесь	0.003324
то	нужно	0.003324
то	сейчас	0.003324
то	образом	0.003324
то	за	0.003022
то	его	0.003022
то	ни	0.003022
то	к	0.003022
то	для	0.003022
то	другое	0.002418
тоже	не	0.149254
тоже	есть	0.038806
тоже	в	0.035821
тоже	очень	0.023881
тоже	будет	0.020896
тоже	на	0.017910
тоже	было	0.017910
тоже	можно	0.014925
тоже	самое	0.014925
тоже	был	0.011940
тоже	уже	0.011940
тоже	нельзя	0.008955
тоже	нет	0.008955
тоже	хорошо	0.008955
тоже	были	0.008955
тоже	была	0.008955
тоже	могут	0.008955
тоже	нужно	0.008955
тоже	хочу	0.008955
торопиться	с	0.500000
точка	зрения	0.250000
точку	зрения	0.550000
точку	в	0.150000
трех	лет	0.216000
трех	месяцев	0.120000
трех	часов	0.064000
трех	тысяч	0.056000
трех	недель	0.040000
трех	дней	0.040000
трех	до	0.040000
трех	с	0.032000
трех	человек	0.032000
трех	четырех	0.024000
трех	из	0.024000
трех	рабочих	0.024000
три	года	0.200000
три	месяца	0.101266
три	раза	0.086076
три	дня	0.081013
три	человека	0.068354
три	недели	0.035443
три	часа	0.027848
три	из	0.025316
три	тысячи	0.022785
три	или	0.015190
три	миллиона	0.012658
три	четыре	0.012658
три	с	0.012658
три	команды	0.010127
три	автомобиля	0.010127
три	группы	0.007595
три	и	0.007595
три	женщины	0.007595
три	ракеты	0.007595
три	в	0.007595
три	атаки	0.007595
трое	детей	0.186047
трое	мужчин	0.139535
трое	человек	0.069767
трое	из	0.069767
трудом	и	0.400000
труп	женщины	0.375000
ту	же	0.291667
ту	м	0.083333
ту	сторону	0.062500
ту	ночь	0.062500
ту	или	0.062500
тур	в	0.266667
ты	не	0.092251
ты	в	0.025830
ты	можешь	0.025830
ты	меня	0.022140
ты	знаешь	0.022140
ты	был	0.022140
ты	так	0.018450
ты	хочешь	0.018450
ты	просто	0.018450
ты	один	0.018450
ты	на	0.018450
ты	хотел	0.014760
ты	все	0.014760
ты	сам	0.014760
ты	же	0.014760
ты	получаешь	0.011070
ты	и	0.011070
ты	что	0.011070
ты	всегда	0.011070
ты	как	0.011070
тюрьмы	с	0.263158
убил	своего	0.157895
убили	двух	0.176471
уверены	что	0.660377
уверены	в	0.226415
увидели	что	0.147059
увидели	и	0.088235
увидеть	в	0.147368
увидеть	как	0.105263
увидеть	на	0.073684
уволили	из	0.444444
удара	по	0.434211
удара	в	0.105263
удара	погибли	0.039474
ударить	по	0.800000
удастся	ли	0.088889
удивительно	что	0.375000
уезжает	из	0.600000
уехал	в	0.450000
уехал	из	0.200000
уехал	за	0.150000
узнать	о	0.189474
узнать	что	0.084211
узнать	как	0.084211
узнать	больше	0.084211
узнать	об	0.052632
узнать	подробности	0.031579
улицы	и	0.105263
улицы	города	0.078947
улицы	на	0.078947
университет	по	0.150000
университет	имени	0.150000
упал	на	0.276923
упал	в	0.230769
упал	и	0.092308
упал	до	0.061538
упал	с	0.046154
упала	на	0.382353
упала	до	0.176471
упала	в	0.147059
упала	с	0.117647
упомянул	о	0.454545
упомянул	что	0.272727
управления	по	0.171429
управления	и	0.171429
управления	полиции	0.085714
управления	в	0.047619
управления	на	0.038095
управления	при	0.028571
управления	врага	0.028571
условиях	для	0.059406
условиях	и	0.049505
условиях	это	0.029703
условиях	можно	0.029703
условиях	их	0.029703
устройство	на	0.093750
устройство	в	0.093750
утро	июня	0.150000
утро	и	0.125000
утро	в	0.075000
уходят	в	0.357143
участвовать	в	0.826667
участка	и	0.133333
участка	в	0.100000
участок	дороги	0.166667
учился	в	0.750000
учителя	и	0.170732
учителя	в	0.170732
учителя	не	0.073171
фонд	будет	0.095238
фонд	и	0.095238
фотографии	и	0.135135
фотографии	или	0.081081
франции	в	0.200000
франции	и	0.088889
франции	с	0.033333
франции	на	0.033333
французский	лидер	0.333333
хватит	на	0.363636
хорош	для	0.250000
хорошая	возможность	0.200000
хорошая	игра	0.088889
хорошая	новость	0.088889
хорошая	и	0.066667
хорошая	традиция	0.066667
хорошей	форме	0.142857
хороший	результат	0.130435
хороший	опыт	0.086957
хороший	способ	0.065217
хорошо	что	0.082051
хорошо	и	0.051282
хорошо	а	0.051282
хорошо	знает	0.030769
хорошо	себя	0.030769
хорошо	но	0.025641
хорошо	бы	0.025641
хорошо	знают	0.020513
хорошо	если	0.015385
хорошо	на	0.015385
хорошо	для	0.015385
хорошо	как	0.015385
хорошо	хорошо	0.015385
хорошо	видно	0.015385
хорошо	знаю	0.015385
хорошо	это	0.015385
хотела	бы	0.148936
хотела	чтобы	0.106383
хотела	попасть	0.063830
хотим	чтобы	0.261538
хотим	видеть	0.061538
хотим	мира	0.046154
хотим	быть	0.046154
хотите	иметь	0.058824
хотите	чтобы	0.058824
хоть	и	0.190476
хоть	как	0.104762
хоть	какие	0.047619
хоть	что	0.047619
хоть	на	0.038095
хоть	кто	0.028571
хоть	один	0.028571
хоть	немного	0.028571
хоть	до	0.028571
хоть	какую	0.028571
хочется	чтобы	0.088235
хочется	верить	0.058824
хочется	видеть	0.044118
хочется	сказать	0.044118
хуже	чем	0.225806
цели	и	0.144144
цели	в	0.090090
цели	на	0.081081
цели	врага	0.045045
цели	по	0.045045
цели	из	0.045045
цели	были	0.045045
цели	как	0.027027
цели	будут	0.027027
цели	было	0.027027
цели	удалось	0.027027
целый	ряд	0.400000
целый	год	0.300000
целый	месяц	0.100000
целый	день	0.100000
целью	является	0.072464
целью	было	0.043478
целью	для	0.043478
целью	которых	0.043478
центра	в	0.122302
центра	сил	0.107914
центра	по	0.071942
центра	мой	0.050360
центра	и	0.043165
центра	города	0.035971
центра	управления	0.021583
центра	для	0.021583
центра	имени	0.021583
центре	города	0.157480
центре	по	0.118110
центре	внимания	0.094488
центре	в	0.039370
центре	контроля	0.039370
центре	на	0.031496
центре	им	0.023622
центре	будут	0.023622
центре	и	0.023622
цену	на	0.257143
цену	за	0.171429
церкви	в	0.148148
цру	уильям	0.300000
часть	из	0.063492
часть	статьи	0.035714
часть	денег	0.031746
часть	была	0.023810
часть	нашей	0.019841
часть	средств	0.019841
часть	которых	0.019841
часть	на	0.019841
часть	в	0.019841
часть	своих	0.015873
часть	своей	0.015873
часть	этого	0.015873
часть	полиции	0.011905
часть	этих	0.011905
часть	этой	0.011905
часть	времени	0.011905
часть	года	0.011905
часть	где	0.011905
часть	улицы	0.011905
часть	россии	0.011905
часть	дня	0.011905
часть	членов	0.011905
часть	по	0.011905
часть	людей	0.011905
часть	города	0.011905
часть	будет	0.011905
человек	в	0.100147
человек	и	0.069219
человек	из	0.051546
человек	не	0.038292
человек	который	0.033873
человек	с	0.033873
человек	погиб	0.027982
человек	может	0.026510
человек	погибли	0.020619
человек	а	0.020619
человек	на	0.019146
человек	получили	0.019146
человек	среди	0.014728
человек	личного	0.014728
человек	это	0.013255
человек	еще	0.013255
человек	которые	0.011782
человек	были	0.010309
человек	уже	0.008837
человек	за	0.008837
человек	или	0.008837
человек	был	0.007364
человек	более	0.007364
человек	со	0.007364
человек	получил	0.007364
человек	должен	0.007364
человек	он	0.005891
человек	говорится	0.005891
человек	включая	0.005891
человек	начинает	0.005891
человек	хочет	0.004418
человек	сможет	0.004418
человек	будет	0.004418
человек	что	0.004418
человек	к	0.004418
человек	почти	0.004418
человек	ни	0.004418
человек	по	0.004418
человек	то	0.004418
человек	без	0.004418
человека	в	0.103571
человека	и	0.085714
человека	который	0.082143
человека	получили	0.042857
человека	погибли	0.039286
человека	с	0.032143
человека	на	0.032143
человека	из	0.032143
человека	еще	0.025000
человека	были	0.021429
человека	нет	0.017857
человека	от	0.014286
человека	но	0.014286
человека	среди	0.010714
человека	чтобы	0.010714
человека	не	0.010714
человека	которому	0.010714
человека	может	0.010714
человека	или	0.010714
человека	это	0.010714
человека	труда	0.010714
человека	при	0.010714
человеком	который	0.181818
человеком	с	0.090909
человеком	и	0.090909
черного	моря	0.586957
черного	цвета	0.282609
честь	дня	0.212766
честь	и	0.106383
четыре	года	0.186047
четыре	человека	0.098837
четыре	раза	0.075581
четыре	месяца	0.063953
четыре	дня	0.040698
четыре	тысячи	0.034884
четыре	недели	0.029070
четыре	минуты	0.023256
четыре	из	0.023256
четыре	с	0.017442
четыре	часа	0.017442
четыре	в	0.017442
четыре	победы	0.017442
четыре	команды	0.017442
четырех	лет	0.220588
четырех	человек	0.132353
четырех	месяцев	0.102941
четырех	часов	0.088235
четырех	тысяч	0.058824
четырех	миллионов	0.044118
числа	месяца	0.178571
числа	рабочих	0.142857
число	жертв	0.180556
число	самых	0.055556
число	таких	0.041667
число	наиболее	0.041667
число	может	0.041667
чистая	прибыль	0.777778
чистый	воздух	0.230769
чистый	город	0.230769
член	совета	0.285714
член	комитета	0.214286
член	семьи	0.107143
член	комиссии	0.107143
член	главного	0.107143
члены	семьи	0.156863
члены	совета	0.098039
члены	жюри	0.078431
члены	семей	0.078431
члены	комиссии	0.078431
чтобы	не	0.061594
чтобы	они	0.035197
чтобы	избежать	0.023292
чтобы	в	0.022257
чтобы	помочь	0.019669
чтобы	мы	0.018634
чтобы	он	0.016563
чтобы	сделать	0.015010
чтобы	она	0.014493
чтобы	получить	0.014493
чтобы	все	0.011905
чтобы	обеспечить	0.011387
чтобы	их	0.010870
чтобы	на	0.009834
чтобы	его	0.008799
чтобы	у	0.008282
чтобы	предотвратить	0.007246
чтобы	стать	0.007246
чтобы	сохранить	0.007246
чтобы	обсудить	0.007246
чтобы	достичь	0.007246
чтобы	как	0.007246
чтобы	люди	0.007246
чтобы	показать	0.006729
чтобы	дать	0.006729
чтобы	создать	0.006729
чтобы	остановить	0.006729
чтобы	это	0.006211
чтобы	вы	0.006211
чтобы	поддержать	0.006211
чтобы	наши	0.006211
чтобы	иметь	0.006211
чтобы	понять	0.005694
чтобы	быть	0.005694
чтобы	было	0.005694
чтобы	найти	0.005694
чтобы	каждый	0.005176
чтобы	защитить	0.005176
чтобы	выяснить	0.005176
чтобы	можно	0.005176
чувства	и	0.230769
чувствовал	себя	0.545455
чувствует	себя	0.666667
чьи	дети	0.166667
шесть	лет	0.180851
шесть	месяцев	0.170213
шесть	человек	0.127660
шесть	процентов	0.053191
шесть	недель	0.042553
шесть	часов	0.042553
шесть	дней	0.031915
шесть	очков	0.031915
шесть	раз	0.031915
шкаф	на	0.500000
штатов	америки	0.282051
штатов	в	0.128205
штатов	и	0.102564
штук	в	0.454545
экзамен	по	0.210526
экран	и	0.333333
эксперимент	по	0.466667
эксперт	по	0.158537
эксперт	полковник	0.073171
эксперт	назвал	0.060976
эксперт	также	0.060976
эксперт	заявил	0.036585
эксперт	александр	0.036585
эксперт	в	0.036585
эксперт	рассказал	0.036585
эти	деньги	0.059471
эти	дни	0.048458
эти	цели	0.037445
эти	средства	0.033040
эти	люди	0.030837
эти	вопросы	0.028634
эти	годы	0.028634
эти	данные	0.022026
эти	документы	0.019824
эти	игры	0.019824
эти	слова	0.017621
эти	ракеты	0.015419
эти	и	0.015419
эти	выходные	0.013216
эти	отношения	0.013216
эти	вещи	0.013216
эти	страны	0.013216
эти	места	0.011013
эти	решения	0.011013
эти	системы	0.011013
эти	меры	0.011013
эти	требования	0.008811
эти	правила	0.008811
эти	месяцы	0.008811
эти	два	0.008811
эти	сутки	0.008811
эти	сообщения	0.008811
эти	две	0.008811
эти	сведения	0.006608
эти	планы	0.006608
эти	работы	0.006608
эти	переговоры	0.006608
эти	связи	0.006608
эти	условия	0.006608
эти	самые	0.006608
эти	же	0.006608
эти	проблемы	0.006608
эти	заявления	0.006608
эти	продукты	0.006608
эти	действия	0.006608
этой	неделе	0.127083
этой	связи	0.045833
этой	причине	0.045833
этой	ситуации	0.035417
этой	же	0.031250
этой	войне	0.031250
этой	области	0.027083
этой	страны	0.027083
этой	истории	0.027083
этой	ночью	0.025000
этой	проблемы	0.022917
этой	войны	0.020833
этой	цели	0.020833
этой	встрече	0.018750
этой	информации	0.016667
этой	стране	0.016667
этой	работе	0.014583
этой	территории	0.014583
этой	работы	0.012500
этой	должности	0.012500
этой	серии	0.012500
этой	системы	0.012500
этой	игре	0.010417
этой	части	0.010417
этой	игры	0.010417
этой	недели	0.010417
этой	жизни	0.010417
этой	темы	0.008333
этой	идеи	0.008333
этой	меры	0.008333
этой	акции	0.008333
этой	целью	0.008333
этой	стадии	0.006250
этой	школы	0.006250
этой	линии	0.006250
этой	информацией	0.006250
этой	группы	0.006250
этой	системе	0.006250
этой	дороги	0.006250
этой	проблемой	0.006250
этот	день	0.152902
этот	вопрос	0.098214
этот	раз	0.093750
этот	период	0.050223
этот	же	0.035714
этот	момент	0.034598
этот	процесс	0.031250
этот	шаг	0.025670
этот	год	0.023438
этот	праздник	0.020089
этот	счет	0.018973
этот	проект	0.014509
этот	вид	0.013393
этот	бой	0.011161
этот	факт	0.011161
этот	человек	0.010045
этот	опыт	0.008929
этот	месяц	0.007812
этот	пост	0.007812
этот	документ	0.007812
этот	город	0.006696
этот	способ	0.006696
этот	результат	0.005580
этот	закон	0.005580
этот	вариант	0.005580
этот	знак	0.005580
этот	сезон	0.005580
этот	случай	0.005580
этот	сценарий	0.004464
этот	список	0.004464
этот	материал	0.004464
этот	тип	0.004464
этот	вечер	0.004464
этот	дом	0.004464
этот	срок	0.004464
этот	инструмент	0.004464
этот	мир	0.004464
этот	рецепт	0.004464
этот	пункт	0.004464
этот	фильм	0.004464
эфире	радио	0.250000
эфире	программы	0.175000
эфире	в	0.125000
эфире	передачи	0.075000
юг	и	0.200000
южной	части	0.411765
являются	частью	0.093750
являются	одним	0.046875
являются	его	0.046875
ясно	что	0.310345
ясно	и	0.189655
ясно	как	0.103448
