a	які	0.157895
абсолютно	не	0.247059
абсолютно	новий	0.058824
абсолютно	впевнений	0.047059
абсолютно	нормально	0.047059
абсолютно	всі	0.047059
абсолютно	все	0.035294
абсолютно	точно	0.035294
автомобіль	і	0.127660
автомобіль	з	0.127660
автомобіль	який	0.085106
автомобіль	для	0.063830
автомобіль	на	0.063830
автор	відео	0.315789
автор	книжки	0.157895
адже	це	0.065789
адже	вони	0.057895
адже	у	0.039474
адже	в	0.028947
адже	вона	0.028947
адже	саме	0.028947
адже	він	0.026316
адже	для	0.018421
адже	з	0.018421
адже	за	0.018421
адже	там	0.018421
адже	як	0.018421
адже	якщо	0.018421
адже	не	0.018421
адже	його	0.015789
адже	на	0.015789
адже	так	0.013158
адже	все	0.013158
адже	під	0.010526
адже	після	0.010526
адже	такі	0.010526
адже	ці	0.010526
адже	ворог	0.010526
адже	воно	0.010526
адже	є	0.007895
адже	йдеться	0.007895
адже	ми	0.007895
адже	тоді	0.007895
адже	тепер	0.007895
адже	багато	0.007895
адже	країна	0.007895
адже	такий	0.007895
але	не	0.064234
але	це	0.053076
але	й	0.032268
але	в	0.030458
але	я	0.027744
але	ми	0.025935
але	на	0.023824
але	вони	0.021110
але	якщо	0.019602
але	він	0.019300
але	точно	0.018094
але	і	0.017491
але	з	0.017491
але	за	0.015380
але	все	0.015078
але	у	0.014475
але	є	0.013872
але	вже	0.011761
але	коли	0.011460
але	як	0.011158
але	для	0.010856
але	вона	0.010856
але	зараз	0.009952
але	потім	0.008142
але	поки	0.007539
але	його	0.007539
але	також	0.007238
але	після	0.006936
але	при	0.006936
але	їх	0.006634
але	дуже	0.006333
але	тепер	0.006333
але	через	0.006333
але	цього	0.006031
але	ж	0.005730
але	її	0.005428
але	без	0.005428
але	навіть	0.005428
але	тут	0.004825
але	так	0.004825
алкоголь	і	0.120000
альбом	з	0.600000
англії	та	0.291667
англії	на	0.166667
армія	не	0.076271
армія	росії	0.059322
армія	в	0.050847
армія	яка	0.042373
армія	має	0.042373
армія	і	0.033898
армія	за	0.033898
армія	як	0.025424
армія	країни	0.025424
армія	сша	0.025424
армія	з	0.025424
багатьох	років	0.172414
багатьох	інших	0.149425
багатьох	людей	0.103448
багатьох	із	0.045977
багатьох	місцях	0.045977
багатьох	з	0.045977
багатьох	проблем	0.034483
бажаю	щоб	0.283019
бажаю	тобі	0.207547
бажаю	вам	0.075472
бажаю	не	0.056604
базу	та	0.114286
базу	в	0.085714
базу	на	0.085714
батьки	не	0.068493
батьки	у	0.041096
батьки	або	0.041096
батьки	дружини	0.041096
батьки	можуть	0.041096
батьки	і	0.041096
батьком	і	0.166667
батьків	у	0.543860
батьків	і	0.043860
батьків	не	0.026316
бачили	на	0.093333
бачили	що	0.093333
бачили	в	0.080000
бачили	як	0.080000
бачили	у	0.040000
бачимо	що	0.472222
бачимо	як	0.055556
бачу	що	0.186047
бачу	як	0.139535
без	світла	0.104938
без	допомоги	0.033951
без	будь	0.033951
без	жертв	0.030864
без	того	0.027778
без	проблем	0.027778
без	попередження	0.024691
без	води	0.024691
без	жодних	0.021605
без	права	0.021605
без	жодної	0.018519
без	цього	0.018519
без	грошей	0.018519
без	батьків	0.018519
без	можливості	0.018519
без	її	0.018519
без	дозволу	0.018519
без	нього	0.015432
без	підтримки	0.015432
без	них	0.015432
без	шкоди	0.015432
без	роботи	0.015432
без	відповіді	0.015432
без	якої	0.012346
без	жодного	0.012346
без	використання	0.012346
без	даху	0.009259
без	зброї	0.009259
без	батька	0.009259
без	неї	0.009259
без	цієї	0.009259
без	сумніву	0.009259
без	досвіду	0.009259
без	бою	0.009259
безумовно	ми	0.090909
би	не	0.060976
би	щоб	0.048780
би	бути	0.042683
би	з	0.018293
би	кращим	0.018293
би	бачити	0.018293
би	зробити	0.018293
бога	і	0.190476
бога	в	0.142857
богу	такої	0.176471
боку	росії	0.127660
боку	сша	0.106383
боку	росіян	0.056738
боку	ворога	0.042553
боку	і	0.028369
боку	це	0.028369
боку	буде	0.021277
боку	заходу	0.021277
боку	свого	0.021277
боку	у	0.021277
болить	голова	0.444444
бою	з	0.109091
бою	в	0.090909
бою	і	0.090909
бою	та	0.054545
бою	проти	0.036364
бою	на	0.027273
бою	за	0.027273
брехні	та	0.500000
буде	хороший	0.045079
буде	дуже	0.036814
буде	в	0.033809
буде	невелика	0.032307
буде	на	0.026296
буде	не	0.025545
буде	з	0.022539
буде	вдень	0.021788
буде	потрібно	0.019534
буде	у	0.015778
буде	добре	0.013524
буде	працювати	0.012772
буде	і	0.012021
буде	ще	0.011270
буде	більше	0.011270
буде	багато	0.010518
буде	від	0.008264
буде	складно	0.008264
буде	готовий	0.008264
буде	достатньо	0.007513
буде	для	0.007513
буде	далі	0.006762
буде	за	0.006762
буде	мати	0.006762
буде	практично	0.006762
буде	робити	0.006762
буде	набагато	0.006762
буде	тепло	0.006762
буде	вночі	0.006762
буде	йти	0.006011
буде	важко	0.006011
буде	легше	0.006011
буде	ясно	0.006011
буде	якщо	0.005259
буде	так	0.005259
буде	без	0.005259
буде	також	0.005259
буде	лише	0.005259
буде	використовувати	0.005259
буде	під	0.005259
будете	дуже	0.111111
будете	відчувати	0.088889
будете	на	0.088889
буквально	за	0.127660
буквально	вчора	0.085106
буквально	на	0.085106
буквально	в	0.063830
було	б	0.083904
було	щось	0.051370
було	дуже	0.046233
було	років	0.024829
було	в	0.024829
було	на	0.019692
було	багато	0.017123
було	важко	0.014555
було	не	0.012842
було	з	0.012842
було	так	0.011986
було	лише	0.011130
було	у	0.011130
було	і	0.011130
було	видно	0.011130
було	роки	0.011130
було	чути	0.010274
було	ще	0.009418
було	до	0.009418
було	раніше	0.008562
було	зроблено	0.008562
було	знайдено	0.008562
було	за	0.007705
було	кілька	0.007705
було	близько	0.007705
було	складно	0.006849
було	все	0.006849
було	би	0.006849
було	жодного	0.006849
було	добре	0.006849
було	відомо	0.006849
було	потрібно	0.005993
було	три	0.005993
було	під	0.005993
було	таке	0.005993
було	це	0.005993
було	вже	0.005993
було	про	0.005137
було	досить	0.005137
було	понад	0.005137
бути	через	0.103627
бути	не	0.051813
бути	в	0.050086
бути	на	0.034542
бути	у	0.032815
бути	з	0.027634
бути	дуже	0.027634
бути	пов	0.025907
бути	більш	0.022453
бути	як	0.020725
бути	й	0.017271
бути	готові	0.015544
бути	ще	0.012090
бути	без	0.010363
бути	особливо	0.008636
бути	за	0.008636
бути	лише	0.008636
бути	більше	0.008636
бути	зроблено	0.006908
бути	і	0.006908
бути	під	0.006908
бути	разом	0.006908
бути	до	0.006908
бути	тут	0.006908
бути	таким	0.006908
бути	так	0.006908
бути	певні	0.005181
бути	щасливою	0.005181
бути	тільки	0.005181
бути	важко	0.005181
бути	досить	0.005181
бути	першим	0.005181
бути	або	0.005181
бути	від	0.005181
бути	менш	0.005181
бути	багато	0.005181
бути	там	0.005181
бути	зовсім	0.005181
бути	м	0.005181
бути	настільки	0.005181
вагітна	жінка	0.375000
важлива	інформація	0.114286
важлива	подія	0.114286
важлива	для	0.085714
важливе	значення	0.200000
важливе	рішення	0.120000
важливе	і	0.120000
важливий	момент	0.145833
важливий	крок	0.083333
важливий	як	0.083333
важливий	для	0.062500
важливий	день	0.062500
важливий	і	0.062500
важливий	результат	0.062500
важливі	рішення	0.132353
важливі	для	0.132353
важливі	об	0.073529
важливі	речі	0.044118
важливі	питання	0.044118
важливі	зустрічі	0.044118
важливі	дії	0.044118
важливі	цілі	0.044118
важливі	справи	0.044118
ван	ї	0.875000
варто	чекати	0.058252
варто	бути	0.048544
варто	було	0.038835
варто	пам	0.035599
варто	боятися	0.025890
варто	в	0.025890
варто	робити	0.022654
варто	також	0.022654
варто	використовувати	0.022654
варто	подумати	0.019417
варто	купувати	0.019417
варто	лише	0.016181
варто	подивитися	0.016181
варто	знати	0.016181
варто	взяти	0.016181
варто	думати	0.012945
варто	це	0.012945
варто	більше	0.012945
варто	говорити	0.012945
варто	згадати	0.012945
варто	спробувати	0.012945
варто	жити	0.012945
варто	давати	0.012945
варто	їсти	0.009709
варто	відмовитися	0.009709
варто	у	0.009709
варто	пити	0.009709
варто	тримати	0.009709
варто	мати	0.009709
варто	провести	0.009709
варто	не	0.009709
вашому	житті	0.303030
вашому	боці	0.151515
вашому	шляху	0.121212
вашому	здоров	0.090909
вашому	домі	0.090909
вашу	думку	0.285714
вбили	двох	0.111111
вдалося	врятувати	0.071038
вдалося	повернути	0.071038
вдалося	знищити	0.054645
вдалося	зібрати	0.049180
вдалося	знайти	0.032787
вдалося	звільнити	0.027322
вдалося	отримати	0.027322
вдалося	зробити	0.021858
вдалося	захопити	0.021858
вдалося	досягти	0.021858
вдалося	з	0.021858
вдалося	створити	0.016393
вдалося	встановити	0.016393
вдалося	втекти	0.016393
вдалося	відновити	0.016393
вдалося	завдяки	0.016393
вдалося	не	0.016393
вдалося	в	0.016393
вдалося	продати	0.016393
вдалося	взяти	0.016393
вдалося	дістатися	0.016393
вдалося	дізнатися	0.016393
вдарив	сильний	0.693182
вдарив	по	0.147727
вдень	та	0.192308
вдень	невелика	0.115385
вдень	у	0.106838
вдень	і	0.055556
вдень	повітря	0.038462
вдень	дощ	0.038462
вдень	буде	0.034188
вдень	в	0.034188
вдень	температура	0.034188
вдень	практично	0.029915
вдень	ясно	0.029915
вдень	на	0.021368
вдень	сніг	0.021368
вдень	сильний	0.017094
вдень	грудня	0.017094
вдень	червня	0.012821
вдень	липня	0.012821
вдень	до	0.012821
веде	до	0.176471
веде	переговори	0.137255
веде	проти	0.098039
веде	свій	0.098039
веде	війну	0.058824
велике	питання	0.130435
велике	значення	0.130435
великі	втрати	0.298507
великі	проблеми	0.074627
великі	міста	0.059701
великі	витрати	0.044776
великі	гроші	0.044776
весь	час	0.215569
весь	світ	0.155689
весь	цей	0.125749
весь	день	0.101796
весь	рік	0.083832
весь	процес	0.053892
весь	період	0.041916
весь	матч	0.023952
весь	свій	0.023952
весь	тиждень	0.017964
весілля	з	0.095238
весілля	у	0.095238
взагалі	не	0.319728
взагалі	без	0.027211
взагалі	краще	0.020408
взагалі	це	0.020408
взагалі	немає	0.020408
взагалі	про	0.020408
взагалі	то	0.020408
взагалі	нічого	0.020408
взуття	то	0.725610
взуття	та	0.024390
взуття	з	0.018293
взуття	із	0.018293
взяли	участь	0.276316
взяли	на	0.131579
взяли	під	0.131579
взяли	в	0.105263
взяли	до	0.052632
взяли	у	0.052632
вибух	у	0.269841
вибух	на	0.158730
вибух	в	0.142857
вибух	стався	0.126984
видно	що	0.276316
видно	як	0.269737
видно	на	0.059211
видно	з	0.032895
видно	у	0.026316
визнати	що	0.300000
викликати	поліцію	0.150000
виконувати	рішення	0.106383
виконувати	завдання	0.085106
виконувати	будь	0.085106
виконувати	свої	0.085106
виконувати	накази	0.063830
виконувати	всі	0.063830
виконувати	обов	0.063830
виконувати	свою	0.063830
використати	для	0.108108
використовувати	для	0.076433
використовувати	як	0.070064
використовувати	їх	0.057325
використовувати	в	0.050955
використовувати	будь	0.044586
використовувати	свої	0.031847
використовувати	ці	0.025478
використовувати	не	0.025478
використовувати	у	0.019108
використовувати	лише	0.019108
використовувати	на	0.019108
використовувати	інші	0.019108
використовувати	більш	0.019108
використовувати	воду	0.019108
використовувати	цей	0.019108
вимагає	від	0.161290
вимагає	щоб	0.129032
винен	у	0.375000
виправити	ситуацію	0.210526
вирок	суду	0.272727
високий	рівень	0.676471
високий	замок	0.088235
вистачає	на	0.163265
вистачає	у	0.102041
вистачає	і	0.081633
вистачає	часу	0.061224
вистачає	для	0.061224
виходу	на	0.250000
виходу	з	0.222222
виходу	в	0.083333
виходу	росії	0.069444
виявляється	що	0.225806
власник	компанії	0.187500
власних	дітей	0.250000
власної	справи	0.187500
власні	очі	0.314286
власні	потреби	0.142857
власні	сили	0.085714
вогонь	по	0.138462
вогонь	і	0.138462
вогонь	на	0.107692
вогонь	у	0.092308
вогонь	щоб	0.061538
вогонь	з	0.046154
води	у	0.113122
води	в	0.104072
води	і	0.095023
води	та	0.081448
води	на	0.036199
води	а	0.027149
води	до	0.027149
води	або	0.027149
води	з	0.027149
води	не	0.022624
води	може	0.018100
води	г	0.018100
води	потрібно	0.018100
води	через	0.018100
води	але	0.013575
води	для	0.013575
води	додати	0.013575
воду	з	0.144231
воду	та	0.086538
воду	на	0.076923
воду	і	0.067308
воду	у	0.057692
воду	в	0.048077
воду	а	0.048077
воду	для	0.038462
воді	на	0.139535
воді	і	0.116279
воді	а	0.093023
воді	або	0.069767
волосся	і	0.169014
волосся	та	0.112676
волосся	а	0.056338
волосся	у	0.056338
волосся	щоб	0.042254
вони	не	0.126420
вони	мають	0.053977
вони	можуть	0.051610
вони	будуть	0.037405
вони	були	0.034564
вони	з	0.019413
вони	вже	0.018939
вони	також	0.015625
вони	хочуть	0.014678
вони	дуже	0.014205
вони	намагаються	0.014205
вони	просто	0.011837
вони	зможуть	0.010890
вони	могли	0.009470
вони	є	0.009470
вони	це	0.008523
вони	в	0.008523
вони	на	0.008049
вони	ще	0.007576
вони	всі	0.007576
вони	почали	0.007576
вони	вважають	0.007102
вони	роблять	0.007102
вони	повинні	0.007102
вони	навіть	0.007102
вони	там	0.006629
вони	використовують	0.006629
вони	разом	0.006155
вони	теж	0.006155
вони	завжди	0.006155
вони	й	0.006155
вони	отримали	0.006155
вони	намагалися	0.005682
вони	розуміють	0.005682
вони	хотіли	0.005682
вони	у	0.005208
вони	зараз	0.005208
вони	все	0.005208
вони	ж	0.005208
вони	мали	0.005208
воно	не	0.111111
воно	було	0.103704
воно	буде	0.074074
воно	може	0.051852
воно	стало	0.037037
воно	й	0.029630
воно	має	0.029630
воно	в	0.022222
воно	у	0.022222
впевнені	що	0.566038
впевнені	в	0.226415
впевнені	у	0.056604
встановити	хто	0.092593
встановити	контроль	0.074074
встановити	що	0.074074
встановити	зв	0.055556
встановити	місце	0.055556
встановити	чи	0.055556
всі	зараз	0.093558
всі	вони	0.050613
всі	ці	0.047546
всі	свої	0.042945
всі	інші	0.021472
всі	знають	0.021472
всі	хто	0.019939
всі	люди	0.015337
всі	ті	0.015337
всі	ми	0.015337
всі	сили	0.013804
всі	атаки	0.013804
всі	дуже	0.013804
всі	гроші	0.012270
всі	сторони	0.012270
всі	розуміють	0.012270
всі	наші	0.010736
всі	питання	0.010736
всі	цілі	0.010736
всі	його	0.009202
всі	справи	0.009202
всі	рішення	0.009202
всі	деталі	0.009202
всі	три	0.009202
всі	були	0.007669
всі	шанси	0.007669
всі	військові	0.007669
всі	мають	0.007669
всі	служби	0.007669
всі	частини	0.007669
всі	живі	0.007669
всі	країни	0.007669
всі	будуть	0.007669
всі	їхні	0.006135
всі	це	0.006135
всі	ваші	0.006135
всі	роки	0.006135
всі	хочуть	0.006135
всі	повідомлення	0.006135
всі	в	0.006135
вторгнення	в	0.256966
вторгнення	росії	0.241486
вторгнення	до	0.058824
вторгнення	і	0.021672
вторгнення	у	0.021672
вторгнення	він	0.021672
вторгнення	з	0.015480
вторгнення	росіян	0.015480
вторгнення	та	0.015480
вторгнення	на	0.012384
вторгнення	вже	0.012384
вторгнення	було	0.012384
вторгнення	поїхав	0.009288
вторгнення	не	0.009288
вторгнення	вона	0.009288
вторгнення	я	0.009288
втік	з	0.437500
втік	до	0.187500
втік	від	0.125000
втік	із	0.093750
відбувається	на	0.140704
відбувається	в	0.130653
відбувається	у	0.090452
відбувається	з	0.050251
відбувається	і	0.030151
відбувається	зараз	0.025126
відбувається	дуже	0.020101
відбувається	після	0.020101
відбувається	за	0.020101
відбувається	вже	0.015075
відбувається	коли	0.015075
відбувається	по	0.015075
відбувається	без	0.015075
відбувається	навколо	0.015075
відбувається	під	0.015075
відбувається	як	0.015075
відбувається	саме	0.015075
відмовився	від	0.580000
відмовитися	від	0.870968
відновити	роботу	0.120000
відновити	зв	0.080000
відновити	сили	0.060000
відновити	у	0.060000
відношення	до	0.777778
відповів	на	0.362500
відповів	що	0.250000
відповів	чи	0.050000
відповів	так	0.050000
відповів	я	0.050000
відповідь	на	0.532895
відповідь	була	0.019737
відповідь	за	0.019737
відповідь	проста	0.019737
відповідь	і	0.019737
відпочити	і	0.300000
відправити	на	0.204545
відправити	у	0.113636
відправити	україні	0.090909
відправити	до	0.090909
відправити	його	0.068182
відпустку	або	0.125000
відпустку	і	0.125000
відразу	ж	0.219048
відразу	після	0.171429
відразу	на	0.057143
відразу	в	0.047619
відразу	кілька	0.047619
відразу	за	0.028571
відсотків	більше	0.081081
відсотків	від	0.081081
відсотків	на	0.081081
відстань	від	0.206897
відстань	до	0.103448
відстань	між	0.103448
відстані	до	0.150000
відстані	від	0.133333
відстані	метрів	0.083333
відстані	км	0.066667
відчуває	себе	0.185185
відчуває	що	0.148148
відчуває	біль	0.111111
відчуття	що	0.333333
відчуття	безпеки	0.095238
війну	в	0.254848
війну	проти	0.177285
війну	з	0.049861
війну	та	0.041551
війну	на	0.038781
війну	росії	0.033241
війну	яку	0.024931
війну	і	0.022161
війну	а	0.019391
війну	у	0.019391
війну	за	0.016620
війну	але	0.016620
війну	як	0.016620
війну	яка	0.013850
війну	не	0.008310
війну	може	0.008310
війну	ми	0.008310
війні	проти	0.236842
війні	з	0.140351
війні	в	0.122807
війні	і	0.043860
війні	на	0.026316
війні	яку	0.026316
війні	за	0.021930
війні	але	0.021930
війні	щоб	0.013158
війні	є	0.013158
війні	росії	0.013158
війні	фото	0.013158
війні	йдеться	0.013158
війні	та	0.013158
віку	на	0.111111
віку	які	0.088889
віку	та	0.088889
віку	в	0.066667
він	не	0.079250
він	також	0.063553
він	був	0.050153
він	сказав	0.027948
він	може	0.025268
він	розповів	0.019908
він	у	0.018760
він	є	0.016845
він	має	0.016080
він	отримав	0.014165
він	буде	0.012634
він	став	0.011868
він	вважає	0.011485
він	назвав	0.010337
він	і	0.009571
він	з	0.009571
він	дуже	0.009188
він	каже	0.009188
він	вже	0.009188
він	в	0.008423
він	уже	0.007657
він	мав	0.007274
він	хоче	0.006891
він	все	0.006891
він	вирішив	0.006891
він	почав	0.006126
він	зробив	0.006126
він	написав	0.006126
він	намагався	0.005743
він	просто	0.005743
він	ще	0.005743
він	на	0.005360
він	провів	0.005360
він	мені	0.004977
він	працював	0.004977
він	нібито	0.004977
він	відповів	0.004211
він	загинув	0.004211
він	так	0.004211
він	пообіцяв	0.004211
віру	в	0.461538
вірю	що	0.541667
вірю	в	0.208333
вітаю	з	0.400000
вітаю	тебе	0.177778
вітаю	вас	0.088889
вітаю	зі	0.066667
вітаю	від	0.066667
вітер	буде	0.358491
вітер	та	0.075472
віці	років	0.339286
віці	від	0.107143
гараж	та	0.375000
гарний	настрій	0.275862
гарний	вигляд	0.103448
гарні	новини	0.260870
гарні	але	0.130435
геть	не	0.333333
говоримо	про	0.912500
говоримо	що	0.025000
говоримо	не	0.025000
говорить	про	0.469231
говорить	що	0.176923
годин	після	0.130435
годин	до	0.104348
годин	на	0.104348
годин	а	0.043478
годин	і	0.043478
годин	для	0.034783
годин	в	0.026087
години	ранку	0.071429
години	до	0.059524
години	після	0.059524
години	ночі	0.047619
години	щоб	0.047619
години	та	0.035714
голова	уряду	0.150000
голова	ради	0.125000
голова	головного	0.075000
голова	об	0.075000
голова	служби	0.075000
головний	тренер	0.337349
головний	герой	0.132530
головний	біль	0.120482
головний	редактор	0.096386
головний	прокурор	0.048193
головний	сержант	0.036145
гору	над	0.300000
готові	до	0.370370
готові	розпочати	0.029630
готові	працювати	0.022222
готові	і	0.022222
готові	негайно	0.022222
готові	йти	0.022222
готові	допомогти	0.022222
готові	захищати	0.022222
градусів	і	0.138889
градусів	на	0.083333
градусів	хвилин	0.083333
грошей	на	0.184783
грошей	і	0.086957
грошей	у	0.054348
грошей	які	0.054348
грошей	для	0.054348
грошей	не	0.032609
грошей	від	0.032609
гроші	на	0.126214
гроші	за	0.067961
гроші	в	0.067961
гроші	і	0.053398
гроші	які	0.048544
гроші	з	0.038835
гроші	у	0.038835
гроші	та	0.029126
гроші	для	0.024272
гроші	це	0.024272
гроші	але	0.019417
гроші	будуть	0.019417
гроші	від	0.019417
гроші	а	0.014563
гроші	були	0.014563
гроші	нібито	0.014563
гроші	не	0.014563
грубо	кажучи	0.800000
грудня	року	0.306306
грудня	в	0.072072
грудня	у	0.063063
грудня	на	0.045045
грудня	по	0.027027
грудня	і	0.027027
грудня	під	0.022523
грудня	о	0.018018
грудня	а	0.018018
грудня	росіяни	0.018018
грудня	за	0.018018
грудня	відбудеться	0.018018
грудня	минулого	0.013514
грудня	вночі	0.013514
групи	з	0.114286
групи	в	0.064286
групи	а	0.064286
групи	які	0.042857
групи	не	0.035714
групи	на	0.035714
групи	були	0.028571
групи	та	0.028571
групи	б	0.028571
групи	с	0.021429
групи	до	0.021429
гірше	ніж	0.350000
гірше	за	0.200000
давайте	не	0.178571
давати	їм	0.100000
давати	більше	0.075000
давати	їй	0.075000
давати	свідчення	0.075000
давати	їх	0.075000
давно	не	0.141414
давно	хотіли	0.050505
давно	хотів	0.030303
дай	бог	0.555556
дайте	йому	0.176471
даний	момент	0.468750
даний	час	0.437500
дата	свята	0.130435
дах	будівлі	0.280000
дах	будинку	0.160000
дах	та	0.120000
дають	можливість	0.156863
дають	нам	0.117647
дві	людини	0.104972
дві	тисячі	0.082873
дві	жінки	0.049724
дві	години	0.044199
дві	країни	0.038674
дві	станції	0.027624
дві	хвилини	0.027624
дві	школи	0.027624
дві	три	0.027624
дві	частини	0.027624
дві	групи	0.022099
дві	дитини	0.016575
дві	квартири	0.016575
дві	перемоги	0.016575
дві	різні	0.016575
дві	операції	0.016575
дві	атаки	0.016575
дві	хвилі	0.016575
де	він	0.054167
де	вони	0.037500
де	є	0.034722
де	ми	0.027778
де	можна	0.025000
де	в	0.023611
де	на	0.020833
де	вона	0.019444
де	саме	0.018056
де	я	0.016667
де	наші	0.016667
де	ви	0.015278
де	і	0.015278
де	буде	0.015278
де	б	0.013889
де	не	0.013889
де	це	0.013889
де	ворог	0.013889
де	його	0.012500
де	її	0.012500
де	зараз	0.011111
де	були	0.011111
де	немає	0.009722
де	було	0.009722
де	їх	0.009722
де	їм	0.009722
де	росіяни	0.009722
де	йде	0.008333
де	за	0.008333
де	знаходиться	0.008333
де	ще	0.008333
де	кожен	0.006944
де	був	0.006944
де	й	0.006944
де	йому	0.006944
де	видно	0.006944
де	може	0.006944
де	все	0.005556
де	до	0.005556
де	у	0.005556
деякі	з	0.288462
деякі	люди	0.057692
деякі	країни	0.052885
деякі	речі	0.028846
деякі	можуть	0.024038
деякі	військові	0.024038
деякі	дослідження	0.019231
деякі	навіть	0.014423
деякі	наші	0.014423
деякі	деталі	0.014423
деякі	зі	0.014423
деякі	проблеми	0.014423
деякі	питання	0.014423
деякі	чоловіки	0.014423
деякі	слова	0.014423
деякі	вулиці	0.014423
джерело	в	0.324324
дивиться	на	0.384615
дивишся	на	0.375000
дивлюся	на	0.666667
дивляться	в	0.250000
дивні	речі	0.375000
дим	над	0.250000
дно	і	0.384615
днями	в	0.128571
днями	у	0.085714
днями	раніше	0.071429
днями	з	0.057143
днями	стало	0.057143
довелося	б	0.080645
довелося	викликати	0.048387
довелося	покинути	0.048387
довелося	зробити	0.048387
доводиться	використовувати	0.107143
доволі	часто	0.189189
доволі	багато	0.135135
доволі	швидко	0.108108
доволі	довго	0.081081
додому	і	0.097826
додому	з	0.086957
додому	після	0.043478
додому	в	0.032609
додому	вже	0.032609
дозволили	б	0.173913
дозволу	на	0.500000
докази	того	0.206897
докази	що	0.137931
докази	та	0.103448
докази	які	0.103448
документи	та	0.093458
документи	про	0.084112
документи	на	0.065421
документи	у	0.056075
документи	що	0.056075
документи	які	0.046729
документи	для	0.046729
документи	і	0.046729
документи	до	0.037383
документи	з	0.037383
документи	в	0.028037
документи	щоб	0.028037
долю	у	0.150000
долю	і	0.150000
домовилися	про	0.368421
домовилися	що	0.131579
домовилися	з	0.105263
допомоги	україні	0.260355
допомоги	для	0.073964
допомоги	на	0.071006
допомоги	з	0.056213
допомоги	у	0.056213
допомоги	в	0.047337
допомоги	від	0.038462
допомоги	та	0.029586
допомоги	і	0.023669
допомоги	сша	0.020710
допомоги	не	0.017751
допомоги	до	0.011834
допомоги	а	0.008876
допомоги	яка	0.008876
допомоги	із	0.008876
допомоги	й	0.008876
допомоги	це	0.008876
допомоги	яку	0.008876
допомогою	яких	0.087500
допомогою	до	0.087500
допомогою	якої	0.062500
допомогою	цього	0.050000
допомогою	якого	0.050000
допомогою	і	0.037500
допомогу	україні	0.190476
допомогу	в	0.083333
допомогу	у	0.067460
допомогу	для	0.043651
допомогу	та	0.043651
допомогу	на	0.043651
допомогу	від	0.039683
допомогу	до	0.035714
допомогу	і	0.027778
допомогу	яка	0.023810
допомогу	яку	0.019841
допомогу	з	0.019841
допомогу	щоб	0.015873
допомогу	а	0.015873
допоможуть	вам	0.246575
допоможуть	україні	0.109589
допоможуть	позбутися	0.041096
допоможуть	зберегти	0.041096
допоможуть	у	0.041096
допоміг	їй	0.136364
дорозі	до	0.125000
дорозі	в	0.125000
досвід	роботи	0.122807
досвід	війни	0.070175
досвід	у	0.052632
досвід	та	0.052632
доступ	до	0.883117
досі	не	0.347059
досі	немає	0.047059
досі	є	0.041176
досі	залишається	0.035294
досі	в	0.035294
досі	триває	0.023529
досі	у	0.023529
досі	має	0.023529
досі	під	0.017647
друга	в	0.076923
друга	половина	0.057692
друга	група	0.057692
другу	частину	0.212121
другу	лінію	0.090909
другу	позицію	0.090909
дружини	чоловіка	0.115385
дружині	за	0.214286
друзям	в	0.375000
друзями	і	0.166667
друзями	у	0.125000
друзі	та	0.125000
друзі	з	0.075000
друзі	в	0.075000
друзі	які	0.075000
друзі	і	0.075000
думайте	про	0.444444
думали	що	0.500000
думали	про	0.291667
дізнатися	що	0.196429
дізнатися	більше	0.125000
дізнатися	чи	0.089286
дізнатися	як	0.089286
дізнатися	наскільки	0.053571
дізнатися	про	0.053571
дізнаються	що	0.333333
дізнається	про	0.500000
дій	на	0.213740
дій	в	0.068702
дій	у	0.045802
дій	не	0.038168
дій	і	0.038168
дій	щодо	0.034351
дій	які	0.034351
дій	та	0.026718
дій	ворога	0.019084
дій	з	0.019084
дій	для	0.019084
дій	проти	0.019084
дій	чи	0.015267
дій	поблизу	0.015267
дій	а	0.015267
дій	оскільки	0.011450
дій	під	0.011450
дій	що	0.011450
дій	від	0.011450
дій	але	0.011450
дій	росії	0.011450
дім	у	0.093023
дім	з	0.069767
діти	не	0.076336
діти	та	0.068702
діти	які	0.045802
діти	і	0.038168
діти	яких	0.030534
діти	були	0.030534
діти	у	0.030534
діти	з	0.030534
діти	будуть	0.030534
діти	можуть	0.022901
діти	в	0.022901
діти	від	0.022901
діяти	в	0.155172
діяти	на	0.086207
діє	на	0.178571
діє	у	0.142857
діє	як	0.142857
е	місце	0.200000
е	та	0.150000
енергію	та	0.200000
енергію	на	0.200000
жаль	не	0.103659
жаль	є	0.091463
жаль	у	0.054878
жаль	це	0.042683
жаль	ми	0.036585
жаль	ці	0.036585
жаль	через	0.030488
жаль	навіть	0.018293
жаль	поки	0.018293
жаль	з	0.018293
жаль	немає	0.018293
жаль	за	0.018293
живуть	у	0.307692
живуть	в	0.092308
живуть	разом	0.061538
живуть	за	0.061538
живіт	та	0.300000
жили	в	0.204545
жили	у	0.136364
жили	на	0.068182
жити	в	0.178947
жити	з	0.063158
жити	без	0.063158
жити	на	0.063158
жити	далі	0.063158
жити	разом	0.063158
жити	у	0.042105
жити	та	0.042105
жити	і	0.031579
жінку	яка	0.180000
жінку	з	0.140000
жінку	у	0.080000
жінку	її	0.060000
жінок	і	0.175439
жінок	які	0.131579
жінок	та	0.078947
жінок	у	0.035088
жінок	в	0.035088
жінок	із	0.035088
жінок	з	0.035088
жінок	що	0.026316
жінок	на	0.026316
жінок	років	0.026316
заборонено	в	0.225806
заборонено	робити	0.129032
забрав	життя	0.333333
забрав	у	0.200000
забрати	свої	0.093750
забрати	в	0.093750
завтра	буде	0.234043
завтра	в	0.085106
завтра	вам	0.085106
завтра	ви	0.053191
завтра	на	0.053191
завтра	вдень	0.031915
завтра	вони	0.031915
завтра	у	0.031915
завтра	ми	0.031915
загрожує	до	0.463415
загрожує	покарання	0.097561
загрожує	від	0.085366
зайняті	позиції	0.500000
залишиться	в	0.190476
залишиться	у	0.119048
залишиться	на	0.119048
залишиться	без	0.071429
залі	суду	0.294118
замінити	на	0.285714
запах	і	0.166667
заплатить	за	0.833333
запросили	на	0.352941
заради	перемоги	0.137255
заради	цього	0.078431
заради	миру	0.058824
заради	них	0.058824
заради	свого	0.058824
заробити	на	0.363636
заробити	більше	0.136364
заслуговує	на	0.555556
захисту	від	0.221154
захисту	неба	0.057692
захисту	дітей	0.057692
захисту	в	0.038462
захисту	та	0.038462
захисту	для	0.028846
захисту	і	0.028846
захисту	своїх	0.028846
захисту	інформації	0.028846
захисту	не	0.028846
заходу	та	0.088496
заходу	в	0.061947
заходу	сонця	0.061947
заходу	до	0.044248
заходу	у	0.044248
заходу	і	0.044248
заходу	на	0.035398
заходу	є	0.035398
заходу	з	0.035398
заходу	проти	0.026549
заходу	це	0.026549
заходу	яка	0.026549
заходу	але	0.026549
захоплення	міста	0.142857
захоплення	мар	0.114286
захід	від	0.347150
захід	у	0.124352
захід	не	0.062176
захід	має	0.046632
захід	і	0.041451
захід	до	0.025907
захід	йдеться	0.015544
захід	для	0.015544
захід	може	0.015544
збирати	інформацію	0.294118
збираються	на	0.150000
зв	язку	0.643045
зв	язок	0.238845
зв	язки	0.107612
зважаючи	на	0.911765
зважаючи	що	0.088235
звісно	це	0.079545
звісно	не	0.068182
звісно	ж	0.056818
звісно	є	0.045455
звісно	ми	0.045455
звісно	можна	0.034091
звісно	що	0.034091
звісно	я	0.034091
здоровий	спосіб	0.400000
здоровий	сон	0.333333
земля	повітря	0.409091
змогли	виконати	0.056338
змогли	потрапити	0.056338
змогли	створити	0.042254
змогли	це	0.042254
змогли	встановити	0.042254
змогли	б	0.042254
змогли	захопити	0.042254
змогли	знайти	0.042254
змінилося	і	0.250000
знали	що	0.370370
знали	про	0.092593
знали	як	0.074074
знали	де	0.055556
знаходяться	в	0.380952
знаходяться	на	0.190476
знаходяться	під	0.126984
знаходяться	у	0.047619
значно	більше	0.244898
значно	менше	0.163265
значно	швидше	0.081633
значно	легше	0.061224
значно	краще	0.061224
знаю	що	0.345679
знаю	чи	0.098765
знаю	як	0.086420
знаю	багато	0.049383
знаю	це	0.037037
знаю	одне	0.037037
знаєш	що	0.333333
знову	ж	0.094059
знову	не	0.034653
знову	з	0.029703
знову	і	0.029703
знову	в	0.024752
знову	таки	0.024752
знову	й	0.014851
знову	стати	0.014851
знову	повернеться	0.014851
знову	у	0.014851
знову	потрапив	0.014851
знову	будуть	0.014851
знову	була	0.014851
знову	почала	0.014851
зняти	з	0.166667
зробив	на	0.097826
зробив	це	0.065217
зробив	у	0.054348
зробив	для	0.043478
зробив	ставку	0.043478
зробив	першу	0.032609
зробив	би	0.032609
зробив	їм	0.032609
зробив	після	0.032609
зробила	це	0.150000
зробила	все	0.066667
зробила	правильно	0.050000
зробила	не	0.050000
зроблять	вас	0.157895
зроблять	це	0.157895
зрозуміла	що	0.756098
зрозуміли	що	0.771429
зрозуміло	що	0.628205
зустрілися	з	0.318182
зустрілися	у	0.181818
зустрітися	з	0.500000
зустрітися	зі	0.150000
зустрічатися	з	0.421053
зірка	не	0.113636
зірка	фільму	0.090909
зірок	та	0.214286
йому	не	0.085213
йому	загрожує	0.050125
йому	було	0.047619
йому	в	0.030075
йому	про	0.022556
йому	подобається	0.020050
йому	довелося	0.017544
йому	за	0.015038
йому	це	0.015038
йому	у	0.012531
йому	потрібно	0.012531
йому	на	0.012531
йому	доведеться	0.010025
йому	життя	0.010025
йому	що	0.010025
йому	вже	0.010025
йому	років	0.010025
йому	все	0.010025
йому	і	0.010025
йому	та	0.007519
йому	з	0.007519
йому	лише	0.007519
йому	також	0.007519
йому	вдалося	0.007519
йому	буде	0.007519
йому	треба	0.007519
йому	потрібна	0.007519
йому	так	0.007519
йому	повідомили	0.007519
йому	більше	0.007519
йому	ще	0.007519
йшла	до	0.238095
йшла	на	0.142857
йшли	на	0.225806
йшли	до	0.193548
йшли	в	0.096774
йшли	з	0.096774
йшов	до	0.250000
кажу	що	0.192308
кажу	про	0.115385
казав	що	0.656250
казати	що	0.363636
казати	про	0.272727
кар	єру	0.593023
кар	єри	0.383721
карта	яка	0.166667
карта	говорить	0.125000
карта	може	0.125000
квартиру	у	0.200000
квартиру	в	0.133333
керівник	об	0.175000
керівник	головного	0.150000
керівник	служби	0.125000
керівник	відділу	0.125000
керівник	не	0.075000
керівник	центру	0.075000
китай	і	0.103774
китай	не	0.094340
китай	також	0.066038
китай	може	0.056604
китай	та	0.028302
китай	на	0.028302
китай	має	0.028302
км	на	0.372340
км	від	0.180851
км	год	0.074468
км	і	0.031915
км	за	0.021277
км	в	0.021277
км	у	0.021277
км	з	0.015957
км	але	0.015957
км	до	0.015957
кожної	людини	0.225000
кожної	з	0.150000
кожної	ночі	0.100000
кожної	жінки	0.075000
кожної	країни	0.075000
кожної	групи	0.075000
колись	було	0.057692
колись	були	0.057692
колись	і	0.057692
колись	тут	0.057692
коліна	і	0.235294
коліна	перед	0.176471
команди	на	0.075949
команди	з	0.075949
команди	та	0.075949
команди	в	0.037975
команди	у	0.037975
командою	у	0.130435
команду	на	0.129032
команду	яка	0.096774
контролем	ворога	0.222222
контролем	росії	0.166667
контролювати	свої	0.181818
контролювати	рівень	0.136364
коп	до	0.166667
коп	менше	0.166667
коп	за	0.166667
коп	від	0.166667
кордон	з	0.119048
кордон	і	0.079365
кордон	із	0.071429
кордон	на	0.071429
кордон	в	0.039683
кордон	через	0.039683
кордон	за	0.039683
кордон	щоб	0.039683
кордон	у	0.031746
кордон	не	0.031746
кордон	під	0.031746
кордон	та	0.031746
кордон	для	0.031746
короткий	термін	0.500000
кохання	та	0.147059
кохання	і	0.088235
країна	яка	0.090909
країна	має	0.090909
країна	не	0.082645
країна	може	0.057851
країна	готова	0.033058
країна	у	0.024793
країна	яку	0.024793
країна	і	0.024793
країна	в	0.024793
країну	в	0.123711
країну	від	0.092784
країну	на	0.082474
країну	не	0.061856
країну	і	0.051546
країну	у	0.051546
країну	за	0.051546
країну	з	0.041237
країну	та	0.030928
країну	щоб	0.030928
кредит	на	0.230769
крові	та	0.122449
крові	у	0.061224
крові	і	0.061224
куди	він	0.061856
куди	не	0.051546
куди	можна	0.051546
куди	саме	0.051546
куди	ми	0.041237
куди	може	0.030928
куди	бігти	0.030928
куди	його	0.030928
курс	євро	0.297872
курс	на	0.170213
курс	лікування	0.085106
курс	у	0.053191
курс	продажу	0.042553
курс	який	0.031915
курс	буде	0.031915
курс	і	0.031915
кількох	днів	0.228070
кількох	місяців	0.192982
кількох	тижнів	0.140351
кількох	місцях	0.122807
кількох	причин	0.070175
кількість	людей	0.093168
кількість	жертв	0.093168
кількість	та	0.055901
кількість	таких	0.043478
кількість	тих	0.031056
кількість	яка	0.031056
кількість	нових	0.031056
кількість	на	0.024845
кількість	годин	0.024845
кількість	зброї	0.024845
кількість	військових	0.024845
кількість	енергії	0.024845
кількість	може	0.018634
кількість	і	0.018634
кількість	води	0.018634
кімнаті	і	0.181818
летить	у	0.150000
летить	в	0.150000
липня	року	0.228070
липня	в	0.074561
липня	у	0.074561
липня	на	0.048246
липня	по	0.021930
липня	росіяни	0.021930
липня	буде	0.021930
липня	не	0.021930
липня	о	0.017544
липня	цього	0.017544
липня	під	0.017544
липня	з	0.013158
липня	що	0.013158
липня	минулого	0.013158
липня	і	0.013158
липня	до	0.013158
лист	від	0.400000
люблять	коли	0.142857
людьми	які	0.301887
людьми	з	0.075472
людьми	і	0.075472
людьми	та	0.075472
людьми	в	0.056604
людьми	у	0.056604
лідер	партії	0.116279
лідер	в	0.069767
лідер	країни	0.069767
лідер	групи	0.069767
лідер	сша	0.069767
мав	на	0.084507
мав	би	0.077465
мав	намір	0.049296
мав	можливість	0.042254
мав	стати	0.028169
мав	із	0.028169
мав	проблеми	0.021127
мав	зустріч	0.021127
мав	місце	0.021127
маленькі	діти	0.545455
мар	яна	1.000000
матеріал	для	0.250000
матеріал	про	0.208333
матір	ю	0.525000
матір	з	0.075000
машин	та	0.152174
машин	і	0.130435
машин	ворога	0.108696
машину	з	0.117647
машину	і	0.117647
машину	за	0.088235
мм	що	0.162162
мм	і	0.135135
мм	в	0.108108
мм	у	0.081081
мм	для	0.081081
мову	з	0.189189
мову	в	0.135135
мову	як	0.081081
можемо	говорити	0.057377
можемо	зробити	0.057377
можемо	бути	0.040984
можемо	не	0.040984
можемо	сказати	0.040984
можемо	побачити	0.040984
можемо	використовувати	0.024590
можемо	і	0.024590
можемо	з	0.024590
можемо	це	0.024590
можемо	перемогти	0.024590
можемо	робити	0.024590
можуть	бути	0.246470
можуть	отримати	0.033376
можуть	стати	0.025674
можуть	допомогти	0.025674
можуть	з	0.020539
можуть	зробити	0.019255
можуть	мати	0.016688
можуть	не	0.012837
можуть	і	0.011553
можуть	піти	0.011553
можуть	сильно	0.010270
можуть	використовувати	0.010270
можуть	спробувати	0.007702
можуть	почати	0.007702
можуть	зайти	0.007702
можуть	дати	0.007702
можуть	їх	0.007702
можуть	нести	0.007702
можуть	використати	0.007702
можуть	потрапити	0.007702
можуть	викликати	0.007702
можуть	відчувати	0.006418
можуть	жити	0.006418
можуть	в	0.006418
можуть	лише	0.006418
можуть	взяти	0.006418
можуть	вести	0.006418
можуть	знайти	0.006418
можуть	навіть	0.005135
можуть	скористатися	0.005135
можуть	це	0.005135
можуть	знову	0.005135
можуть	вони	0.005135
можуть	швидко	0.005135
можуть	провести	0.005135
можуть	поставити	0.005135
можуть	як	0.005135
можуть	змінити	0.005135
можуть	дозволити	0.005135
можуть	забути	0.005135
молодший	сержант	0.230769
молодший	за	0.230769
молоко	не	0.088235
молоко	також	0.088235
молоко	і	0.088235
молоко	в	0.088235
моря	і	0.081081
моря	в	0.067568
моря	та	0.054054
моря	до	0.040541
моря	на	0.040541
моря	а	0.040541
моря	повідомили	0.040541
моря	з	0.040541
моря	у	0.040541
мою	думку	0.571429
моя	відповідь	0.066667
моя	думка	0.053333
моя	родина	0.040000
моя	мама	0.040000
моє	життя	0.191489
моє	серце	0.106383
моє	тіло	0.063830
моє	обличчя	0.063830
мріяв	про	0.428571
музей	у	0.272727
мій	погляд	0.134146
мій	син	0.121951
мій	друг	0.048780
мій	батько	0.048780
мій	день	0.036585
мільйонів	доларів	0.412162
мільйонів	євро	0.310811
мільйонів	людей	0.054054
мільйонів	фунтів	0.033784
мільйонів	років	0.027027
міст	і	0.113043
міст	на	0.052174
міст	та	0.052174
міст	у	0.043478
міст	через	0.043478
міст	який	0.034783
міст	з	0.034783
міст	до	0.026087
міст	росії	0.026087
міст	має	0.026087
міст	метро	0.026087
міст	а	0.026087
місті	та	0.065217
місті	є	0.054348
місті	на	0.043478
місті	було	0.043478
місті	дуже	0.032609
місті	не	0.032609
місті	в	0.032609
місяців	після	0.086207
місяців	тому	0.074713
місяців	до	0.051724
місяців	з	0.040230
місяців	і	0.034483
місяців	цього	0.034483
місяців	року	0.034483
місяців	він	0.028736
місяців	на	0.028736
місяців	не	0.022989
місяців	війни	0.022989
місяців	у	0.022989
місяців	або	0.022989
місяців	росіяни	0.017241
місяців	щоб	0.017241
місяців	але	0.017241
місяців	під	0.017241
наближається	до	0.750000
навчання	на	0.098039
навчання	в	0.091503
навчання	та	0.078431
навчання	у	0.078431
навчання	за	0.065359
навчання	з	0.058824
навчання	і	0.032680
навчання	для	0.032680
навчання	військових	0.026144
над	тим	0.193103
над	цим	0.089655
над	головою	0.055172
над	собою	0.041379
над	ними	0.034483
над	своїм	0.034483
над	якими	0.027586
над	і	0.027586
над	ним	0.027586
над	нею	0.027586
над	новим	0.020690
над	нашим	0.020690
над	якою	0.020690
над	такими	0.020690
над	чим	0.020690
над	цією	0.020690
над	смертю	0.020690
над	своїми	0.020690
надзвичайно	складно	0.093750
надію	що	0.285714
надію	на	0.214286
надії	на	0.232558
надії	та	0.186047
надії	що	0.139535
надії	в	0.069767
назвав	це	0.095745
назвав	війну	0.053191
назвав	його	0.053191
назвав	три	0.031915
назвав	її	0.031915
назвав	ці	0.031915
називали	ще	0.250000
називають	війну	0.076923
найбільше	в	0.084746
найбільше	цікавить	0.050847
найбільше	місто	0.050847
найбільше	за	0.050847
найбільше	на	0.050847
найважливіше	це	0.176471
найкращий	вигляд	0.526786
найкращий	спосіб	0.089286
найкращий	час	0.053571
найкращий	варіант	0.035714
найкращий	матч	0.035714
найкращі	умови	0.222222
намагався	відновити	0.175439
намагався	виїхати	0.052632
намагалися	відновити	0.074074
намагалися	не	0.061728
намагалися	сховатися	0.049383
намагалися	врятувати	0.037037
намагалися	зробити	0.037037
намагалися	втекти	0.037037
намагаються	відновити	0.058140
намагаються	захопити	0.058140
намагаються	вести	0.046512
намагаються	знайти	0.034884
намагаються	зробити	0.034884
намагаються	уникнути	0.034884
намагаючись	знайти	0.107143
намагаючись	не	0.107143
напад	на	0.394737
напад	росії	0.131579
напад	у	0.078947
напевно	тому	0.048387
напевно	вони	0.048387
напевно	на	0.048387
написали	що	0.400000
написали	у	0.120000
написано	на	0.250000
народ	і	0.153846
народ	від	0.102564
народ	з	0.076923
народ	який	0.076923
народ	це	0.076923
народження	дитини	0.081818
народження	а	0.072727
народження	сина	0.054545
народження	дітей	0.054545
народження	і	0.045455
народження	у	0.027273
народження	йдеться	0.027273
настрій	і	0.216216
настрій	та	0.081081
наступний	рік	0.428571
наступний	день	0.200000
наступний	тиждень	0.071429
наступний	крок	0.071429
наступний	сезон	0.057143
наступний	матч	0.042857
наше	завдання	0.114754
наше	життя	0.098361
наше	суспільство	0.081967
наше	небо	0.081967
наше	майбутнє	0.081967
наше	кохання	0.049180
наше	місто	0.049180
наше	право	0.049180
нашого	боку	0.138462
нашого	народу	0.092308
нашого	тіла	0.076923
нашого	суспільства	0.061538
нашого	краю	0.046154
нашого	сина	0.046154
наші	військові	0.107345
наші	сили	0.107345
наші	війська	0.079096
наші	хлопці	0.056497
наші	позиції	0.045198
наші	території	0.039548
наші	діти	0.039548
наші	люди	0.028249
наші	друзі	0.022599
наші	лікарі	0.022599
наші	і	0.016949
наші	дні	0.016949
наші	міста	0.016949
наші	землі	0.016949
наші	зобов	0.016949
небі	над	0.472222
недалеко	від	0.928571
недостатньо	для	0.300000
недостатньо	щоб	0.250000
незабаром	після	0.118421
незабаром	буде	0.092105
незабаром	вони	0.052632
незабаром	на	0.052632
незабаром	з	0.052632
незабаром	у	0.039474
незважаючи	на	0.962963
незважаючи	ні	0.037037
неможливо	зробити	0.078125
неможливо	встановити	0.062500
неможливо	зупинити	0.046875
неможливо	відновити	0.046875
неможливо	сказав	0.046875
нерви	і	0.666667
нещодавно	стало	0.125749
нещодавно	в	0.089820
нещодавно	у	0.071856
нещодавно	він	0.059880
нещодавно	було	0.023952
нещодавно	вона	0.023952
нещодавно	на	0.023952
нещодавно	були	0.017964
нещодавно	з	0.017964
нещодавно	коли	0.017964
нещодавно	до	0.017964
ними	не	0.066116
ними	в	0.057851
ними	на	0.041322
ними	можна	0.033058
ними	і	0.033058
ними	з	0.024793
ними	буде	0.024793
них	є	0.052705
них	не	0.045770
них	були	0.027739
них	це	0.024965
них	і	0.020804
них	у	0.019417
них	з	0.019417
них	на	0.019417
них	немає	0.018031
них	було	0.018031
них	буде	0.015257
них	може	0.013870
них	уже	0.012483
них	був	0.012483
них	вже	0.011096
них	один	0.011096
них	двоє	0.011096
них	дуже	0.009709
них	мають	0.009709
них	за	0.009709
них	народилася	0.008322
них	понад	0.008322
них	можуть	0.008322
них	була	0.008322
них	одна	0.008322
них	щоб	0.008322
них	навіть	0.006935
них	дітей	0.006935
них	вона	0.006935
них	із	0.006935
них	ми	0.006935
них	нічого	0.005548
них	там	0.005548
них	просто	0.005548
них	лише	0.005548
них	тут	0.005548
них	діти	0.005548
них	ще	0.005548
них	все	0.005548
них	будуть	0.005548
нова	назва	0.085106
нова	дружина	0.063830
нова	інформація	0.063830
нова	угода	0.063830
новий	рік	0.217778
новий	пакет	0.146667
новий	рівень	0.057778
новий	уряд	0.026667
новий	порядок	0.026667
новий	тиждень	0.026667
новий	спосіб	0.022222
новий	міністр	0.017778
новий	роман	0.017778
новий	стиль	0.013333
новий	варіант	0.013333
новий	закон	0.013333
новим	відео	0.294118
нову	роботу	0.112676
нову	пісню	0.056338
нову	зброю	0.056338
нову	інформацію	0.056338
нову	програму	0.056338
нову	атаку	0.056338
нову	команду	0.042254
нові	можливості	0.137931
нові	фото	0.048276
нові	правила	0.041379
нові	ідеї	0.041379
нові	дані	0.027586
нові	стосунки	0.027586
нові	рішення	0.027586
нові	перемоги	0.020690
нові	деталі	0.020690
нові	військові	0.020690
нові	цілі	0.020690
нові	сили	0.020690
ноги	та	0.147059
ноги	на	0.088235
ноги	і	0.088235
номер	один	0.185185
номер	телефону	0.148148
норвегії	та	0.214286
носити	з	0.333333
ночі	ворог	0.089552
ночі	в	0.059701
ночі	й	0.044776
ну	і	0.216667
ну	а	0.150000
ну	дуже	0.058333
ну	це	0.041667
ну	й	0.041667
ну	ось	0.033333
ну	що	0.033333
ну	ви	0.025000
ну	в	0.025000
ну	якщо	0.025000
ні	на	0.145522
ні	в	0.130597
ні	з	0.055970
ні	для	0.037313
ні	про	0.029851
ні	у	0.026119
ні	за	0.026119
ні	до	0.026119
ні	я	0.022388
ні	але	0.022388
ні	його	0.018657
ні	разу	0.014925
ні	це	0.014925
ні	не	0.014925
ні	то	0.011194
ні	по	0.011194
ні	бажання	0.011194
ніж	у	0.122995
ніж	можемо	0.105169
ніж	за	0.080214
ніж	на	0.055258
ніж	в	0.044563
ніж	зазвичай	0.024955
ніж	через	0.021390
ніж	я	0.014260
ніж	будь	0.014260
ніж	раніше	0.014260
ніж	вони	0.012478
ніж	від	0.012478
ніж	його	0.012478
ніж	це	0.012478
ніж	було	0.012478
ніж	під	0.010695
ніж	той	0.008913
ніж	ми	0.008913
ніж	років	0.008913
ніж	з	0.007130
ніж	зараз	0.007130
ніж	тисяч	0.007130
ніж	до	0.007130
ніж	ви	0.007130
ніж	просто	0.007130
ніж	потрібно	0.007130
ніж	половина	0.005348
ніж	здається	0.005348
ніж	тих	0.005348
ніж	може	0.005348
ніж	наша	0.005348
ніж	для	0.005348
ніж	вона	0.005348
нікого	не	0.700000
нічим	не	0.666667
ніщо	не	0.466667
ніщо	інше	0.200000
ніякого	відношення	0.200000
обидві	сторони	0.333333
обидві	країни	0.138889
обидві	ці	0.111111
обидві	команди	0.111111
образ	з	0.069767
образ	для	0.069767
образ	не	0.069767
одна	з	0.422581
одна	людина	0.132258
одна	дитина	0.045161
одна	із	0.041935
одна	зі	0.032258
одна	жінка	0.025806
одна	група	0.016129
одна	особа	0.012903
одна	проблема	0.012903
одна	важлива	0.012903
одна	частина	0.009677
одна	причина	0.009677
одна	справа	0.009677
одна	ракета	0.009677
одна	спроба	0.009677
одно	не	0.151899
одно	що	0.050633
одному	з	0.594470
одному	із	0.110599
одному	місці	0.050691
одному	зі	0.050691
одному	і	0.023041
одному	напрямку	0.013825
однієї	з	0.577982
однієї	зі	0.064220
однієї	із	0.055046
однієї	особи	0.036697
однієї	умови	0.036697
однієї	країни	0.027523
однієї	людини	0.027523
однієї	групи	0.027523
одяг	і	0.096774
одяг	у	0.064516
одяг	та	0.048387
одяг	з	0.048387
одяг	який	0.048387
одяг	із	0.048387
одяг	це	0.048387
одягу	та	0.170732
одягу	і	0.073171
одягу	для	0.073171
ок	південь	0.942857
операція	у	0.106383
операція	з	0.085106
операція	на	0.063830
операція	триває	0.063830
опинився	в	0.333333
опинився	у	0.222222
опинився	на	0.166667
опору	в	0.285714
опору	на	0.214286
останні	роки	0.139535
останні	місяці	0.083721
останні	два	0.083721
останні	дні	0.079070
останні	три	0.069767
останні	кілька	0.069767
останні	років	0.060465
останні	тижні	0.060465
останні	п	0.041860
останні	події	0.023256
останні	днів	0.018605
останні	пів	0.018605
останні	десять	0.018605
останні	дві	0.013953
останні	новини	0.013953
останні	хвилини	0.013953
останні	пару	0.013953
останніх	років	0.246575
останніх	місяців	0.109589
останніх	кількох	0.082192
останніх	днів	0.082192
останніх	двох	0.082192
останніх	тижнів	0.068493
останніх	трьох	0.054795
останніх	місяці	0.041096
отже	що	0.057692
офіс	президента	0.294118
п	ять	0.420394
п	ятницю	0.232558
п	яти	0.175313
п	ятий	0.064401
п	ята	0.016100
п	яний	0.016100
п	ятдесят	0.014311
п	ють	0.012522
п	єр	0.008945
п	є	0.007156
п	п	0.005367
падають	на	0.428571
партії	слуга	0.138462
партії	та	0.076923
партії	єдина	0.046154
пару	хвилин	0.142857
пару	днів	0.142857
переміг	у	0.363636
переміг	на	0.272727
перенести	в	0.200000
перше	місце	0.243478
перше	що	0.069565
перше	це	0.069565
перше	відео	0.043478
першим	у	0.116279
першим	хто	0.093023
першим	із	0.069767
першим	чоловіком	0.069767
першій	лінії	0.200000
платити	за	0.500000
платити	не	0.136364
побачила	що	0.210526
пов	язані	0.352941
пов	язано	0.260504
пов	язана	0.205882
пов	язаний	0.151261
пов	язку	0.012605
пов	язки	0.012605
поваги	до	0.583333
повернути	гроші	0.053333
повернути	його	0.053333
повернути	додому	0.053333
повернути	на	0.053333
повернути	собі	0.053333
повернути	до	0.040000
повернути	свої	0.040000
повернутися	до	0.411111
повернутися	в	0.111111
повернутися	додому	0.111111
повернутися	на	0.100000
повернутися	і	0.044444
повернутися	у	0.044444
повернутися	назад	0.033333
повертатися	до	0.379310
повертатися	в	0.241379
повертатися	додому	0.172414
повертатися	на	0.103448
повертається	до	0.360000
повертається	на	0.200000
повертається	назад	0.120000
повірити	що	0.555556
повітря	в	0.243590
повітря	вночі	0.115385
повітря	та	0.064103
повітря	повітря	0.057692
повітря	з	0.051282
повітря	у	0.032051
повітря	буде	0.025641
повітря	і	0.025641
повітря	земля	0.025641
повітря	а	0.019231
повітря	від	0.019231
повітря	для	0.019231
повітря	завтра	0.019231
повітря	тому	0.019231
повітрі	а	0.108108
повітрі	та	0.108108
повітрі	не	0.081081
поговорити	з	0.565217
поговорити	про	0.260870
погода	буде	0.445255
погода	в	0.138686
погода	з	0.102190
погода	вночі	0.051095
погода	у	0.029197
погода	без	0.021898
подарунок	для	0.142857
подарунок	від	0.107143
подій	на	0.123288
подій	у	0.095890
подій	в	0.082192
подій	та	0.041096
подій	які	0.041096
подій	не	0.041096
позицію	щодо	0.175439
позицію	за	0.052632
позицію	з	0.052632
познайомився	з	0.444444
показує	що	0.321429
показує	наскільки	0.053571
показує	як	0.053571
покинули	країну	0.200000
покоління	не	0.160000
покоління	які	0.120000
поле	бою	0.254902
поле	зору	0.176471
поле	у	0.078431
поле	на	0.058824
помилка	в	0.187500
помітили	що	0.220000
помітили	у	0.140000
помітили	біля	0.060000
помітили	на	0.060000
пообіцяв	що	0.257143
попередження	про	0.363636
попередження	і	0.136364
порушення	правил	0.218750
порушення	прав	0.093750
порушення	закону	0.062500
порушення	роботи	0.046875
порушення	у	0.046875
порушення	за	0.046875
поряд	з	0.466667
поряд	із	0.377778
порядку	та	0.107143
порядку	і	0.107143
послуг	у	0.078431
послуг	і	0.058824
послуг	не	0.058824
послуг	та	0.058824
послуг	в	0.058824
постійно	на	0.040000
постійно	намагаються	0.040000
постійно	були	0.040000
потрапив	у	0.305556
потрапив	до	0.240741
потрапив	під	0.138889
потрапив	в	0.101852
потрапив	на	0.083333
потрапив	через	0.027778
потрібно	було	0.140458
потрібно	буде	0.054962
потрібно	бути	0.033588
потрібно	щоб	0.027481
потрібно	для	0.024427
потрібно	зробити	0.024427
потрібно	робити	0.018321
потрібно	знати	0.018321
потрібно	більше	0.016794
потрібно	взяти	0.013740
потрібно	багато	0.012214
потрібно	знайти	0.012214
потрібно	ще	0.012214
потрібно	добре	0.010687
потрібно	мати	0.010687
потрібно	розуміти	0.009160
потрібно	провести	0.009160
потрібно	щось	0.009160
потрібно	обов	0.009160
потрібно	в	0.007634
потрібно	просто	0.007634
потрібно	близько	0.007634
потрібно	брати	0.007634
потрібно	вибрати	0.007634
потрібно	додати	0.007634
потрібно	правильно	0.006107
потрібно	також	0.006107
потрібно	негайно	0.006107
потрібно	до	0.006107
потрібно	виконати	0.006107
потрібно	від	0.006107
потрібно	працювати	0.006107
потрібно	зібрати	0.006107
потрібно	з	0.006107
потрібно	використовувати	0.006107
потрібно	подумати	0.006107
потрібно	надати	0.004580
потрібно	саме	0.004580
потрібно	пам	0.004580
потрібно	одразу	0.004580
почав	працювати	0.063291
почав	відчувати	0.050633
почав	говорити	0.050633
почав	його	0.037975
почав	ходити	0.037975
почав	роботу	0.037975
почав	діяти	0.037975
почала	працювати	0.089552
почала	зустрічатися	0.074627
почати	діяти	0.113636
почати	роботу	0.068182
почати	ходити	0.068182
почекати	і	0.307692
починає	з	0.103448
починається	з	0.170732
починається	в	0.073171
почнуть	діяти	0.157895
почула	що	0.272727
поїду	до	0.750000
поїхали	до	0.260870
поїхали	з	0.217391
поїхали	в	0.173913
права	на	0.173469
права	та	0.112245
права	і	0.112245
права	голосу	0.051020
права	керувати	0.051020
права	людини	0.040816
правий	берег	0.375000
правило	це	0.111111
правило	двох	0.083333
прапор	і	0.142857
працював	у	0.316667
працював	в	0.183333
працював	на	0.183333
працював	з	0.050000
працювати	на	0.213953
працювати	з	0.111628
працювати	над	0.102326
працювати	в	0.102326
працювати	у	0.032558
працювати	щоб	0.018605
працювати	а	0.018605
працювати	під	0.018605
працювати	по	0.018605
працювати	до	0.013953
працювати	або	0.013953
працювати	зі	0.013953
працювати	заради	0.013953
працювати	навіть	0.013953
працювати	і	0.013953
працювати	через	0.013953
працювати	за	0.013953
працює	на	0.149254
працює	в	0.139303
працює	над	0.134328
працює	у	0.064677
працює	за	0.044776
працює	з	0.039801
працює	і	0.034826
працює	для	0.014925
працює	а	0.014925
працює	та	0.014925
працює	система	0.014925
працює	так	0.014925
працівників	які	0.113636
працівників	та	0.113636
президент	сша	0.281818
президент	росії	0.118182
президент	франції	0.068182
президент	польщі	0.059091
президент	країни	0.054545
президент	джо	0.040909
президент	також	0.040909
президент	сказав	0.022727
президент	і	0.018182
президента	сша	0.180233
президента	росії	0.122093
президента	у	0.058140
президента	джо	0.052326
президента	в	0.040698
президента	та	0.034884
президента	на	0.034884
президента	франції	0.034884
президента	і	0.029070
президента	країни	0.029070
президента	з	0.023256
президента	польщі	0.023256
президента	не	0.017442
президента	було	0.017442
президента	про	0.017442
президентом	сша	0.250000
президентом	росії	0.200000
президентом	франції	0.125000
прекрасне	і	1.000000
прибули	до	0.342857
прибули	на	0.285714
прибули	в	0.085714
прив	язані	0.454545
привести	до	0.700000
приготувати	з	0.129032
приготувати	щось	0.096774
призначення	на	0.162791
призначення	а	0.093023
призначення	і	0.069767
прийняти	рішення	0.170732
прийняти	душ	0.073171
прийшов	до	0.288136
прийшов	у	0.118644
прийшов	час	0.118644
прийшов	сюди	0.050847
прийшов	на	0.050847
приклад	того	0.150000
приклад	для	0.100000
приклад	з	0.075000
припинити	війну	0.125000
припинити	вогонь	0.075000
приходити	до	0.272727
причина	чому	0.102564
приємно	що	0.200000
про	це	0.274246
про	те	0.157773
про	взуття	0.027610
про	що	0.017865
про	батьків	0.013689
про	війну	0.011601
про	нібито	0.010673
про	його	0.010441
про	ситуацію	0.010209
про	свої	0.009049
про	свою	0.008817
про	себе	0.008121
про	своє	0.007657
про	роботу	0.007657
про	створення	0.007193
про	початок	0.006961
про	яку	0.006729
про	нього	0.006265
про	них	0.006032
про	які	0.005568
про	допомогу	0.005336
про	смерть	0.004872
про	свій	0.004872
про	звільнення	0.004872
про	неї	0.004640
про	її	0.004640
про	втрати	0.004640
про	наслідки	0.004640
про	плани	0.004640
про	новий	0.004640
про	проблеми	0.004408
про	намір	0.004408
про	атаку	0.003944
про	який	0.003712
про	нові	0.003712
про	причини	0.003712
про	стан	0.003248
про	цей	0.003248
про	розлучення	0.003248
про	захист	0.003248
провели	операцію	0.078125
провели	року	0.062500
провели	в	0.062500
провели	на	0.046875
провели	свій	0.046875
провели	дослідження	0.046875
провели	переговори	0.046875
провели	у	0.046875
проводить	час	0.206897
проводить	розслідування	0.103448
програми	з	0.071429
програми	для	0.053571
програми	які	0.053571
програми	сніданок	0.053571
програми	що	0.053571
продати	свої	0.111111
продати	євро	0.111111
проживання	в	0.260870
проживання	або	0.065217
пройти	через	0.176471
пропозицію	щодо	0.131579
пропозицію	про	0.078947
пропозицію	від	0.078947
пропозицію	на	0.078947
пропустив	цей	0.333333
просили	у	0.214286
простору	для	0.190476
простору	над	0.142857
проте	не	0.042411
проте	за	0.042411
проте	на	0.040179
проте	в	0.033482
проте	у	0.033482
проте	це	0.026786
проте	він	0.024554
проте	є	0.020089
проте	його	0.020089
проте	вона	0.017857
проте	зараз	0.017857
проте	вже	0.017857
проте	йому	0.015625
проте	якщо	0.015625
проте	вони	0.015625
проте	все	0.013393
проте	через	0.011161
проте	їх	0.011161
проте	деякі	0.011161
проте	потім	0.011161
проте	всі	0.011161
проте	незабаром	0.011161
проте	ці	0.011161
проте	як	0.011161
проте	навіть	0.008929
проте	після	0.008929
проте	ми	0.008929
проте	до	0.008929
проте	наразі	0.008929
проте	той	0.006696
проте	для	0.006696
проте	останнім	0.006696
проте	під	0.006696
проте	пізніше	0.006696
проти	росії	0.212963
проти	липня	0.061728
проти	нього	0.055556
проти	нашої	0.052469
проти	війни	0.040123
проти	червня	0.037037
проти	них	0.027778
проти	грудня	0.027778
проти	того	0.021605
проти	тих	0.018519
проти	неї	0.018519
проти	заходу	0.015432
проти	п	0.015432
проти	нас	0.012346
проти	цього	0.012346
проти	допомоги	0.012346
проти	її	0.009259
проти	країни	0.009259
проти	свого	0.009259
проти	задоволення	0.009259
проти	такої	0.009259
проти	двох	0.009259
проти	росіян	0.009259
протягом	минулої	0.158333
протягом	року	0.085417
протягом	останніх	0.068750
протягом	дня	0.068750
протягом	років	0.041667
протягом	двох	0.037500
протягом	останнього	0.035417
протягом	усього	0.033333
протягом	трьох	0.031250
протягом	багатьох	0.027083
протягом	тижня	0.025000
протягом	цього	0.025000
протягом	кількох	0.025000
протягом	днів	0.025000
протягом	годин	0.020833
протягом	ночі	0.018750
протягом	п	0.018750
протягом	семи	0.016667
протягом	місяця	0.016667
протягом	якого	0.014583
протягом	місяців	0.012500
протягом	шести	0.012500
протягом	години	0.010417
протягом	всього	0.010417
протягом	одного	0.010417
протягом	чотирьох	0.010417
протягом	минулого	0.010417
протягом	цієї	0.010417
протягом	червня	0.008333
протягом	наступного	0.008333
протягом	першого	0.006250
протягом	хвилин	0.006250
протягом	пів	0.006250
протягом	тижнів	0.006250
пункт	управління	0.366667
пункт	у	0.050000
пункт	про	0.050000
підвищення	рівня	0.375000
підходить	для	0.431373
підходить	до	0.176471
підходить	як	0.058824
підійти	до	0.444444
підійшов	до	0.750000
пізніше	стало	0.082090
пізніше	ніж	0.074627
пізніше	з	0.067164
пізніше	у	0.052239
пізніше	він	0.044776
пізніше	в	0.044776
пізніше	сказав	0.029851
пізніше	вона	0.029851
пізніше	цього	0.022388
пізніше	вони	0.022388
пізніше	за	0.022388
пізніше	про	0.022388
пізніше	на	0.022388
пісня	про	0.107143
пісні	вона	0.069767
пісні	у	0.069767
пішло	не	0.428571
раду	з	0.375000
раз	на	0.244444
раз	і	0.074074
раз	в	0.074074
раз	у	0.044444
раз	коли	0.037037
раз	це	0.029630
раз	його	0.022222
раз	за	0.022222
рази	на	0.254545
рази	більше	0.163636
рази	з	0.072727
ранок	червня	0.157895
ранок	липня	0.131579
ранок	на	0.078947
ранок	в	0.078947
ранок	у	0.078947
ринок	праці	0.142857
ринок	і	0.081633
ринок	для	0.061224
ритм	життя	0.750000
робили	це	0.093023
робили	все	0.093023
робили	з	0.069767
робили	на	0.069767
робиться	на	0.227273
робиться	все	0.136364
робиться	для	0.136364
робиться	з	0.136364
роботи	з	0.143357
роботи	на	0.076923
роботи	в	0.059441
роботи	та	0.041958
роботи	і	0.041958
роботи	у	0.031469
роботи	над	0.027972
роботи	не	0.020979
роботи	зі	0.017483
роботи	уряду	0.017483
роботи	були	0.017483
роботи	щоб	0.017483
роботи	багато	0.013986
роботи	по	0.013986
роботи	за	0.010490
роботи	а	0.010490
роботи	нашої	0.010490
роботи	сил	0.010490
роботи	із	0.010490
роботи	вже	0.010490
роботу	над	0.096916
роботу	з	0.088106
роботу	в	0.074890
роботу	на	0.052863
роботу	і	0.044053
роботу	у	0.039648
роботу	а	0.022026
роботу	то	0.017621
роботу	за	0.017621
роботу	але	0.017621
роботу	та	0.017621
роботу	сил	0.013216
роботу	по	0.013216
роботу	через	0.013216
роботу	чи	0.013216
роботі	з	0.083333
роботі	на	0.072917
роботі	і	0.062500
роботі	не	0.052083
роботі	над	0.041667
роботі	в	0.031250
родина	з	0.093023
родина	була	0.093023
розповідати	про	0.352941
розумієш	що	0.428571
років	і	0.150746
років	тому	0.140299
років	ув	0.041791
років	у	0.038806
років	з	0.026866
років	після	0.022388
років	та	0.022388
років	за	0.020896
років	а	0.020896
років	в	0.019403
років	до	0.019403
років	він	0.016418
років	на	0.016418
років	не	0.014925
років	коли	0.013433
років	я	0.008955
років	був	0.008955
років	народження	0.008955
років	вона	0.007463
років	була	0.007463
років	для	0.007463
років	вони	0.007463
років	було	0.007463
років	або	0.007463
років	як	0.005970
років	хоча	0.005970
років	що	0.005970
років	її	0.005970
років	фото	0.005970
років	щоб	0.005970
років	війни	0.005970
років	із	0.005970
років	став	0.004478
років	які	0.004478
років	провів	0.004478
років	раніше	0.004478
років	але	0.004478
років	потім	0.004478
років	від	0.004478
років	живуть	0.004478
рук	в	0.125000
рук	зброю	0.093750
рук	і	0.093750
рух	у	0.112903
рух	вперед	0.064516
рух	на	0.064516
рух	до	0.048387
різдво	грудня	0.157895
різдво	в	0.157895
різниця	між	0.454545
рік	тому	0.093023
рік	у	0.061047
рік	і	0.049419
рік	в	0.037791
рік	з	0.037791
рік	після	0.037791
рік	на	0.031977
рік	а	0.029070
рік	до	0.029070
рік	для	0.023256
рік	буде	0.023256
рік	за	0.017442
рік	який	0.017442
рік	фото	0.017442
рік	не	0.017442
рік	війни	0.011628
рік	але	0.011628
рік	як	0.008721
рік	стане	0.008721
рік	ми	0.008721
рік	він	0.008721
рік	є	0.008721
рік	та	0.008721
рік	або	0.008721
рік	від	0.008721
с	та	0.095588
с	на	0.058824
с	і	0.058824
с	а	0.051471
с	у	0.051471
с	з	0.044118
с	які	0.044118
с	по	0.044118
с	вдень	0.036765
с	в	0.036765
с	що	0.029412
с	с	0.029412
с	йдеться	0.022059
с	але	0.022059
с	вище	0.022059
с	до	0.022059
салат	з	0.294118
само	як	0.354430
само	собою	0.075949
само	на	0.037975
своєї	мети	0.080882
своєї	країни	0.066176
своєї	команди	0.066176
своєї	території	0.051471
своєї	армії	0.051471
своєї	дружини	0.044118
своєї	роботи	0.044118
своєї	матері	0.044118
своєї	кар	0.029412
своєї	мрії	0.029412
своєї	цілі	0.029412
своєї	дитини	0.029412
своєї	родини	0.022059
своєї	зірки	0.022059
своєї	зброї	0.022059
своєї	віри	0.022059
своєї	сім	0.022059
своєї	землі	0.022059
своєї	групи	0.022059
своєї	війни	0.022059
своєї	машини	0.022059
світ	не	0.064286
світ	з	0.050000
світ	і	0.050000
світ	у	0.050000
світ	має	0.050000
світ	на	0.042857
світ	повинен	0.021429
світ	вже	0.021429
світ	в	0.021429
світ	за	0.021429
світу	з	0.169903
світу	в	0.097087
світу	і	0.053398
світу	у	0.048544
світу	за	0.048544
світу	на	0.029126
світу	про	0.024272
світу	які	0.024272
світу	сказав	0.019417
світу	не	0.019417
світу	серед	0.019417
світу	та	0.019417
світу	що	0.019417
світу	до	0.014563
сенсу	в	0.250000
серце	і	0.240000
серцем	і	0.333333
сидів	на	0.400000
сил	і	0.141304
сил	та	0.103261
сил	на	0.070652
сил	у	0.070652
сил	для	0.048913
сил	росії	0.043478
сил	які	0.043478
сил	щоб	0.038043
сил	в	0.032609
сил	безпеки	0.027174
сил	за	0.021739
сил	сша	0.021739
сил	франції	0.016304
сил	охорони	0.016304
сина	в	0.075758
сина	і	0.060606
сина	та	0.060606
сина	з	0.060606
сина	у	0.060606
сина	до	0.045455
система	яка	0.090909
сих	пір	1.000000
сказано	в	0.486486
сказано	що	0.229730
сказано	у	0.216216
склад	з	0.103448
склад	у	0.086207
склад	і	0.068966
склад	на	0.068966
склад	та	0.051724
службу	в	0.194444
службу	на	0.125000
службу	до	0.069444
службу	під	0.055556
службу	за	0.055556
службу	у	0.041667
службу	для	0.041667
служити	в	0.235294
смерті	не	0.088235
смерті	йдеться	0.058824
смерті	і	0.044118
сніг	на	0.134615
сніг	а	0.134615
сніг	та	0.115385
сніг	який	0.096154
сніг	вдень	0.057692
сніг	і	0.057692
сніг	з	0.057692
сніг	то	0.057692
собою	і	0.095238
собою	та	0.083333
собою	в	0.059524
собою	право	0.047619
собою	на	0.035714
собою	нові	0.035714
солдат	який	0.176471
союз	і	0.176471
союз	у	0.088235
спить	на	0.214286
сподіваюсь	що	0.555556
сподіваюся	що	0.612903
спокою	і	0.333333
справи	про	0.100000
справи	і	0.070000
справи	з	0.060000
справи	на	0.050000
справи	які	0.050000
справи	та	0.040000
справи	щодо	0.040000
справи	від	0.030000
справи	не	0.030000
справи	за	0.030000
справу	з	0.218750
справу	за	0.125000
справу	проти	0.078125
справу	до	0.062500
справу	та	0.062500
спробувати	свої	0.068182
спробуйте	знайти	0.117647
спробуйте	на	0.088235
спільного	з	0.500000
ставить	під	0.300000
ставить	на	0.150000
ставку	на	0.531915
сталося	в	0.110236
сталося	це	0.102362
сталося	після	0.086614
сталося	у	0.062992
сталося	що	0.047244
сталося	під	0.047244
сталося	на	0.047244
сталося	з	0.039370
сталося	і	0.031496
сталося	через	0.023622
старий	одяг	0.250000
старих	часів	0.444444
стати	на	0.182796
стати	членом	0.075269
стати	частиною	0.053763
стати	більш	0.043011
стати	першим	0.032258
стати	наступним	0.032258
стає	все	0.295082
стає	на	0.065574
стає	дуже	0.049180
стає	зрозуміло	0.049180
створити	умови	0.112360
створити	щось	0.056180
створити	в	0.044944
створити	власну	0.033708
створити	для	0.033708
створити	на	0.033708
створити	нову	0.033708
сторона	не	0.266667
стосовно	того	0.093750
стосунки	з	0.390909
стосунки	та	0.045455
стосунки	в	0.045455
стосунки	зі	0.045455
стосунки	і	0.027273
стосунки	між	0.027273
стосунки	які	0.027273
стосунки	із	0.027273
стояв	за	0.222222
стояв	на	0.166667
стояли	на	0.238095
стояли	в	0.142857
страшно	я	0.166667
страшно	але	0.166667
стріляв	по	0.500000
су	та	0.160714
су	і	0.107143
су	су	0.071429
су	м	0.071429
су	на	0.071429
сумно	що	0.500000
сховатися	від	0.285714
сховатися	у	0.214286
сісти	на	0.318182
сісти	за	0.272727
сісти	в	0.136364
та	інші	0.035105
та	інших	0.028898
та	не	0.025989
та	на	0.025601
та	в	0.022692
та	його	0.021334
та	її	0.019783
та	мар	0.012995
та	у	0.012801
та	з	0.010279
та	ще	0.009891
та	навіть	0.009116
та	вночі	0.009116
та	й	0.008340
та	за	0.007758
та	іншими	0.007370
та	сша	0.006594
та	чи	0.006400
та	інше	0.006206
та	років	0.005818
та	як	0.005625
та	один	0.005237
та	відео	0.004267
та	що	0.004073
та	їхніх	0.003685
та	два	0.003491
та	чотири	0.003491
та	інша	0.003491
та	їх	0.003103
та	багато	0.003103
та	м	0.003103
та	після	0.003103
та	понад	0.003103
та	по	0.002909
та	здоров	0.002909
та	об	0.002909
та	безпеки	0.002715
та	про	0.002715
та	все	0.002521
та	військових	0.002521
таблетки	та	0.333333
такий	спосіб	0.163424
такий	варіант	0.038911
такий	собі	0.035019
такий	же	0.031128
такий	самий	0.031128
такий	сценарій	0.031128
такий	що	0.027237
такий	крок	0.023346
такий	результат	0.023346
такий	режим	0.019455
такий	стиль	0.015564
такий	рівень	0.015564
такий	як	0.015564
такий	подарунок	0.015564
такий	стан	0.015564
такий	процес	0.015564
такий	метод	0.011673
такий	тип	0.011673
такий	відпочинок	0.011673
такий	час	0.011673
такий	великий	0.011673
такий	вже	0.011673
такий	вигляд	0.011673
такий	одяг	0.011673
таку	думку	0.223214
таку	ж	0.133929
таку	можливість	0.071429
таку	заяву	0.071429
таку	інформацію	0.044643
таку	позицію	0.044643
таку	саму	0.035714
таку	ситуацію	0.035714
таку	кількість	0.035714
таку	що	0.035714
таку	велику	0.026786
таку	зброю	0.026786
таку	пропозицію	0.026786
твоє	життя	0.333333
твоєму	житті	0.375000
те	що	0.768728
те	як	0.049346
те	щоб	0.037455
те	чи	0.016052
те	місце	0.010702
те	чого	0.010107
те	чим	0.008918
те	про	0.007134
те	саме	0.007134
те	коли	0.005945
те	які	0.005351
те	ж	0.004756
те	на	0.004162
те	наскільки	0.003567
те	чому	0.003567
те	аби	0.003567
те	скільки	0.002973
те	з	0.002973
те	хто	0.002973
те	яким	0.002378
те	до	0.002378
те	який	0.001784
те	і	0.001784
те	куди	0.001784
те	у	0.001784
те	яку	0.001784
театр	на	0.300000
телефон	який	0.140000
телефон	і	0.120000
телефон	не	0.060000
телефон	та	0.060000
телефон	із	0.060000
типу	х	0.368421
типу	з	0.052632
тисячі	людей	0.174419
тисячі	доларів	0.162791
тисячі	кілометрів	0.081395
тисячі	осіб	0.081395
тисячі	солдатів	0.046512
тисячі	таких	0.034884
тисячі	дітей	0.034884
то	це	0.090764
то	в	0.066083
то	вони	0.062898
то	ми	0.059713
то	вона	0.057325
то	з	0.055732
то	і	0.053344
то	до	0.052548
то	зима	0.048567
то	ідеально	0.046975
то	не	0.015924
то	він	0.014331
то	за	0.011943
то	у	0.011146
то	можна	0.011146
то	й	0.008758
то	я	0.007166
то	вже	0.007166
то	краще	0.005573
то	зараз	0.005573
то	на	0.005573
то	його	0.004777
то	все	0.004777
то	чому	0.004777
то	більше	0.004777
то	ви	0.004777
то	є	0.003981
то	кажуть	0.003981
то	був	0.003981
то	були	0.003185
то	була	0.003185
то	може	0.003185
то	потрібно	0.003185
то	для	0.003185
то	навіть	0.003185
то	всі	0.003185
то	звичайно	0.003185
то	буде	0.003185
то	цей	0.003185
то	відразу	0.002389
тобто	це	0.057915
тобто	в	0.054054
тобто	ми	0.034749
тобто	з	0.030888
тобто	вони	0.027027
тобто	у	0.023166
тобто	за	0.019305
тобто	на	0.019305
тобто	до	0.019305
тобто	не	0.019305
тобто	фактично	0.019305
тобто	якщо	0.019305
тобто	ви	0.015444
тобто	все	0.015444
тобто	він	0.011583
тобто	приблизно	0.011583
тобто	йдеться	0.011583
тобто	там	0.011583
тобто	їх	0.011583
тобто	ці	0.011583
тоді	як	0.116323
тоді	коли	0.086304
тоді	він	0.045028
тоді	у	0.039400
тоді	ми	0.031895
тоді	ж	0.030019
тоді	в	0.020638
тоді	було	0.020638
тоді	вона	0.018762
тоді	це	0.018762
тоді	я	0.016886
тоді	на	0.015009
тоді	буде	0.013133
тоді	ви	0.013133
тоді	його	0.013133
тоді	й	0.011257
тоді	з	0.011257
тоді	за	0.011257
тоді	можна	0.009381
тоді	нам	0.009381
тоді	вже	0.009381
тоді	йому	0.009381
тоді	всі	0.007505
тоді	був	0.007505
тоді	були	0.007505
тоді	її	0.007505
тоді	не	0.007505
тоді	наші	0.007505
тоді	до	0.007505
тоді	про	0.005629
тоді	вам	0.005629
тоді	ситуація	0.005629
тоді	що	0.005629
тоді	багато	0.005629
тоді	і	0.005629
тоді	вони	0.005629
тоді	загинули	0.005629
тоді	ця	0.005629
точку	зору	0.800000
тренування	з	0.172414
третя	дитина	0.214286
три	місяці	0.146417
три	роки	0.143302
три	дні	0.133956
три	тижні	0.068536
три	години	0.040498
три	людини	0.028037
три	знаки	0.024922
три	чотири	0.024922
три	тисячі	0.021807
три	з	0.021807
три	рази	0.018692
три	нові	0.015576
три	лінії	0.012461
три	по	0.009346
три	десятки	0.009346
три	країни	0.009346
три	системи	0.009346
три	очки	0.009346
три	групи	0.009346
три	сотні	0.009346
три	будинки	0.009346
три	в	0.009346
три	особи	0.009346
триває	понад	0.280374
триває	війна	0.074766
триває	вже	0.065421
триває	робота	0.046729
триває	розслідування	0.032710
триває	і	0.032710
триває	в	0.023364
триває	у	0.023364
триває	процес	0.018692
триває	на	0.018692
триває	з	0.014019
триває	але	0.014019
триває	хвилини	0.014019
триває	досі	0.014019
триває	а	0.014019
триматися	у	0.190476
ту	м	0.136364
ту	ж	0.090909
ту	саму	0.090909
ту	яка	0.060606
ту	чи	0.060606
тур	у	0.416667
ті	хто	0.315972
ті	ж	0.079861
ті	що	0.076389
ті	які	0.059028
ті	часи	0.045139
ті	самі	0.038194
ті	люди	0.027778
ті	чи	0.024306
ті	дні	0.020833
ті	у	0.013889
ті	не	0.010417
ті	країни	0.010417
ті	гроші	0.010417
ті	в	0.010417
ті	події	0.010417
ті	роки	0.010417
уваги	на	0.142857
уваги	і	0.089286
уваги	до	0.089286
увесь	світ	0.260870
увесь	час	0.173913
увесь	цей	0.173913
увійти	до	0.500000
увійти	у	0.250000
удару	по	0.617329
удару	в	0.101083
удару	у	0.021661
удару	біля	0.018051
удару	став	0.010830
удару	загинули	0.010830
удару	і	0.010830
україні	та	0.061953
україні	а	0.060496
україні	у	0.032070
україні	з	0.031341
україні	і	0.030612
україні	буде	0.029155
україні	не	0.028426
україні	на	0.026968
україні	в	0.018222
україні	вже	0.017493
україні	за	0.015306
україні	до	0.012391
україні	ще	0.012391
україні	від	0.012391
україні	потрібно	0.012391
україні	є	0.011662
україні	це	0.011662
україні	було	0.010933
україні	триває	0.010204
україні	фото	0.010204
україні	може	0.008017
україні	але	0.008017
україні	для	0.007289
україні	після	0.006560
україні	щоб	0.006560
україні	зараз	0.006560
україні	можуть	0.005831
україні	більше	0.005831
україні	сказав	0.005831
україні	під	0.005831
україні	будуть	0.005102
україні	вони	0.005102
україні	зброю	0.005102
україні	знову	0.005102
україні	які	0.005102
україні	й	0.004373
україні	дуже	0.004373
україні	крім	0.004373
україні	близько	0.004373
україні	так	0.004373
уникнути	проблем	0.096774
упевнений	що	0.714286
усім	хто	0.228070
усім	що	0.070175
усім	нам	0.052632
усім	а	0.052632
усім	людям	0.052632
усіма	іншими	0.125000
усіма	своїми	0.125000
усіх	хто	0.112500
усіх	своїх	0.062500
усіх	цих	0.050000
усіх	трьох	0.050000
усіх	їх	0.037500
фонд	повернись	0.187500
фонд	у	0.156250
форми	навчання	0.115385
франції	та	0.094340
франції	в	0.056604
франції	у	0.056604
фільм	про	0.136364
фільм	вийшов	0.075758
фільм	має	0.045455
фільм	в	0.045455
фільм	вийде	0.045455
хаос	у	0.444444
хвилини	до	0.090909
хлопчика	з	0.142857
ходила	до	0.375000
хороша	новина	0.333333
хороший	період	0.107143
хотів	би	0.345238
хотів	щоб	0.047619
хотів	зробити	0.035714
хотів	аби	0.035714
хотів	стати	0.035714
хоча	б	0.129338
хоча	й	0.053628
хоча	в	0.047319
хоча	це	0.047319
хоча	і	0.031546
хоча	він	0.025237
хоча	вони	0.022082
хоча	на	0.022082
хоча	у	0.018927
хоча	я	0.015773
хоча	раніше	0.012618
хоча	деякі	0.012618
хоча	як	0.012618
хоча	про	0.009464
хоча	є	0.009464
хоча	багато	0.009464
хоча	ще	0.009464
хоча	вона	0.009464
хоча	жінки	0.009464
хоча	з	0.009464
хоча	за	0.009464
хоча	ми	0.009464
хоча	україні	0.009464
хочемо	щоб	0.351852
хочемо	зробити	0.055556
хочеться	щоб	0.228571
хочеться	мати	0.085714
хочуть	щоб	0.126866
хочуть	бути	0.044776
хочуть	зробити	0.029851
хочуть	аби	0.022388
хочуть	вони	0.022388
хочуть	отримати	0.022388
цей	день	0.446375
цей	час	0.126888
цей	період	0.034743
цей	момент	0.024924
цей	процес	0.024924
цей	рік	0.017372
цей	крок	0.010574
цей	же	0.009819
цей	тиждень	0.009819
цей	варіант	0.009063
цей	випадок	0.007553
цей	термін	0.006798
цей	шлях	0.006798
цей	місяць	0.006042
цей	злочин	0.006042
цей	метод	0.006042
цей	вид	0.006042
цей	район	0.006042
цей	факт	0.006042
цей	раз	0.004532
цей	чоловік	0.004532
цей	колір	0.004532
цей	вибір	0.004532
цей	об	0.004532
цей	світ	0.004532
цей	матеріал	0.004532
цей	продукт	0.004532
цей	план	0.004532
цей	бій	0.004532
цей	пункт	0.003776
цей	літак	0.003776
цей	результат	0.003776
цей	удар	0.003776
цей	режим	0.003776
цей	камінь	0.003776
цей	корабель	0.003021
цей	курс	0.003021
цей	захід	0.003021
цей	напад	0.003021
цей	рецепт	0.003021
центру	сил	0.170732
центру	з	0.097561
центру	міста	0.085366
центру	у	0.060976
центру	в	0.048780
центру	дослідження	0.036585
церкви	і	0.100000
церкви	святого	0.100000
церкви	з	0.075000
церкви	в	0.075000
церкви	а	0.075000
церкви	на	0.075000
цю	дату	0.240000
цю	інформацію	0.091429
цю	війну	0.074286
цю	тему	0.051429
цю	ситуацію	0.045714
цю	проблему	0.037143
цю	історію	0.031429
цю	позицію	0.022857
цю	ідею	0.017143
цю	хвилину	0.017143
цю	заяву	0.017143
цю	ж	0.014286
цю	країну	0.014286
цю	зброю	0.014286
цю	частину	0.011429
цю	можливість	0.011429
цю	суму	0.011429
цю	справу	0.011429
цю	людину	0.011429
цю	угоду	0.011429
цю	мить	0.011429
цю	операцію	0.008571
цю	жінку	0.008571
цю	атаку	0.008571
цій	війні	0.276423
цій	справі	0.113821
цій	ситуації	0.105691
цій	країні	0.097561
цій	зустрічі	0.032520
цій	позиції	0.032520
цій	частині	0.032520
цій	історії	0.024390
цій	грі	0.024390
цій	же	0.024390
цікавить	лише	0.166667
цікаво	що	0.571429
цікаво	дізнатися	0.032967
часи	коли	0.216216
часи	з	0.108108
частина	з	0.152000
частина	населення	0.032000
частина	цієї	0.032000
частина	людей	0.032000
частина	нових	0.024000
частина	цих	0.024000
частина	його	0.024000
чекати	на	0.344262
чекати	поки	0.114754
чекати	від	0.065574
чекають	на	0.338462
чекають	нові	0.076923
чекаємо	на	0.500000
чесно	кажучи	0.407407
чим	більше	0.119760
чим	довше	0.047904
чим	вона	0.035928
чим	саме	0.035928
чим	він	0.035928
чим	же	0.029940
чим	далі	0.023952
чим	швидше	0.023952
чим	і	0.023952
чим	усе	0.023952
чим	ближче	0.023952
чим	менше	0.017964
чим	займається	0.017964
чим	раніше	0.017964
чим	ви	0.017964
чим	її	0.017964
чим	можна	0.017964
чим	вище	0.017964
чоловіка	який	0.134409
чоловіка	та	0.069892
чоловіка	на	0.053763
чоловіка	і	0.043011
чоловіка	у	0.043011
чоловіка	з	0.043011
чоловіка	за	0.032258
чоловіка	в	0.026882
чоловіка	не	0.026882
чоловіка	але	0.026882
чоловіка	до	0.026882
чоловіка	що	0.016129
чоловіка	адже	0.016129
чоловіка	є	0.016129
чотири	роки	0.184932
чотири	місяці	0.164384
чотири	людини	0.061644
чотири	рази	0.061644
чотири	години	0.047945
чотири	дні	0.047945
чотири	п	0.027397
чотири	тижні	0.027397
чотири	особи	0.027397
чотири	по	0.020548
чотири	у	0.020548
чотири	з	0.020548
чути	звуки	0.200000
шанси	на	0.483871
швидко	і	0.104348
швидко	як	0.069565
швидко	та	0.060870
швидко	ми	0.034783
швидко	бо	0.034783
швидко	не	0.026087
швидку	смерть	0.250000
швидку	допомогу	0.250000
шиї	та	0.272727
шлях	до	0.316832
шлях	для	0.079208
шлях	від	0.059406
шлях	який	0.039604
шлях	в	0.039604
шлях	і	0.029703
шлях	за	0.029703
шлях	у	0.029703
шукають	нові	0.107143
шість	місяців	0.223684
шість	років	0.144737
шість	разів	0.065789
шість	годин	0.065789
шість	осіб	0.039474
шість	мільйонів	0.039474
шість	людей	0.039474
шість	тижнів	0.039474
щасливого	різдва	0.500000
ють	по	0.346154
ють	на	0.153846
явився	на	0.246377
явився	в	0.086957
явився	новий	0.086957
явився	у	0.057971
явився	перед	0.043478
явився	ще	0.043478
явився	до	0.043478
являється	в	0.210526
являється	на	0.210526
язаний	з	0.428571
язаний	із	0.204082
язаний	зі	0.061224
язані	з	0.554545
язані	із	0.090909
язані	до	0.045455
язати	проблему	0.200000
язку	з	0.613953
язку	зі	0.065116
язку	із	0.055814
язку	та	0.051163
язку	на	0.023256
язку	між	0.018605
язку	і	0.013953
якась	частина	0.142857
яким	чином	0.086705
яким	буде	0.086705
яким	ми	0.052023
яким	він	0.046243
яким	у	0.028902
яким	я	0.028902
яким	не	0.023121
яким	вона	0.023121
яким	в	0.023121
яким	вони	0.023121
яким	вдалося	0.017341
яким	може	0.017341
яким	ви	0.017341
яким	ти	0.017341
яким	мільйонів	0.017341
яким	можна	0.017341
яким	дозволено	0.017341
яких	не	0.040084
яких	є	0.037975
яких	було	0.031646
яких	вони	0.023207
яких	можна	0.023207
яких	він	0.021097
яких	вже	0.021097
яких	вона	0.021097
яких	ми	0.018987
яких	і	0.018987
яких	видно	0.018987
яких	я	0.016878
яких	були	0.016878
яких	в	0.014768
яких	немає	0.014768
яких	ви	0.014768
яких	обставин	0.012658
яких	будуть	0.012658
яких	у	0.012658
яких	була	0.010549
яких	був	0.010549
яких	із	0.010549
яких	зараз	0.010549
яких	на	0.010549
яких	може	0.010549
яких	ще	0.008439
яких	потрібно	0.008439
яких	умовах	0.008439
яких	з	0.008439
яких	можуть	0.008439
яких	двоє	0.008439
яких	п	0.006329
яких	уже	0.006329
яких	дитина	0.006329
яких	жінки	0.006329
яких	два	0.006329
яких	інших	0.006329
яких	за	0.006329
яких	троє	0.006329
яких	також	0.006329
якого	є	0.047794
якого	було	0.036765
якого	може	0.025735
якого	він	0.025735
якого	ми	0.025735
якого	з	0.022059
якого	не	0.022059
якого	вона	0.022059
якого	загинули	0.018382
якого	в	0.018382
якого	на	0.018382
якого	за	0.018382
якого	була	0.014706
якого	називають	0.014706
якого	у	0.014706
якого	буде	0.014706
якого	вони	0.014706
якого	можна	0.011029
якого	будуть	0.011029
якого	знайшли	0.011029
якого	типу	0.011029
якості	та	0.195652
якості	і	0.065217
якою	буде	0.142857
якою	вони	0.054945
якою	зброєю	0.043956
якою	вона	0.032967
якою	керує	0.032967
якою	мовою	0.032967
якою	ви	0.032967
якої	є	0.051948
якої	зброї	0.032468
якої	вони	0.025974
якої	іншої	0.025974
якої	він	0.025974
якої	буде	0.025974
якої	можна	0.025974
якої	не	0.025974
якої	було	0.025974
якої	загинули	0.019481
якої	ви	0.019481
якраз	на	0.100000
якраз	в	0.100000
якраз	і	0.060000
яку	він	0.071259
яку	вони	0.064133
яку	я	0.042755
яку	ми	0.038005
яку	ви	0.033254
яку	можна	0.033254
яку	не	0.030879
яку	розв	0.023753
яку	вона	0.023753
яку	було	0.021378
яку	називають	0.019002
яку	ціну	0.016627
яку	саме	0.014252
яку	нам	0.014252
яку	йому	0.011876
яку	вже	0.009501
яку	веде	0.009501
яку	інформацію	0.009501
яку	необхідно	0.009501
яку	раніше	0.009501
яку	в	0.009501
яку	кількість	0.009501
яку	треба	0.007126
яку	спочатку	0.007126
яку	потрібно	0.007126
яку	можуть	0.007126
яку	іншу	0.007126
яку	допомогу	0.007126
яку	її	0.007126
яку	на	0.007126
яку	за	0.007126
яку	отримали	0.007126
яку	ще	0.007126
яку	постійно	0.007126
якусь	мить	0.125000
якусь	частину	0.125000
якій	він	0.063830
якій	вдалося	0.042553
якій	я	0.042553
якій	з	0.035461
якій	формі	0.028369
якій	вони	0.028369
якій	країні	0.028369
якій	вона	0.021277
якій	належить	0.021277
якій	зараз	0.021277
якій	будуть	0.021277
якій	ситуації	0.021277
якій	іншій	0.021277
якісь	дії	0.595960
якісь	там	0.030303
ям	які	0.100000
ям	і	0.075000
ям	з	0.075000
ям	у	0.075000
ясно	і	0.604651
ясно	що	0.093023
ятницю	грудня	0.127273
ятницю	червня	0.109091
ятницю	в	0.109091
ятницю	липня	0.109091
ятницю	буде	0.090909
ятницю	і	0.054545
ятницю	у	0.054545
єю	і	0.250000
ігри	у	0.185185
ігри	на	0.185185
іде	на	0.294118
ідею	про	0.142857
іншими	словами	0.333333
іншими	людьми	0.300000
іншої	людини	0.131579
іншої	сторони	0.105263
іншої	країни	0.105263
іншої	зброї	0.078947
історію	про	0.131148
історію	з	0.065574
історію	і	0.049180
історію	яка	0.049180
історії	про	0.064103
історії	та	0.064103
історії	з	0.051282
історії	є	0.038462
історії	і	0.038462
історії	не	0.038462
ї	та	0.104762
ї	години	0.076190
ї	з	0.047619
ї	і	0.038095
ї	не	0.028571
їсти	щоб	0.071429
їсти	та	0.047619
їсти	в	0.047619
їсти	не	0.035714
їсти	на	0.035714
їсти	м	0.035714
їхали	з	0.200000
її	словами	0.117450
її	в	0.034396
її	на	0.026007
її	не	0.025168
її	можна	0.023490
її	чоловік	0.022651
її	з	0.021812
її	до	0.017617
її	син	0.014262
її	у	0.012584
її	думку	0.010067
її	життя	0.010067
її	за	0.010067
її	потрібно	0.008389
її	від	0.007550
її	чоловіка	0.007550
її	донька	0.007550
її	вже	0.006711
її	мама	0.006711
її	як	0.006711
її	і	0.006711
її	межами	0.005872
її	обличчя	0.005872
її	мати	0.005872
її	смерті	0.005034
її	брат	0.005034
її	здоров	0.005034
її	ще	0.005034
її	кар	0.004195
її	сина	0.004195
її	батько	0.004195
її	щоб	0.004195
її	батька	0.004195
її	родина	0.004195
її	мамі	0.004195
її	звати	0.004195
її	треба	0.004195
її	території	0.004195
її	матері	0.004195
її	коханий	0.004195
