갈	등	0.237017
갈	수	0.177763
갈	것	0.127830
갈	아	0.047936
갈	라	0.037284
갈	예	0.037284
갈	무	0.035286
갈	때	0.026631
갈	리	0.021305
갈	지	0.017310
갈	전	0.013316
갈	린	0.013316
갈	방	0.011318
갈	이	0.011318
갈	과	0.011318
갈	길	0.009321
갈	비	0.009321
갈	필	0.008655
갈	경	0.007989
갈	채	0.007324
갈	의	0.007324
갈	가	0.006658
갈	매	0.006658
갈	에	0.005992
갈	을	0.005992
갈	은	0.005992
갈	음	0.004660
갈	거	0.004660
갈	정	0.004660
갈	대	0.004660
갈	우	0.004660
갈	고	0.003995
갈	사	0.003329
갈	인	0.002663
갈	준	0.002663
갈	시	0.001997
갈	데	0.001997
갈	자	0.001997
갈	주	0.001997
갈	뿐	0.001997
게	된	0.053642
게	이	0.037308
게	하	0.036237
게	되	0.032399
게	는	0.023920
게	만	0.023563
게	도	0.023474
게	아	0.023206
게	시	0.023206
게	다	0.020975
게	해	0.019725
게	한	0.019100
게	사	0.016958
게	될	0.016423
게	대	0.015262
게	전	0.015173
게	나	0.014995
게	말	0.014191
게	가	0.013656
게	지	0.013388
게	늘	0.010621
게	재	0.010264
게	정	0.009639
게	주	0.009193
게	제	0.009104
게	오	0.008836
게	반	0.008836
게	서	0.008658
게	돼	0.008568
게	자	0.008479
게	인	0.008211
게	공	0.008211
게	그	0.007765
게	일	0.007765
게	진	0.007765
게	비	0.007408
게	바	0.007140
게	중	0.007140
게	소	0.007140
게	여	0.006694
경	제	0.229684
경	우	0.210876
경	영	0.074926
경	을	0.035981
경	이	0.028519
경	고	0.026372
경	에	0.026372
경	호	0.018808
경	선	0.018501
경	부	0.016968
경	과	0.016559
경	위	0.012164
경	은	0.011960
경	로	0.010324
경	사	0.009915
경	의	0.009506
경	상	0.008893
경	비	0.008586
경	매	0.008586
경	하	0.008484
경	으	0.008382
경	주	0.008075
경	신	0.008075
경	정	0.007973
경	수	0.006133
경	안	0.005724
경	전	0.005520
경	미	0.005520
경	인	0.005213
경	지	0.005213
경	한	0.004804
경	도	0.004191
경	차	0.004191
경	등	0.004089
경	대	0.003680
경	적	0.003578
경	개	0.003475
경	시	0.003169
경	단	0.002964
경	질	0.002862
곳	에	0.295584
곳	이	0.183377
곳	곳	0.096623
곳	을	0.086753
곳	은	0.076883
곳	으	0.065974
곳	의	0.047273
곳	도	0.023377
곳	중	0.014545
곳	과	0.011429
곳	가	0.009351
곳	등	0.008312
곳	뿐	0.005714
곳	인	0.005195
곳	만	0.004675
곳	들	0.003636
곳	저	0.003636
곳	주	0.003117
곳	하	0.003117
곳	간	0.002597
곳	마	0.002597
곳	사	0.002597
곳	입	0.002597
곳	일	0.002597
곳	수	0.002078
곳	전	0.002078
곳	서	0.002078
곳	늘	0.001558
곳	부	0.001558
곳	포	0.001558
곳	총	0.001558
곳	초	0.001558
곳	고	0.001558
긴	장	0.211221
긴	다	0.139714
긴	것	0.078108
긴	하	0.063806
긴	어	0.036304
긴	사	0.023102
긴	시	0.022002
긴	이	0.018702
긴	한	0.018702
긴	뒤	0.013201
긴	가	0.012101
긴	상	0.012101
긴	건	0.012101
긴	영	0.012101
긴	여	0.012101
긴	요	0.009901
긴	문	0.007701
긴	지	0.007701
긴	글	0.006601
긴	공	0.006601
긴	일	0.006601
긴	정	0.006601
긴	수	0.006601
긴	대	0.006601
긴	데	0.006601
긴	그	0.005501
긴	줄	0.005501
긴	호	0.005501
긴	해	0.005501
긴	채	0.005501
긴	통	0.005501
긴	아	0.004400
긴	거	0.004400
긴	점	0.004400
긴	미	0.004400
긴	머	0.004400
긴	마	0.004400
긴	현	0.004400
긴	나	0.004400
긴	힘	0.004400
꽃	이	0.144444
꽃	을	0.116667
꽃	게	0.072222
꽃	피	0.050000
꽃	놀	0.050000
꽃	길	0.050000
꽃	과	0.044444
꽃	가	0.044444
꽃	의	0.033333
꽃	으	0.033333
꽃	은	0.027778
꽃	무	0.027778
꽃	다	0.027778
꽃	장	0.022222
꽃	집	0.016667
꽃	샘	0.016667
꿈	을	0.385714
꿈	이	0.114286
꿈	에	0.095238
꿈	과	0.090476
꿈	나	0.047619
꿈	은	0.038095
꿈	의	0.038095
꿈	도	0.038095
꿈	한	0.028571
꿈	시	0.023810
나	라	0.058941
나	타	0.058048
나	온	0.052795
나	는	0.046806
나	오	0.045072
나	가	0.042603
나	서	0.032255
나	이	0.031204
나	바	0.021958
나	선	0.021381
나	의	0.020645
나	고	0.020330
나	다	0.019489
나	에	0.018964
나	와	0.018439
나	를	0.017598
나	지	0.017336
나	아	0.016390
나	무	0.015812
나	갈	0.015287
나	전	0.014551
나	사	0.012870
나	대	0.012765
나	올	0.011137
나	로	0.010401
나	머	0.010034
나	설	0.009929
나	도	0.009823
나	인	0.008983
나	정	0.008668
나	군	0.007670
나	자	0.007407
나	중	0.006777
나	마	0.006777
나	주	0.006356
나	은	0.006199
나	간	0.005936
나	시	0.005621
나	게	0.005411
나	비	0.005096
날	오	0.184992
날	이	0.045151
날	인	0.037625
날	수	0.034281
날	것	0.025920
날	아	0.024666
날	서	0.022784
날	을	0.020067
날	부	0.019858
날	씨	0.019022
날	두	0.018604
날	경	0.017768
날	에	0.017559
날	자	0.014841
날	로	0.014423
날	대	0.014423
날	공	0.013169
날	밤	0.012751
날	의	0.012542
날	정	0.012333
날	도	0.012124
날	한	0.011079
날	발	0.011079
날	은	0.010870
날	사	0.010452
날	전	0.010452
날	김	0.010242
날	미	0.009615
날	새	0.009406
날	때	0.008988
날	우	0.008570
날	개	0.008361
날	중	0.008361
날	리	0.008152
날	가	0.007943
날	조	0.007734
날	지	0.007734
날	저	0.007107
날	선	0.006062
날	시	0.006062
널	드	0.135447
널	리	0.128242
널	을	0.122478
널	에	0.108069
널	이	0.067723
널	은	0.034582
널	로	0.028818
널	의	0.023055
널	과	0.023055
널	시	0.021614
널	등	0.020173
널	사	0.014409
널	인	0.012968
널	공	0.012968
널	한	0.012968
널	오	0.010086
널	구	0.010086
널	가	0.010086
널	부	0.010086
널	내	0.007205
널	진	0.007205
널	들	0.007205
널	역	0.005764
널	중	0.005764
널	도	0.005764
널	서	0.005764
널	수	0.004323
널	운	0.004323
널	목	0.004323
널	안	0.004323
널	점	0.004323
널	성	0.004323
널	라	0.004323
네	이	0.228571
네	시	0.149388
네	덜	0.076735
네	가	0.035102
네	요	0.033469
네	번	0.031020
네	오	0.026122
네	거	0.021224
네	바	0.020408
네	마	0.017959
네	의	0.016327
네	에	0.016327
네	병	0.015510
네	라	0.015510
네	다	0.014694
네	디	0.013878
네	사	0.013878
네	차	0.013061
네	는	0.012245
네	타	0.012245
네	상	0.012245
네	팔	0.011429
네	수	0.008980
네	그	0.008163
네	를	0.007347
네	로	0.007347
네	아	0.007347
네	소	0.007347
네	온	0.006531
네	자	0.006531
네	일	0.006531
네	살	0.005714
네	벤	0.005714
네	드	0.005714
네	주	0.004898
네	명	0.004898
네	고	0.003265
네	갈	0.003265
네	미	0.003265
네	달	0.002449
넷	에	0.093750
넷	이	0.080357
넷	을	0.080357
넷	은	0.071429
넷	째	0.071429
넷	마	0.062500
넷	매	0.049107
넷	으	0.044643
넷	서	0.031250
넷	제	0.031250
넷	전	0.031250
넷	커	0.026786
넷	사	0.022321
넷	진	0.022321
넷	대	0.017857
넷	도	0.017857
넷	방	0.017857
넷	과	0.017857
넷	포	0.013393
넷	등	0.013393
넷	중	0.013393
넷	의	0.013393
넷	신	0.013393
넷	상	0.013393
넷	쇼	0.013393
넷	선	0.013393
님	이	0.203252
님	의	0.143089
님	들	0.134959
님	을	0.108943
님	은	0.102439
님	과	0.073171
님	도	0.029268
님	에	0.029268
님	으	0.016260
님	한	0.013008
님	등	0.011382
님	오	0.009756
님	사	0.006504
님	말	0.006504
님	앞	0.004878
님	통	0.004878
님	아	0.004878
님	너	0.004878
다	고	0.453044
다	는	0.208527
다	시	0.031304
다	라	0.030493
다	양	0.029838
다	가	0.027509
다	만	0.023530
다	음	0.022483
다	수	0.009737
다	이	0.009658
다	리	0.008690
다	하	0.007564
다	니	0.006177
다	소	0.004895
다	더	0.004659
다	운	0.003743
다	주	0.003455
다	해	0.003429
다	지	0.003350
다	를	0.003298
다	에	0.002827
다	중	0.002774
다	총	0.002696
다	루	0.002277
다	등	0.002120
다	짐	0.002068
다	후	0.002042
다	할	0.002015
다	의	0.001937
다	자	0.001885
다	도	0.001832
다	다	0.001806
다	한	0.001623
다	우	0.001623
다	채	0.001623
다	각	0.001597
다	로	0.001544
다	정	0.001387
다	사	0.001387
다	와	0.001361
댄	다	0.280000
댄	서	0.240000
돼	야	0.221711
돼	지	0.096596
돼	서	0.053358
돼	도	0.023919
돼	온	0.022999
돼	사	0.019319
돼	이	0.019319
돼	전	0.019319
돼	수	0.018399
돼	가	0.016559
돼	주	0.015639
돼	경	0.015639
돼	공	0.014719
돼	현	0.012879
돼	조	0.011960
돼	안	0.009200
돼	다	0.009200
돼	일	0.009200
돼	병	0.009200
돼	요	0.008280
돼	고	0.008280
돼	시	0.008280
돼	영	0.008280
돼	집	0.007360
돼	그	0.007360
돼	정	0.007360
돼	눈	0.007360
돼	오	0.007360
돼	무	0.006440
돼	자	0.006440
돼	하	0.006440
돼	부	0.006440
돼	인	0.006440
돼	소	0.005520
돼	매	0.005520
돼	우	0.005520
돼	한	0.005520
돼	아	0.005520
돼	신	0.005520
돼	라	0.005520
뜻	을	0.338216
뜻	이	0.173103
뜻	한	0.166445
뜻	하	0.111851
뜻	으	0.051931
뜻	에	0.037284
뜻	의	0.018642
뜻	은	0.017310
뜻	도	0.015979
뜻	함	0.013316
뜻	인	0.011984
뜻	해	0.010652
뜻	대	0.007989
뜻	입	0.003995
뜻	공	0.003995
뜻	과	0.003995
로	나	0.084315
로	이	0.036513
로	전	0.031348
로	인	0.028298
로	운	0.027051
로	는	0.021752
로	부	0.021107
로	지	0.020483
로	벌	0.020260
로	서	0.018791
로	가	0.018279
로	그	0.018190
로	알	0.018012
로	한	0.015674
로	구	0.015674
로	도	0.014739
로	예	0.012846
로	확	0.012713
로	사	0.012624
로	하	0.012446
로	대	0.011666
로	만	0.011310
로	시	0.010909
로	자	0.010776
로	제	0.009774
로	의	0.008928
로	진	0.008928
로	정	0.008839
로	돌	0.008705
로	조	0.008349
로	선	0.008305
로	공	0.008282
로	내	0.007971
로	바	0.007703
로	다	0.007614
로	고	0.007347
로	를	0.007258
로	분	0.007080
로	발	0.007080
로	수	0.006902
론	이	0.141339
론	을	0.112646
론	에	0.086433
론	조	0.080057
론	은	0.039320
론	의	0.037194
론	하	0.032235
론	과	0.026922
론	인	0.025505
론	사	0.021962
론	되	0.018774
론	자	0.017003
론	으	0.015940
론	가	0.014169
론	대	0.013107
론	도	0.012752
론	화	0.011690
론	들	0.011335
론	등	0.010981
론	된	0.010627
론	적	0.010273
론	확	0.009919
론	전	0.008502
론	머	0.008502
론	공	0.007439
론	내	0.007439
론	지	0.007085
론	한	0.005313
론	정	0.005313
론	노	0.005313
론	중	0.005313
론	소	0.004959
론	시	0.004605
론	그	0.004605
론	다	0.003897
론	주	0.003897
론	장	0.003542
론	미	0.003542
론	수	0.003542
론	우	0.003542
롭	게	0.651885
롭	고	0.106430
롭	힘	0.077605
롭	지	0.066519
롭	다	0.064302
롭	초	0.006652
롭	혀	0.006652
만	원	0.096507
만	들	0.087322
만	에	0.066594
만	이	0.055052
만	명	0.046350
만	나	0.045625
만	든	0.025079
만	아	0.023266
만	한	0.020244
만	의	0.017706
만	달	0.016920
만	그	0.016679
만	드	0.016074
만	해	0.014503
만	을	0.013597
만	하	0.013536
만	난	0.013536
만	으	0.013295
만	대	0.012509
만	여	0.012328
만	지	0.011542
만	약	0.011300
만	일	0.010273
만	인	0.009427
만	전	0.008944
만	사	0.008702
만	정	0.007856
만	가	0.007614
만	개	0.006224
만	간	0.006164
만	은	0.006043
만	주	0.005922
만	날	0.005378
만	배	0.005318
만	장	0.005197
만	다	0.005076
만	현	0.005016
만	경	0.004955
만	찬	0.004834
만	우	0.004774
맛	을	0.228311
맛	이	0.191781
맛	과	0.109589
맛	집	0.095890
맛	에	0.086758
맛	은	0.036530
맛	의	0.036530
맛	볼	0.027397
맛	비	0.027397
맛	도	0.022831
맛	본	0.022831
맛	나	0.018265
맛	으	0.013699
머	니	0.319914
머	리	0.216391
머	지	0.139468
머	물	0.115744
머	무	0.040978
머	신	0.015097
머	쥐	0.013659
머	드	0.010784
머	로	0.010065
머	라	0.007908
머	의	0.007189
머	들	0.007189
머	를	0.006470
머	피	0.006470
머	문	0.005751
머	와	0.005751
머	님	0.005032
머	나	0.005032
머	금	0.005032
머	는	0.004313
머	가	0.004313
머	에	0.004313
머	병	0.003595
머	너	0.003595
머	시	0.002876
머	노	0.002876
머	우	0.002157
몇	몇	0.118694
몇	년	0.112760
몇	시	0.086053
몇	명	0.071217
몇	가	0.065282
몇	개	0.065282
몇	달	0.056380
몇	주	0.050445
몇	차	0.044510
몇	번	0.035608
몇	백	0.032641
몇	분	0.026706
몇	군	0.014837
몇	발	0.011869
몇	만	0.011869
몇	천	0.011869
몇	단	0.011869
몇	수	0.008902
몇	해	0.008902
몇	점	0.008902
몇	의	0.008902
몇	곳	0.008902
몇	대	0.008902
몸	을	0.235033
몸	에	0.146341
몸	이	0.126386
몸	으	0.057650
몸	의	0.037694
몸	상	0.037694
몸	통	0.033259
몸	속	0.031042
몸	은	0.031042
몸	살	0.026608
몸	짓	0.024390
몸	무	0.024390
몸	과	0.022173
몸	소	0.017738
몸	매	0.017738
몸	집	0.017738
몸	도	0.013304
몸	싸	0.013304
몸	안	0.011086
몸	노	0.011086
몸	만	0.006652
몸	전	0.006652
물	가	0.130035
물	을	0.114488
물	론	0.093816
물	이	0.090459
물	에	0.042049
물	의	0.034099
물	질	0.031449
물	로	0.026678
물	은	0.023322
물	리	0.021555
물	건	0.020671
물	어	0.020318
물	들	0.019965
물	과	0.018375
물	고	0.017314
물	수	0.012191
물	자	0.011837
물	인	0.011131
물	등	0.009894
물	차	0.009717
물	공	0.008481
물	음	0.007774
물	원	0.007774
물	성	0.007774
물	세	0.007597
물	도	0.006890
물	운	0.005830
물	적	0.005477
물	산	0.005477
물	다	0.005300
물	사	0.005124
물	지	0.004770
물	주	0.004594
물	거	0.004240
물	위	0.004064
물	시	0.003710
물	소	0.003710
물	전	0.003710
물	노	0.003710
물	안	0.003534
미	사	0.141494
미	지	0.040707
미	디	0.040427
미	술	0.037198
미	를	0.030460
미	군	0.028495
미	가	0.026390
미	리	0.024424
미	일	0.023863
미	니	0.023021
미	만	0.021898
미	한	0.020354
미	엄	0.020213
미	세	0.017967
미	정	0.016844
미	로	0.015722
미	하	0.015300
미	중	0.013756
미	칠	0.013616
미	는	0.012774
미	의	0.012633
미	오	0.012072
미	어	0.011931
미	에	0.011510
미	친	0.011370
미	나	0.010949
미	대	0.010528
미	다	0.009966
미	시	0.009966
미	널	0.009124
미	안	0.008984
미	수	0.008984
미	상	0.008843
미	성	0.008843
미	공	0.008422
미	소	0.007299
미	경	0.007019
미	주	0.006738
미	드	0.006457
미	노	0.006176
및	사	0.033333
및	전	0.032667
및	지	0.030667
및	시	0.022667
및	공	0.022667
및	수	0.022667
및	대	0.022000
및	인	0.021333
및	자	0.020667
및	재	0.020667
및	가	0.019333
및	정	0.019333
및	운	0.018000
및	주	0.017333
및	소	0.016667
및	비	0.016000
및	이	0.016000
및	경	0.014667
및	안	0.014000
및	상	0.013333
및	제	0.013333
및	서	0.013333
및	배	0.012667
및	신	0.012667
및	중	0.012667
및	일	0.012000
및	한	0.010667
및	투	0.010667
및	미	0.010667
및	노	0.010000
및	구	0.010000
및	방	0.010000
및	산	0.009333
및	단	0.009333
및	부	0.009333
및	개	0.009333
및	성	0.008667
및	영	0.008000
및	조	0.008000
및	무	0.008000
바	이	0.408221
바	로	0.131361
바	라	0.063071
바	란	0.061983
바	다	0.051327
바	일	0.038278
바	지	0.014137
바	는	0.012397
바	가	0.011962
바	에	0.011744
바	타	0.010439
바	리	0.009352
바	우	0.008917
바	나	0.008047
바	의	0.007829
바	위	0.007395
바	키	0.006742
바	마	0.006742
바	운	0.006525
바	디	0.005002
바	구	0.004785
바	바	0.004785
바	를	0.004567
바	꿈	0.004350
바	게	0.004132
바	와	0.003915
바	그	0.003697
바	오	0.003480
바	니	0.003262
바	늘	0.003045
바	백	0.003045
바	코	0.002827
바	사	0.002610
바	도	0.002175
바	야	0.002175
바	예	0.002175
바	인	0.001957
바	초	0.001957
바	대	0.001957
바	시	0.001957
벌	어	0.159218
벌	이	0.103352
벌	금	0.066574
벌	법	0.048883
벌	을	0.047952
벌	인	0.047486
벌	써	0.035847
벌	등	0.026071
벌	공	0.023743
벌	경	0.023277
벌	시	0.021881
벌	하	0.019553
벌	여	0.017225
벌	리	0.015363
벌	에	0.014432
벌	해	0.012104
벌	대	0.011639
벌	의	0.010708
벌	은	0.010242
벌	전	0.010242
벌	사	0.009311
벌	일	0.009311
벌	할	0.008845
벌	로	0.008380
벌	가	0.006983
벌	타	0.006983
벌	정	0.005587
벌	과	0.005587
벌	거	0.005121
벌	진	0.005121
벌	반	0.005121
벌	주	0.005121
벌	위	0.004655
벌	화	0.004655
벌	아	0.004655
벌	포	0.004190
벌	한	0.004190
벌	지	0.004190
벌	수	0.004190
벌	적	0.004190
법	원	0.112341
법	무	0.076410
법	을	0.070042
법	인	0.060036
법	이	0.058824
법	안	0.055185
법	적	0.049727
법	에	0.047908
법	위	0.047301
법	제	0.035324
법	개	0.034870
법	정	0.031534
법	은	0.027896
법	으	0.026683
법	과	0.025318
법	상	0.024712
법	의	0.019557
법	사	0.018344
법	시	0.013948
법	조	0.013038
법	리	0.009703
법	등	0.009400
법	형	0.008187
법	도	0.007732
법	재	0.007732
법	대	0.006519
법	부	0.006519
법	한	0.005458
법	소	0.005306
법	하	0.005003
법	절	0.003335
법	경	0.003335
법	예	0.002729
법	집	0.002426
법	전	0.002426
법	화	0.002426
법	수	0.002274
법	일	0.002274
법	성	0.002274
법	공	0.002122
벨	라	0.354978
벨	리	0.082251
벨	상	0.073593
벨	이	0.069264
벨	로	0.043290
벨	의	0.034632
벨	문	0.034632
벨	에	0.034632
벨	을	0.034632
벨	경	0.025974
벨	고	0.021645
벨	은	0.017316
벨	제	0.012987
볼	수	0.299674
볼	로	0.157980
볼	것	0.047231
볼	때	0.043974
볼	만	0.042345
볼	거	0.037459
볼	넷	0.037459
볼	필	0.035831
볼	을	0.030945
볼	루	0.022801
볼	리	0.019544
볼	예	0.017915
볼	일	0.011401
볼	은	0.011401
볼	네	0.009772
볼	지	0.008143
볼	가	0.008143
볼	의	0.008143
볼	여	0.006515
볼	게	0.006515
볼	이	0.006515
볼	경	0.006515
볼	에	0.004886
볼	뿐	0.004886
볼	판	0.004886
볼	코	0.004886
빼	앗	0.211538
빼	돌	0.197115
빼	고	0.187500
빼	곡	0.062500
빼	는	0.057692
빼	낸	0.038462
빼	어	0.033654
빼	빼	0.028846
빼	로	0.028846
빼	내	0.019231
빼	라	0.019231
빼	주	0.014423
빼	서	0.014423
사	를	0.081903
사	에	0.059657
사	는	0.050838
사	건	0.045527
사	이	0.045127
사	가	0.044993
사	고	0.043557
사	진	0.041653
사	일	0.034338
사	의	0.030363
사	들	0.022780
사	장	0.021378
사	와	0.020442
사	하	0.020041
사	무	0.019073
사	전	0.018806
사	로	0.018739
사	과	0.017002
사	한	0.015465
사	랑	0.015298
사	상	0.013962
사	라	0.012259
사	인	0.011991
사	적	0.011791
사	자	0.010889
사	법	0.010756
사	우	0.009219
사	정	0.008818
사	위	0.008785
사	등	0.008518
사	원	0.008384
사	대	0.008351
사	안	0.008117
사	도	0.007983
사	중	0.007616
사	사	0.007349
사	드	0.006547
사	소	0.005311
사	할	0.005077
사	시	0.004877
살	아	0.174444
살	인	0.108889
살	이	0.097778
살	해	0.097222
살	고	0.067222
살	리	0.041667
살	피	0.041667
살	을	0.033889
살	사	0.024444
살	만	0.018333
살	에	0.015556
살	상	0.015556
살	다	0.012778
살	로	0.012778
살	라	0.011667
살	하	0.011111
살	때	0.010000
살	의	0.010000
살	포	0.009444
살	지	0.008889
살	된	0.008333
살	은	0.007778
살	과	0.007222
살	예	0.007222
살	자	0.006111
살	게	0.006111
살	공	0.005000
살	한	0.005000
살	수	0.005000
살	바	0.005000
살	린	0.004444
살	소	0.004444
살	시	0.003889
살	구	0.003889
살	미	0.003889
살	필	0.003333
살	어	0.003333
살	것	0.003333
살	핀	0.003333
살	장	0.002778
서	울	0.114129
서	는	0.084923
서	도	0.055459
서	비	0.040753
서	열	0.033141
서	이	0.028946
서	지	0.015509
서	가	0.014706
서	를	0.014370
서	한	0.014085
서	의	0.013826
서	대	0.013645
서	다	0.011366
서	사	0.011237
서	정	0.010719
서	발	0.010641
서	일	0.009916
서	우	0.009787
서	에	0.009735
서	로	0.009683
서	전	0.009632
서	부	0.009476
서	자	0.009269
서	시	0.009166
서	그	0.009114
서	제	0.009088
서	만	0.008803
서	나	0.008751
서	해	0.008648
서	공	0.008208
서	고	0.008156
서	경	0.008078
서	구	0.007716
서	인	0.007690
서	방	0.007379
서	서	0.006861
서	수	0.006551
서	진	0.006136
서	초	0.006136
서	오	0.006136
선	거	0.108045
선	수	0.088699
선	을	0.063075
선	인	0.057746
선	후	0.039495
선	이	0.036648
선	에	0.035772
선	정	0.034239
선	고	0.027303
선	대	0.024456
선	의	0.019346
선	발	0.018762
선	물	0.017010
선	자	0.015915
선	다	0.014455
선	전	0.013287
선	도	0.012776
선	제	0.012703
선	진	0.012265
선	과	0.012192
선	하	0.012046
선	호	0.011389
선	은	0.011316
선	해	0.010585
선	사	0.009928
선	으	0.009928
선	별	0.008468
선	것	0.007738
선	한	0.007227
선	지	0.007008
선	안	0.006643
선	시	0.006643
선	두	0.006351
선	주	0.006059
선	포	0.005840
선	경	0.005840
선	방	0.005767
선	공	0.005621
선	순	0.005475
선	적	0.005402
설	명	0.333919
설	을	0.073575
설	이	0.054645
설	에	0.053864
설	정	0.036885
설	비	0.027713
설	은	0.023614
설	하	0.023029
설	과	0.022053
설	사	0.020492
설	문	0.018735
설	등	0.017760
설	의	0.016784
설	것	0.014442
설	로	0.013076
설	수	0.012881
설	한	0.011514
설	현	0.011319
설	가	0.010929
설	해	0.009173
설	전	0.007416
설	공	0.007221
설	물	0.007221
설	도	0.007026
설	리	0.007026
설	위	0.006245
설	적	0.006050
설	인	0.005660
설	예	0.005464
설	경	0.005269
설	중	0.004879
설	산	0.004684
설	된	0.004489
설	자	0.004294
설	악	0.003903
설	할	0.003708
설	노	0.003708
설	부	0.002927
설	주	0.002927
설	지	0.002732
쉬	운	0.357447
쉬	는	0.114894
쉬	워	0.097872
쉬	지	0.068085
쉬	고	0.059574
쉬	어	0.042553
쉬	시	0.038298
쉬	울	0.025532
쉬	우	0.017021
쉬	마	0.012766
쉬	나	0.012766
시	아	0.130452
시	간	0.108187
시	장	0.094131
시	설	0.037166
시	에	0.032164
시	대	0.025541
시	한	0.024202
시	는	0.023744
시	키	0.022018
시	하	0.021666
시	가	0.018671
시	지	0.017650
시	위	0.016980
시	도	0.016910
시	절	0.014514
시	의	0.013211
시	를	0.012929
시	각	0.012365
시	리	0.011449
시	점	0.010146
시	사	0.009758
시	다	0.009124
시	공	0.008842
시	부	0.008561
시	로	0.007856
시	정	0.007363
시	이	0.007151
시	상	0.007010
시	선	0.007010
시	주	0.006799
시	와	0.006658
시	인	0.006482
시	경	0.006200
시	내	0.005742
시	해	0.005672
시	중	0.005672
시	적	0.005566
시	신	0.005143
시	할	0.005073
시	된	0.005002
악	화	0.148521
악	하	0.130271
악	의	0.076149
악	한	0.070485
악	을	0.047199
악	이	0.029578
악	수	0.028949
악	성	0.027061
악	영	0.025802
악	산	0.022026
악	할	0.022026
악	재	0.021397
악	과	0.020138
악	해	0.020138
악	구	0.019509
악	에	0.016362
악	순	0.016362
악	가	0.015104
악	마	0.013216
악	단	0.011957
악	된	0.011328
악	되	0.011328
악	인	0.009440
악	명	0.008811
악	시	0.008181
악	중	0.008181
악	지	0.007552
악	대	0.006923
악	으	0.006293
악	어	0.006293
악	은	0.006293
악	적	0.005664
악	원	0.005664
악	방	0.005664
악	장	0.005035
악	역	0.005035
악	경	0.005035
악	도	0.004405
악	공	0.004405
악	전	0.004405
앗	아	0.265625
앗	을	0.109375
앗	는	0.093750
앗	이	0.093750
앗	은	0.078125
앗	길	0.062500
앗	긴	0.062500
앗	으	0.046875
앗	고	0.046875
앗	수	0.046875
야	한	0.410097
야	하	0.134021
야	할	0.099151
야	에	0.034718
야	구	0.032141
야	가	0.020012
야	의	0.019406
야	간	0.014099
야	만	0.012583
야	말	0.012280
야	는	0.011674
야	를	0.010461
야	마	0.009551
야	지	0.009248
야	해	0.007429
야	시	0.007126
야	되	0.006822
야	된	0.006064
야	대	0.006064
야	전	0.004851
야	드	0.004851
야	라	0.004700
야	수	0.004093
야	별	0.003790
야	산	0.003487
야	이	0.003335
야	사	0.003335
야	정	0.003184
야	원	0.003184
야	될	0.002881
야	자	0.002881
야	공	0.002426
야	다	0.002426
야	로	0.002274
야	경	0.002274
야	와	0.002274
야	나	0.002122
야	후	0.002122
야	인	0.001971
야	금	0.001971
양	한	0.198006
양	성	0.064407
양	이	0.048455
양	을	0.030508
양	의	0.029113
양	도	0.028315
양	자	0.026520
양	산	0.024925
양	시	0.022931
양	조	0.021735
양	수	0.020937
양	하	0.020339
양	주	0.019143
양	에	0.019143
양	가	0.018345
양	상	0.015753
양	경	0.015155
양	대	0.014556
양	해	0.014158
양	새	0.013958
양	은	0.013958
양	지	0.013759
양	병	0.011167
양	사	0.010369
양	형	0.010369
양	쪽	0.010369
양	과	0.010169
양	전	0.009172
양	구	0.007777
양	으	0.007777
양	화	0.007378
양	호	0.007378
양	천	0.007378
양	소	0.007378
양	재	0.006780
양	질	0.006780
양	제	0.006580
양	양	0.006580
양	방	0.006381
양	적	0.005783
엄	마	0.284107
엄	중	0.151899
엄	정	0.075949
엄	을	0.039381
엄	이	0.030942
엄	벌	0.028129
엄	선	0.023910
엄	에	0.021097
엄	한	0.019691
엄	지	0.016878
엄	은	0.014065
엄	포	0.012658
엄	의	0.012658
엄	아	0.012658
엄	과	0.011252
엄	두	0.011252
엄	원	0.011252
엄	군	0.009845
엄	단	0.009845
엄	호	0.009845
엄	수	0.009845
엄	사	0.008439
엄	하	0.007032
엄	상	0.007032
엄	라	0.007032
엄	쳐	0.005626
엄	신	0.005626
엄	성	0.005626
엄	제	0.005626
엄	인	0.005626
엄	으	0.005626
엄	소	0.005626
엄	리	0.005626
엄	대	0.004219
엄	도	0.004219
엄	전	0.004219
엄	폐	0.004219
엄	경	0.004219
엄	해	0.004219
엄	폰	0.004219
에	서	0.356636
에	대	0.104957
에	게	0.058405
에	는	0.048817
에	도	0.037530
에	이	0.024557
에	나	0.017046
에	선	0.013512
에	너	0.010775
에	참	0.010573
에	가	0.008469
에	의	0.007228
에	비	0.006810
에	올	0.006217
에	사	0.006082
에	들	0.006015
에	걸	0.005543
에	오	0.005219
에	불	0.005097
에	달	0.005084
에	그	0.005071
에	어	0.005030
에	전	0.004949
에	공	0.004922
에	만	0.004666
에	반	0.004639
에	한	0.004329
에	적	0.004288
에	제	0.004288
에	미	0.004207
에	다	0.004100
에	해	0.003938
에	지	0.003924
에	집	0.003924
에	시	0.003830
에	위	0.003789
에	주	0.003762
에	부	0.003749
에	진	0.003533
에	정	0.003466
여	성	0.125174
여	부	0.059276
여	야	0.051372
여	하	0.046993
여	자	0.046566
여	전	0.044110
여	명	0.044110
여	론	0.043789
여	의	0.039731
여	주	0.038983
여	사	0.036527
여	한	0.027769
여	가	0.025206
여	준	0.018904
여	지	0.017623
여	개	0.017623
여	건	0.015593
여	해	0.014952
여	를	0.014205
여	할	0.013564
여	대	0.013350
여	왕	0.011214
여	서	0.010360
여	년	0.010253
여	만	0.009933
여	다	0.009399
여	정	0.009078
여	수	0.007476
여	원	0.006729
여	는	0.006408
여	인	0.004913
여	분	0.004593
여	드	0.004486
여	줄	0.004272
여	도	0.004272
여	진	0.004165
여	일	0.003738
여	금	0.003738
여	신	0.003418
여	곳	0.003418
옆	에	0.481928
옆	집	0.102410
옆	으	0.096386
옆	을	0.036145
옆	자	0.036145
옆	방	0.024096
옆	구	0.024096
옆	사	0.018072
옆	도	0.018072
옛	날	0.222222
옛	소	0.128205
옛	말	0.059829
옛	문	0.034188
옛	집	0.034188
옛	현	0.034188
옛	사	0.025641
옛	한	0.025641
옛	전	0.025641
옛	미	0.025641
옛	길	0.025641
옛	신	0.025641
온	다	0.274829
온	라	0.193748
온	이	0.049170
온	것	0.037447
온	도	0.035493
온	은	0.028981
온	전	0.022794
온	사	0.011723
온	오	0.011723
온	을	0.009443
온	가	0.008466
온	몸	0.008141
온	뒤	0.008141
온	에	0.007815
온	상	0.007815
온	난	0.007489
온	정	0.006513
온	대	0.006187
온	과	0.006187
온	아	0.005861
온	그	0.005536
온	의	0.005536
온	건	0.005210
온	적	0.005210
온	김	0.004884
온	한	0.004884
온	수	0.004884
온	경	0.004884
온	만	0.004559
온	인	0.004559
온	제	0.004559
온	시	0.004233
온	지	0.004233
온	하	0.003908
온	통	0.003908
온	조	0.003908
온	마	0.003582
온	고	0.003582
온	차	0.003256
온	데	0.003256
옷	을	0.454545
옷	이	0.076923
옷	차	0.062937
옷	과	0.055944
옷	가	0.041958
옷	장	0.041958
옷	만	0.020979
옷	은	0.020979
옷	들	0.020979
옷	도	0.020979
옷	으	0.020979
옷	에	0.020979
왜	곡	0.200669
왜	이	0.137124
왜	그	0.043478
왜	우	0.033445
왜	지	0.030100
왜	나	0.026756
왜	안	0.023411
왜	란	0.020067
왜	저	0.016722
왜	하	0.016722
왜	정	0.013378
왜	사	0.013378
왜	필	0.010033
왜	소	0.010033
왜	한	0.010033
왜	입	0.010033
왜	노	0.010033
왜	여	0.010033
왜	자	0.010033
왜	일	0.010033
왜	적	0.010033
왜	원	0.010033
왜	서	0.010033
왜	아	0.010033
요	하	0.160397
요	구	0.151313
요	한	0.146487
요	가	0.070972
요	금	0.041306
요	인	0.036196
요	성	0.035486
요	일	0.032931
요	소	0.024982
요	양	0.018169
요	건	0.014620
요	리	0.014194
요	라	0.013343
요	원	0.013343
요	를	0.012491
요	도	0.011498
요	시	0.011214
요	해	0.010362
요	자	0.009510
요	는	0.008233
요	할	0.007949
요	로	0.007949
요	에	0.007097
요	지	0.005536
요	법	0.004826
요	와	0.004116
요	등	0.003833
요	정	0.003691
요	사	0.003691
요	대	0.003549
요	미	0.003549
요	의	0.003265
요	이	0.003123
요	예	0.003123
요	타	0.003123
요	약	0.002981
요	될	0.002839
요	되	0.002839
요	공	0.002839
요	내	0.002697
우	리	0.292199
우	선	0.054914
우	주	0.046505
우	는	0.037386
우	가	0.034043
우	수	0.030091
우	에	0.026748
우	디	0.023607
우	고	0.023404
우	를	0.019048
우	드	0.016312
우	조	0.013475
우	자	0.013273
우	상	0.012462
우	로	0.011550
우	이	0.010942
우	도	0.010436
우	루	0.010030
우	의	0.009929
우	지	0.009625
우	위	0.008308
우	울	0.008207
우	폴	0.008105
우	세	0.007801
우	중	0.007497
우	와	0.007497
우	대	0.007497
우	영	0.007194
우	정	0.006788
우	한	0.005775
우	들	0.005572
우	라	0.005572
우	다	0.005370
우	시	0.005370
우	아	0.004863
우	미	0.004863
우	마	0.004762
우	강	0.004458
우	산	0.004357
우	호	0.004357
울	시	0.146051
울	중	0.065361
울	여	0.062380
울	산	0.057058
울	대	0.041090
울	강	0.040026
울	서	0.035342
울	에	0.033851
울	이	0.027890
울	경	0.026826
울	수	0.026400
울	지	0.025974
울	의	0.025122
울	것	0.023632
울	리	0.018522
울	을	0.015329
울	과	0.013839
울	마	0.013413
울	아	0.012774
울	고	0.012561
울	진	0.012348
울	한	0.011923
울	은	0.011497
울	영	0.011497
울	올	0.010858
울	역	0.008729
울	도	0.007877
울	로	0.007664
울	성	0.007452
울	루	0.007452
울	때	0.005535
울	전	0.005535
울	주	0.005110
울	정	0.004897
울	인	0.004897
울	타	0.004684
울	양	0.004471
울	일	0.004258
울	하	0.004258
울	병	0.004258
을	통	0.040067
을	위	0.038790
을	수	0.033280
을	지	0.032331
을	하	0.029612
을	제	0.023062
을	이	0.022716
을	것	0.022533
을	가	0.020490
을	내	0.019596
을	만	0.016330
을	확	0.015892
을	다	0.014943
을	선	0.014122
을	강	0.013502
을	대	0.013410
을	마	0.013410
을	발	0.013155
을	전	0.012973
을	거	0.012936
을	주	0.012863
을	때	0.012279
을	고	0.012097
을	시	0.011896
을	공	0.011257
을	비	0.010838
을	해	0.010692
을	사	0.009761
을	정	0.009597
을	포	0.009287
을	구	0.009050
을	한	0.009013
을	중	0.008849
을	조	0.008703
을	들	0.008448
을	요	0.008375
을	바	0.008247
을	올	0.008010
을	진	0.007992
을	인	0.007645
입	장	0.173641
입	니	0.090257
입	하	0.058949
입	을	0.052230
입	한	0.040776
입	은	0.034362
입	법	0.034209
입	해	0.032529
입	주	0.030238
입	자	0.028100
입	원	0.025809
입	이	0.022144
입	할	0.021533
입	고	0.018479
입	에	0.018326
입	건	0.015883
입	시	0.015730
입	된	0.015577
입	구	0.014966
입	사	0.012981
입	어	0.012828
입	되	0.012676
입	지	0.011912
입	소	0.010690
입	양	0.009927
입	금	0.009163
입	으	0.007941
입	등	0.007789
입	문	0.007636
입	대	0.007330
입	과	0.006872
입	점	0.006872
입	수	0.005803
입	의	0.005498
입	성	0.005345
입	돼	0.005345
입	가	0.005192
입	차	0.004734
입	단	0.004582
입	될	0.004429
장	은	0.127512
장	을	0.110795
장	에	0.110617
장	이	0.097590
장	의	0.042326
장	하	0.032367
장	과	0.029033
장	애	0.028810
장	으	0.019029
장	인	0.016228
장	한	0.015961
장	비	0.014183
장	등	0.012893
장	소	0.012049
장	도	0.011204
장	큰	0.009470
장	점	0.009159
장	사	0.008981
장	중	0.008403
장	해	0.007869
장	시	0.007781
장	할	0.006891
장	내	0.006269
장	문	0.006180
장	가	0.005869
장	악	0.005691
장	전	0.005335
장	판	0.004980
장	성	0.004891
장	수	0.004891
장	대	0.004846
장	안	0.004713
장	조	0.004535
장	후	0.004535
장	경	0.004490
장	주	0.004490
장	자	0.004135
장	위	0.004046
장	거	0.004001
장	제	0.003957
잭	서	0.250000
잭	니	0.187500
저	는	0.082219
저	지	0.059054
저	하	0.054812
저	자	0.042741
저	도	0.037847
저	장	0.037194
저	가	0.034584
저	에	0.031648
저	질	0.030995
저	를	0.030343
저	한	0.028385
저	리	0.027732
저	소	0.025122
저	널	0.024470
저	의	0.023817
저	대	0.021533
저	우	0.015987
저	수	0.015661
저	해	0.014356
저	로	0.014029
저	금	0.012398
저	조	0.011419
저	와	0.011093
저	신	0.009788
저	이	0.009462
저	사	0.008157
저	인	0.008157
저	주	0.008157
저	성	0.007830
저	서	0.007178
저	공	0.007178
저	탄	0.006525
저	개	0.006199
저	나	0.005873
저	온	0.005873
저	들	0.005546
저	만	0.005220
저	앞	0.005220
저	역	0.004894
저	점	0.004894
제	공	0.076395
제	를	0.067796
제	가	0.062731
제	로	0.051810
제	도	0.049910
제	한	0.034399
제	주	0.031761
제	는	0.030548
제	대	0.030178
제	시	0.030126
제	에	0.028015
제	재	0.025747
제	안	0.025694
제	하	0.022739
제	조	0.022159
제	적	0.018519
제	의	0.018255
제	사	0.015617
제	정	0.013876
제	이	0.013506
제	와	0.011502
제	일	0.010394
제	라	0.010288
제	인	0.009760
제	약	0.009602
제	해	0.009391
제	지	0.008864
제	성	0.007808
제	개	0.007545
제	거	0.007386
제	등	0.007386
제	부	0.007228
제	목	0.007175
제	수	0.006226
제	원	0.006120
제	강	0.005962
제	전	0.005804
제	제	0.005751
제	고	0.005751
제	어	0.005540
존	재	0.170031
존	중	0.091131
존	의	0.077064
존	하	0.059327
존	에	0.054434
존	도	0.048318
존	을	0.027523
존	경	0.026300
존	엄	0.020795
존	자	0.020183
존	과	0.018960
존	해	0.014679
존	이	0.013456
존	대	0.012232
존	입	0.010398
존	은	0.009786
존	한	0.009174
존	속	0.008563
존	정	0.008563
존	적	0.007951
존	인	0.007951
존	주	0.007951
존	가	0.007339
존	전	0.007339
존	할	0.006728
존	백	0.006116
존	투	0.006116
존	커	0.006116
존	비	0.005505
존	제	0.005505
존	지	0.005505
존	등	0.005505
존	상	0.004893
존	내	0.004893
존	공	0.004893
존	사	0.004893
존	선	0.004281
존	아	0.004281
존	폐	0.004281
존	리	0.004281
좀	더	0.187097
좀	비	0.116129
좀	해	0.045161
좀	하	0.045161
좀	다	0.038710
좀	이	0.032258
좀	어	0.032258
좀	그	0.032258
좀	바	0.025806
좀	알	0.025806
좀	도	0.019355
좀	줄	0.019355
좀	고	0.019355
좀	걸	0.019355
죄	를	0.119963
죄	가	0.108059
죄	수	0.098901
죄	로	0.072344
죄	에	0.065934
죄	의	0.058608
죄	자	0.049451
죄	책	0.029304
죄	피	0.027473
죄	판	0.024725
죄	는	0.023810
죄	인	0.020147
죄	와	0.017399
죄	도	0.015568
죄	질	0.015568
죄	라	0.014652
죄	부	0.014652
죄	사	0.013736
죄	등	0.013736
죄	하	0.012821
죄	대	0.011905
죄	조	0.009158
죄	예	0.009158
죄	드	0.008242
죄	단	0.007326
죄	전	0.007326
죄	다	0.006410
죄	이	0.005495
죄	만	0.005495
죄	확	0.004579
죄	해	0.004579
죄	또	0.003663
죄	성	0.003663
죄	신	0.003663
죄	경	0.003663
죄	형	0.003663
죄	입	0.003663
죄	집	0.003663
죄	방	0.003663
죄	소	0.003663
쥐	고	0.216216
쥐	어	0.148649
쥐	는	0.108108
쥐	의	0.081081
쥐	여	0.054054
쥐	게	0.040541
쥐	를	0.040541
쥐	에	0.040541
쥐	들	0.040541
쥐	가	0.040541
지	난	0.130734
지	만	0.111399
지	역	0.049653
지	원	0.046523
지	는	0.037615
지	못	0.035392
지	를	0.029966
지	하	0.029595
지	지	0.026539
지	고	0.025521
지	적	0.023465
지	금	0.021724
지	시	0.020150
지	도	0.019446
지	에	0.017742
지	속	0.017187
지	가	0.016650
지	방	0.015816
지	자	0.011131
지	로	0.010501
지	털	0.010223
지	나	0.009890
지	사	0.009575
지	막	0.009482
지	수	0.009038
지	정	0.008834
지	의	0.008649
지	구	0.008482
지	한	0.006927
지	인	0.006186
지	대	0.006001
지	키	0.005649
지	이	0.005649
지	말	0.005556
지	부	0.005519
지	와	0.005260
지	상	0.005000
지	법	0.004834
지	등	0.004315
지	다	0.004278
쪽	에	0.160121
쪽	으	0.141994
쪽	이	0.114048
쪽	은	0.090634
쪽	의	0.046073
쪽	사	0.046073
쪽	과	0.043807
쪽	부	0.030211
쪽	가	0.027190
쪽	와	0.023414
쪽	을	0.020393
쪽	방	0.017372
쪽	지	0.014350
쪽	약	0.013595
쪽	도	0.009819
쪽	해	0.009819
쪽	바	0.007553
쪽	어	0.007553
쪽	팔	0.007553
쪽	다	0.006798
쪽	상	0.006042
쪽	분	0.004532
쪽	눈	0.004532
쪽	정	0.004532
쪽	아	0.004532
쪽	발	0.003776
쪽	등	0.003776
쪽	하	0.003776
쪽	공	0.003776
쪽	두	0.003776
쪽	우	0.003776
쪽	위	0.003021
쪽	끝	0.003021
쪽	구	0.003021
쪽	고	0.003021
쪽	진	0.003021
쪽	문	0.003021
쪽	전	0.003021
쪽	네	0.003021
쪽	는	0.003021
채	널	0.177678
채	무	0.101988
채	로	0.057088
채	를	0.055805
채	발	0.048108
채	워	0.040411
채	우	0.039128
채	소	0.030148
채	가	0.026940
채	비	0.018602
채	금	0.017319
채	운	0.016036
채	와	0.015394
채	의	0.014753
채	이	0.014112
채	원	0.014112
채	는	0.013470
채	에	0.010904
채	지	0.009622
채	시	0.008980
채	상	0.008339
채	질	0.007697
채	울	0.007697
채	등	0.007056
채	수	0.007056
채	경	0.006414
채	점	0.005773
채	공	0.005773
채	나	0.005773
채	사	0.005773
채	중	0.005773
채	한	0.005131
채	위	0.005131
채	되	0.005131
채	대	0.005131
채	고	0.005131
채	만	0.004490
채	아	0.004490
채	집	0.004490
채	롭	0.004490
쳐	지	0.089133
쳐	진	0.078144
쳐	야	0.059829
쳐	나	0.047619
쳐	서	0.045177
쳐	다	0.036630
쳐	주	0.025641
쳐	도	0.024420
쳐	이	0.023199
쳐	내	0.021978
쳐	대	0.020757
쳐	총	0.020757
쳐	질	0.014652
쳐	현	0.013431
쳐	인	0.012210
쳐	오	0.012210
쳐	가	0.012210
쳐	달	0.010989
쳐	한	0.010989
쳐	공	0.008547
쳐	전	0.008547
쳐	해	0.008547
쳐	드	0.008547
쳐	온	0.008547
쳐	자	0.008547
쳐	올	0.008547
쳐	개	0.007326
쳐	우	0.007326
쳐	제	0.007326
쳐	경	0.007326
쳐	미	0.007326
쳐	신	0.006105
쳐	두	0.006105
쳐	매	0.006105
쳐	난	0.006105
쳐	세	0.006105
쳐	발	0.006105
쳐	무	0.006105
쳐	후	0.006105
쳐	병	0.006105
춤	형	0.522124
춤	을	0.141593
춤	이	0.048673
춤	하	0.044248
춤	한	0.026549
춤	은	0.022124
춤	할	0.017699
춤	으	0.017699
춤	에	0.013274
춤	사	0.013274
춤	법	0.013274
춤	제	0.013274
친	구	0.240918
친	다	0.077119
친	뒤	0.075844
친	것	0.051625
친	이	0.034417
친	문	0.028681
친	서	0.026131
친	분	0.021033
친	명	0.017846
친	정	0.017846
친	선	0.017846
친	인	0.016571
친	일	0.015934
친	코	0.015296
친	한	0.013384
친	형	0.012110
친	척	0.011472
친	화	0.010835
친	상	0.010198
친	후	0.009560
친	사	0.009560
친	전	0.008923
친	의	0.008923
친	부	0.008286
친	데	0.008286
친	절	0.007648
친	노	0.007648
친	자	0.007648
친	해	0.007011
친	지	0.007011
친	여	0.006373
친	은	0.005736
친	공	0.005736
친	과	0.005736
친	중	0.005099
친	경	0.005099
친	하	0.005099
친	수	0.005099
친	대	0.004461
친	바	0.004461
칼	리	0.211640
칼	로	0.158730
칼	라	0.116402
칼	을	0.089947
칼	은	0.052910
칼	이	0.047619
칼	날	0.042328
칼	과	0.042328
칼	린	0.021164
칼	등	0.021164
칼	도	0.015873
칼	바	0.015873
칼	호	0.015873
커	지	0.291397
커	피	0.121184
커	질	0.094357
커	진	0.064755
커	머	0.057354
커	리	0.042553
커	다	0.029602
커	를	0.022202
커	의	0.021277
커	로	0.019426
커	는	0.018501
커	가	0.018501
커	비	0.018501
커	들	0.012026
커	에	0.012026
커	서	0.012026
커	니	0.008326
커	우	0.007401
커	와	0.006475
커	탄	0.005550
커	상	0.005550
커	등	0.005550
커	이	0.004625
커	나	0.003700
커	조	0.003700
커	신	0.003700
커	부	0.003700
커	볼	0.003700
커	짐	0.003700
커	폰	0.002775
커	아	0.002775
커	인	0.002775
커	먼	0.002775
커	공	0.002775
커	개	0.002775
커	내	0.002775
커	사	0.002775
털	어	0.160075
털	전	0.079096
털	사	0.069680
털	성	0.064030
털	자	0.048964
털	화	0.045198
털	이	0.043315
털	인	0.026365
털	아	0.026365
털	에	0.020716
털	대	0.018832
털	세	0.018832
털	신	0.018832
털	미	0.016949
털	로	0.015066
털	시	0.015066
털	고	0.013183
털	리	0.013183
털	과	0.013183
털	포	0.013183
털	은	0.011299
털	경	0.011299
털	산	0.009416
털	마	0.009416
털	을	0.007533
털	영	0.007533
털	매	0.007533
털	상	0.007533
털	금	0.007533
털	역	0.007533
털	소	0.007533
털	분	0.007533
털	서	0.007533
털	정	0.005650
털	다	0.005650
털	데	0.005650
털	문	0.005650
털	등	0.005650
털	지	0.005650
팀	은	0.175647
팀	이	0.137159
팀	을	0.114066
팀	장	0.107768
팀	의	0.087474
팀	에	0.086074
팀	과	0.030091
팀	으	0.024493
팀	선	0.020294
팀	원	0.011896
팀	들	0.009797
팀	주	0.009797
팀	인	0.008397
팀	소	0.007698
팀	킴	0.007698
팀	목	0.006998
팀	역	0.006298
팀	가	0.006298
팀	명	0.005598
팀	사	0.005598
팀	분	0.004899
팀	구	0.004199
팀	대	0.004199
팀	코	0.004199
팀	등	0.004199
팀	지	0.004199
팀	도	0.003499
팀	경	0.003499
팀	수	0.003499
팀	팀	0.003499
팀	공	0.003499
팀	워	0.002799
팀	전	0.002799
팀	중	0.002799
팀	별	0.002799
팀	아	0.002799
팀	고	0.002099
팀	일	0.002099
팀	내	0.002099
팀	운	0.002099
팔	아	0.156522
팔	로	0.127536
팔	리	0.078261
팔	을	0.075362
팔	이	0.049275
팔	린	0.043478
팔	고	0.043478
팔	다	0.043478
팔	라	0.040580
팔	과	0.034783
팔	수	0.031884
팔	꿈	0.028986
팔	지	0.026087
팔	에	0.020290
팔	도	0.017391
팔	자	0.017391
팔	은	0.014493
팔	거	0.014493
팔	달	0.011594
팔	루	0.011594
팔	인	0.011594
포	함	0.302615
포	인	0.154802
포	구	0.039607
포	장	0.032617
포	를	0.027958
포	니	0.026922
포	하	0.018897
포	한	0.017085
포	로	0.016567
포	먼	0.015014
포	에	0.014755
포	리	0.014755
포	가	0.013720
포	지	0.013202
포	털	0.012943
포	시	0.012426
포	된	0.012167
포	도	0.010614
포	상	0.009578
포	위	0.008801
포	와	0.008284
포	는	0.008284
포	부	0.007766
포	들	0.007507
포	대	0.007507
포	해	0.006731
포	드	0.006472
포	병	0.006213
포	의	0.005954
포	되	0.005954
포	공	0.005695
포	수	0.005436
포	자	0.005177
포	영	0.005177
포	천	0.005177
포	진	0.004918
포	돼	0.004918
포	집	0.004660
포	탄	0.004660
포	조	0.004660
폰	을	0.193122
폰	이	0.071429
폰	과	0.066138
폰	사	0.052910
폰	으	0.052910
폰	데	0.047619
폰	은	0.044974
폰	에	0.044974
폰	등	0.042328
폰	의	0.034392
폰	서	0.031746
폰	시	0.029101
폰	제	0.021164
폰	신	0.021164
폰	화	0.013228
폰	도	0.010582
폰	요	0.007937
폰	투	0.007937
폰	통	0.007937
폰	소	0.007937
폰	커	0.007937
폰	배	0.007937
폰	전	0.007937
폴	란	0.322000
폴	리	0.278000
폴	더	0.062000
폴	에	0.056000
폴	의	0.032000
폴	로	0.030000
폴	은	0.030000
폴	드	0.022000
폴	라	0.018000
폴	시	0.016000
폴	을	0.014000
폴	바	0.012000
폴	마	0.008000
폴	이	0.008000
폴	공	0.008000
폴	대	0.006000
폴	과	0.006000
폴	사	0.006000
폴	등	0.006000
피	해	0.432769
피	하	0.059709
피	고	0.052656
피	아	0.036436
피	의	0.035966
피	를	0.026093
피	부	0.023507
피	할	0.019511
피	드	0.018571
피	로	0.018101
피	는	0.016455
피	한	0.015280
피	살	0.013634
피	가	0.013164
피	어	0.011048
피	시	0.011048
피	소	0.010813
피	에	0.009873
피	털	0.008463
피	커	0.007287
피	안	0.007052
피	지	0.006817
피	우	0.006582
피	와	0.006347
피	난	0.006347
피	란	0.006112
피	탈	0.005642
피	니	0.004937
피	자	0.004701
피	코	0.004466
피	신	0.003996
피	디	0.003761
피	오	0.003761
피	사	0.003761
피	서	0.003291
피	라	0.002821
피	비	0.002821
피	씨	0.002821
피	성	0.002586
피	노	0.002351
필	요	0.754568
필	수	0.064493
필	리	0.032963
필	드	0.029022
필	로	0.014690
필	자	0.011465
필	라	0.011465
필	더	0.008241
필	두	0.007166
필	을	0.005733
필	하	0.005374
필	사	0.005016
필	먼	0.003941
필	지	0.003941
필	이	0.003225
필	에	0.002508
필	은	0.002508
필	진	0.001791
필	한	0.001791
필	적	0.001791
필	귀	0.001433
필	시	0.001433
필	순	0.001433
필	선	0.001075
필	명	0.001075
필	해	0.001075
필	의	0.001075
필	제	0.001075
필	할	0.001075
필	부	0.001075
필	과	0.001075
하	는	0.312067
하	고	0.259979
하	지	0.105344
하	다	0.073653
하	게	0.068246
하	나	0.021106
하	자	0.015595
하	루	0.014509
하	이	0.011858
하	도	0.011190
하	거	0.010480
하	라	0.009979
하	여	0.009875
하	더	0.004447
하	우	0.004113
하	반	0.004050
하	에	0.003403
하	시	0.003278
하	원	0.003215
하	의	0.003006
하	늘	0.002965
하	니	0.002777
하	되	0.001942
하	하	0.001795
하	로	0.001712
하	위	0.001691
하	주	0.001503
하	신	0.001441
하	를	0.001378
하	와	0.001315
하	길	0.001211
하	가	0.001127
하	한	0.001044
하	듯	0.001023
하	수	0.000981
하	마	0.000981
하	차	0.000981
하	대	0.000919
하	진	0.000898
하	긴	0.000898
한	다	0.224767
한	것	0.060288
한	이	0.030399
한	사	0.024767
한	미	0.020177
한	의	0.018625
한	상	0.015100
한	정	0.014412
한	지	0.013836
한	뒤	0.013592
한	대	0.012882
한	시	0.012395
한	전	0.012373
한	경	0.012306
한	일	0.012129
한	수	0.011419
한	바	0.010820
한	가	0.010222
한	인	0.009845
한	반	0.009357
한	공	0.009157
한	조	0.009002
한	자	0.008914
한	은	0.008736
한	번	0.007627
한	데	0.007361
한	중	0.006918
한	한	0.006874
한	제	0.006874
한	후	0.006763
한	장	0.006718
한	부	0.006563
한	비	0.006319
한	우	0.006319
한	주	0.006231
한	화	0.006164
한	도	0.006142
한	방	0.006075
한	고	0.005898
한	해	0.005831
할	수	0.380339
할	것	0.164518
할	예	0.069718
할	때	0.055336
할	을	0.032009
할	경	0.026309
할	지	0.022801
할	방	0.020872
할	필	0.019995
할	가	0.019293
할	인	0.016224
할	정	0.011751
할	만	0.011401
할	이	0.009383
할	머	0.008156
할	일	0.007454
할	시	0.005700
할	뿐	0.005700
할	사	0.005174
할	아	0.004999
할	전	0.004823
할	의	0.003946
할	리	0.003859
할	준	0.003420
할	부	0.003245
할	자	0.003069
할	여	0.003069
할	과	0.002894
할	거	0.002894
할	위	0.002806
할	우	0.002631
할	대	0.002455
할	말	0.002192
할	문	0.002192
할	순	0.002105
할	게	0.001842
할	에	0.001842
할	길	0.001754
할	도	0.001666
할	상	0.001579
허	가	0.274921
허	위	0.218258
허	리	0.078699
허	를	0.027282
허	은	0.019937
허	설	0.017838
허	무	0.014690
허	하	0.014690
허	점	0.013641
허	물	0.012592
허	난	0.011542
허	정	0.010493
허	구	0.010493
허	수	0.009444
허	의	0.008395
허	시	0.008395
허	세	0.008395
허	로	0.008395
허	준	0.008395
허	운	0.008395
허	니	0.008395
허	공	0.007345
허	탈	0.007345
허	술	0.007345
허	드	0.007345
허	비	0.006296
허	한	0.006296
허	진	0.006296
허	우	0.006296
허	들	0.005247
허	대	0.005247
허	소	0.005247
허	함	0.005247
허	에	0.005247
허	경	0.005247
허	도	0.005247
허	상	0.005247
허	전	0.005247
허	성	0.005247
허	영	0.005247
호	사	0.124466
호	하	0.059564
호	를	0.055081
호	소	0.054654
호	주	0.047822
호	선	0.033091
호	의	0.032878
호	가	0.032878
호	영	0.032664
호	는	0.028181
호	에	0.024979
호	인	0.022203
호	우	0.018574
호	날	0.017293
호	화	0.015585
호	한	0.014518
호	도	0.013877
호	와	0.013664
호	응	0.013237
호	수	0.013023
호	자	0.012169
호	법	0.011315
호	등	0.010888
호	조	0.010461
호	대	0.010248
호	전	0.010034
호	중	0.009821
호	구	0.008753
호	경	0.008540
호	로	0.008326
호	해	0.007899
호	위	0.007686
호	부	0.007259
호	반	0.006618
호	재	0.006405
호	랑	0.006405
호	서	0.006405
호	적	0.006191
호	할	0.005978
호	성	0.005337
확	인	0.252022
확	진	0.203667
확	대	0.197196
확	산	0.103901
확	정	0.069028
확	장	0.060759
확	한	0.047636
확	하	0.022650
확	신	0.011325
확	고	0.011145
확	도	0.004494
확	성	0.003955
확	해	0.002517
확	전	0.002157
확	약	0.001618
확	바	0.000719
확	이	0.000719
확	줄	0.000719
확	화	0.000539
흥	원	0.193277
흥	미	0.134454
흥	분	0.064426
흥	공	0.058824
흥	시	0.058824
흥	을	0.039216
흥	주	0.028011
흥	재	0.022409
흥	신	0.022409
흥	에	0.016807
흥	정	0.014006
흥	도	0.014006
흥	의	0.014006
흥	위	0.014006
흥	군	0.014006
흥	하	0.011204
흥	지	0.011204
흥	과	0.011204
흥	가	0.011204
흥	이	0.011204
흥	건	0.011204
흥	사	0.011204
흥	나	0.008403
흥	그	0.008403
흥	진	0.008403
흥	은	0.008403
흥	상	0.008403
흥	일	0.008403
흥	경	0.008403
힘	을	0.124635
힘	이	0.117132
힘	들	0.106294
힘	은	0.093372
힘	의	0.090871
힘	대	0.081701
힘	든	0.052105
힘	원	0.032930
힘	입	0.026678
힘	에	0.020842
힘	과	0.020842
힘	으	0.016257
힘	후	0.013756
힘	비	0.013756
힘	선	0.013339
힘	정	0.012922
힘	지	0.011672
힘	주	0.010004
힘	내	0.009170
힘	김	0.009170
힘	차	0.006669
힘	소	0.006669
힘	도	0.005836
힘	쪽	0.005419
힘	전	0.005419
힘	써	0.005419
힘	중	0.005002
힘	안	0.005002
힘	경	0.004168
힘	간	0.003335
힘	수	0.003335
힘	찬	0.002918
힘	성	0.002918
힘	서	0.002918
힘	만	0.002501
힘	총	0.002501
힘	조	0.002084
힘	역	0.002084
힘	공	0.001667
힘	신	0.001667
