а	у	0.236111
а	ш	0.125000
а	а	0.111111
а	және	0.041667
а	мен	0.027778
а	ға	0.027778
а	нда	0.027778
а	атты	0.020833
адамдар	үшін	0.078341
адамдар	мен	0.078341
адамдар	ғана	0.046083
адамдар	бұл	0.032258
адамдар	да	0.027650
адамдар	болды	0.023041
адамдар	болған	0.018433
адамдар	осы	0.018433
адамдар	өз	0.018433
адамдар	бір	0.018433
адамдар	және	0.013825
адамдар	оның	0.013825
адамдар	тұрады	0.013825
адамдарға	арналған	0.106061
адамдарға	қол	0.045455
адамдарға	ғана	0.045455
адамдарға	деген	0.045455
адамнан	келеді	0.368421
адамнан	адамға	0.131579
адамнан	тұрады	0.078947
адамға	дейін	0.117647
адамға	арналған	0.068627
адамға	ғана	0.049020
адамға	немесе	0.049020
адамға	түсінікті	0.029412
аз	ғана	0.123016
аз	уақыт	0.075397
аз	емес	0.071429
аз	болады	0.063492
аз	болғандықтан	0.035714
аз	болып	0.031746
аз	да	0.031746
аз	болды	0.031746
аз	және	0.027778
аз	ал	0.019841
аз	болатын	0.019841
аз	уақытқа	0.019841
аз	уақытта	0.015873
аз	болса	0.015873
аз	әрі	0.015873
аз	болмаған	0.015873
аз	болмайды	0.011905
аз	болған	0.011905
аз	сондықтан	0.011905
азаматтық	және	0.275862
азаматтық	қоғамның	0.172414
ай	бойы	0.239583
ай	мен	0.114583
ай	сайын	0.104167
ай	ішінде	0.052083
ай	өткен	0.031250
ай	күн	0.031250
ай	бұрын	0.031250
айда	бір	0.214286
аймағы	болып	0.103448
аймақтың	барлық	0.130435
айтты	деп	0.300000
айтуға	болады	0.807018
айтылған	ой	0.115385
айтылған	пікір	0.115385
айтып	береді	0.070707
айтып	беріп	0.040404
айтып	жүреді	0.040404
айтып	кеткен	0.030303
айтып	отырған	0.030303
айтып	отыр	0.030303
айтқанда	ол	0.100000
айтқанда	бұл	0.066667
айтқанда	оның	0.066667
ал	оның	0.060950
ал	жылы	0.055785
ал	екінші	0.035124
ал	бұл	0.029959
ал	егер	0.027893
ал	қалған	0.026860
ал	кейбір	0.024793
ал	ол	0.023760
ал	осы	0.022727
ал	оңтүстік	0.017562
ал	жылдан	0.017562
ал	басқа	0.017562
ал	олардың	0.016529
ал	ең	0.016529
ал	сол	0.016529
ал	енді	0.014463
ал	екіншісі	0.013430
ал	одан	0.013430
ал	соңғы	0.012397
ал	қазір	0.011364
ал	ішкі	0.009298
ал	кейде	0.009298
ал	мұндай	0.009298
ал	оған	0.009298
ал	кейін	0.008264
ал	жас	0.008264
ал	оны	0.008264
ал	әкесі	0.007231
ал	бір	0.006198
ал	әйелдер	0.006198
ал	үлкен	0.006198
ал	басқалары	0.005165
ал	біздің	0.005165
ал	түнде	0.005165
ал	жергілікті	0.005165
ал	жоғары	0.005165
ал	іс	0.005165
ал	өз	0.005165
ал	содан	0.005165
ал	ұлы	0.005165
ала	отырып	0.187970
ала	бастады	0.097744
ала	ма	0.052632
ала	алады	0.052632
ала	белгіленген	0.052632
ала	белгілі	0.037594
ала	алмайды	0.037594
ала	алатын	0.022556
ала	алмай	0.022556
алам	деп	0.800000
алатын	орны	0.130435
алатын	орнын	0.054348
алатын	еді	0.054348
алатын	болсақ	0.043478
алатын	және	0.043478
алатын	болған	0.032609
алатын	болды	0.032609
алдағы	уақытта	0.444444
алдыңғы	қатарлы	0.298851
алдыңғы	жағында	0.149425
алдыңғы	және	0.103448
алдыңғы	екі	0.103448
алдыңғы	орынға	0.034483
алдыңғы	жағы	0.034483
алдыңғы	бес	0.034483
алла	олардың	0.100000
алла	әр	0.075000
алла	сендерге	0.075000
алла	бір	0.075000
алмай	қалады	0.086420
алмай	жылы	0.049383
алмай	жүрген	0.037037
алмай	жүрді	0.037037
алмай	кетті	0.037037
алмай	қалды	0.037037
алмай	келеді	0.037037
алмайды	және	0.166667
алмайды	бірақ	0.095238
алмайды	алайда	0.095238
алмайды	сондықтан	0.071429
алмасуы	бұзылып	0.230769
алты	жыл	0.109091
алты	ай	0.090909
алты	ата	0.072727
алты	рет	0.072727
алты	жасар	0.054545
алтын	және	0.136364
алтын	алма	0.068182
алтын	адам	0.068182
алу	үшін	0.342756
алу	керек	0.081272
алу	және	0.077739
алу	арқылы	0.049470
алу	қажет	0.038869
алу	мен	0.028269
алу	туралы	0.021201
алу	кезінде	0.021201
алу	мүмкіндігі	0.017668
алу	немесе	0.017668
алу	қызметін	0.017668
алу	бойынша	0.017668
алу	мүшесі	0.017668
алу	мүмкін	0.014134
алу	жүйесі	0.014134
алу	болып	0.010601
алу	да	0.010601
алу	болды	0.010601
алу	сияқты	0.010601
алу	оңай	0.010601
алып	жатқан	0.768395
алып	жатыр	0.035953
алып	келді	0.016304
алып	келеді	0.013378
алып	келген	0.005435
алып	оны	0.005435
алып	кетеді	0.005435
алып	отырған	0.005017
алып	отыр	0.004599
алып	шықты	0.004181
алып	кетіп	0.004181
алып	тастайды	0.003763
алып	жүрді	0.003763
алып	өз	0.003344
алып	тастап	0.002926
алып	кетті	0.002508
алып	жүрген	0.002090
алып	сол	0.002090
алып	шыққан	0.002090
алып	шығады	0.002090
алып	жүретін	0.002090
алып	олардың	0.002090
алып	және	0.001672
алып	жеке	0.001672
алып	отырады	0.001672
алып	адам	0.001672
алып	келіп	0.001672
алып	барады	0.001672
алып	берді	0.001254
алып	содан	0.001254
алып	тұр	0.001254
алып	ер	0.001254
алып	барып	0.001254
алып	суға	0.001254
алып	ол	0.001254
алып	отыру	0.001254
алып	тұрған	0.001254
алып	оған	0.001254
алып	екі	0.001254
алып	баратын	0.001254
алыс	емес	0.270833
алыс	және	0.125000
алыс	жақын	0.083333
алған	жоқ	0.087629
алған	соң	0.082474
алған	кезде	0.072165
алған	болатын	0.051546
алған	еді	0.041237
алған	жағдайда	0.036082
алған	ең	0.025773
алған	және	0.025773
алған	екен	0.025773
алған	адам	0.025773
алған	оның	0.015464
алған	ол	0.015464
алған	жылы	0.015464
алғаш	рет	0.756654
алғаш	жылы	0.030418
алғаш	болып	0.019011
алғашқы	рет	0.103806
алғашқы	кезде	0.062284
алғашқы	екі	0.048443
алғашқы	болып	0.041522
алғашқы	және	0.020761
алғашқы	кітабы	0.020761
алғашқы	үш	0.020761
алғашқы	ірі	0.017301
алғашқы	кітап	0.017301
алғашқы	көмек	0.017301
алғашқы	әйел	0.017301
алғашқы	бас	0.013841
алғашқы	орыс	0.013841
алғашқы	ресми	0.013841
алғашқы	он	0.010381
алғашқы	адамдар	0.010381
алғашқы	қар	0.010381
алғашқы	негізі	0.010381
алғашқы	ойын	0.010381
алғашқы	үлкен	0.010381
алғашқы	күн	0.010381
алғашқы	кезінде	0.010381
алғашқы	күнде	0.010381
алғашқы	мағынасын	0.010381
алғашқы	жоғары	0.010381
алғашқы	адам	0.010381
алғашқы	қан	0.010381
алғашқы	бес	0.010381
амал	жоқ	0.272727
анық	көрінеді	0.156863
анық	емес	0.156863
анық	көрінетін	0.058824
анықтап	берді	0.103448
апта	бойы	0.235294
апта	ішінде	0.205882
аптада	бір	0.600000
аралығында	болады	0.083333
аралығында	пайда	0.041667
ары	қарай	0.731707
арылу	үшін	0.800000
арқасында	ол	0.094017
арқасында	ғана	0.059829
арқасында	бұл	0.025641
арқасында	адам	0.025641
арқылы	өтетін	0.039557
арқылы	өтеді	0.033228
арқылы	да	0.033228
арқылы	оның	0.028481
арқылы	ғана	0.026899
арқылы	алады	0.020570
арқылы	сыртқа	0.020570
арқылы	және	0.020570
арқылы	іске	0.018987
арқылы	адам	0.015823
арқылы	бір	0.015823
арқылы	жүреді	0.015823
арқылы	жасалған	0.014241
арқылы	өзінің	0.012658
арқылы	пайда	0.012658
арқылы	ол	0.011076
арқылы	немесе	0.011076
арқылы	басқа	0.009494
арқылы	келген	0.009494
арқылы	белгілі	0.009494
арқылы	тікелей	0.007911
арқылы	алынған	0.007911
арқылы	жоғары	0.007911
арқылы	өткен	0.007911
арқылы	батыс	0.007911
арқылы	әр	0.007911
арқылы	өткенде	0.007911
арқылы	жұмыс	0.006329
арқылы	түрлі	0.006329
арқылы	әлем	0.006329
арқылы	қол	0.006329
арқылы	шығады	0.006329
арқылы	көрінеді	0.006329
арқылы	өз	0.006329
арқылы	үлкен	0.006329
арқылы	көптеген	0.006329
арқылы	көруге	0.004747
арқылы	келіп	0.004747
арқылы	ал	0.004747
арқылы	жүріп	0.004747
асты	су	0.281250
асты	және	0.187500
асты	мен	0.125000
астында	қалып	0.067568
астында	қалады	0.040541
астында	қалды	0.040541
астында	болған	0.040541
астында	қалған	0.040541
атадан	балаға	0.538462
аталатын	екі	0.104762
аталатын	үш	0.066667
аталатын	бұл	0.057143
аталатын	арнайы	0.038095
аталатын	бір	0.038095
аталатын	болды	0.028571
атаққа	ие	0.714286
атты	әскер	0.084270
атты	кітабы	0.073034
атты	екі	0.050562
атты	жаңа	0.050562
атты	адам	0.039326
атты	әскері	0.033708
атты	өлең	0.028090
атты	бір	0.028090
атты	халықаралық	0.022472
атты	алғашқы	0.022472
атты	кітап	0.022472
атты	адамның	0.016854
атты	бұрын	0.016854
атты	жігіт	0.016854
атты	және	0.016854
атты	зерттеуінде	0.016854
атты	жас	0.016854
ауа	райы	0.521277
ауа	мен	0.063830
ауа	қысымы	0.031915
ауа	жер	0.031915
ауа	су	0.031915
ауру	мен	0.059701
ауру	өте	0.044776
ауру	адам	0.044776
ауру	және	0.044776
аурухана	бар	0.344828
аурухана	емхана	0.172414
ауруына	қарсы	0.555556
ауыр	және	0.067568
ауыр	өтеді	0.054054
ауыр	болады	0.040541
ауыр	дене	0.040541
ауыр	қылмыс	0.040541
ауыр	жағдайда	0.040541
ауыр	жұмыс	0.040541
ауыстыру	үшін	0.272727
аяқ	киім	0.346667
аяқ	қол	0.093333
аяқ	кезінде	0.080000
аяқ	қолын	0.053333
аяқ	пен	0.040000
ағылшын	тілінде	0.284091
ағылшын	тілі	0.181818
ағылшын	және	0.125000
ағылшын	француз	0.090909
ағылшын	орыс	0.068182
ағылшын	тіліне	0.034091
ағылшын	тілді	0.034091
ақ	бұл	0.705800
ақ	түсті	0.027596
ақ	ол	0.011693
ақ	және	0.009355
ақ	немесе	0.007016
ақ	оның	0.006080
ақ	қара	0.005145
ақ	басқа	0.005145
ақ	осы	0.004677
ақ	олар	0.004210
ақ	жер	0.003274
ақ	көптеген	0.003274
ақ	олардың	0.003274
ақ	жылы	0.003274
ақ	өз	0.002806
ақ	белгілі	0.002806
ақ	оны	0.002806
ақ	жеке	0.002806
ақ	рет	0.002339
ақ	зат	0.002339
ақ	су	0.002339
ақ	өзінің	0.002339
ақ	оған	0.002339
ақ	әр	0.002339
ақ	оларды	0.001871
ақ	көк	0.001871
ақ	пен	0.001871
ақ	ішкі	0.001871
ақ	екі	0.001871
ақ	бірнеше	0.001871
ақ	кең	0.001871
ақ	от	0.001871
ақ	бала	0.001871
ақ	халық	0.001871
ақ	жоғары	0.001871
ақ	сол	0.001403
ақ	үйі	0.001403
ақ	бас	0.001403
ақ	қойдың	0.001403
ақ	қағаз	0.001403
ақпарат	және	0.129630
ақпарат	алуға	0.074074
ақпарат	пен	0.055556
ақпарат	жоқ	0.055556
ақпарат	береді	0.055556
ақпарат	құралдарында	0.055556
ба	екен	0.150000
ба	деген	0.150000
байланыс	бар	0.096774
байланыс	жасап	0.080645
байланыс	жоқ	0.064516
байланыс	жасау	0.064516
байланыс	орнатуға	0.048387
байланыс	арқылы	0.048387
байланыс	пен	0.048387
байланысты	болады	0.095406
байланысты	болды	0.060071
байланысты	және	0.028269
байланысты	емес	0.026502
байланысты	болған	0.022968
байланысты	бұл	0.019435
байланысты	әр	0.019435
байланысты	пайда	0.017668
байланысты	болып	0.015901
байланысты	көптеген	0.014134
байланысты	жылы	0.012367
байланысты	болса	0.012367
байланысты	олар	0.012367
байланысты	болатын	0.012367
байланысты	ол	0.010601
байланысты	оның	0.010601
байланысты	туған	0.010601
байланысты	осы	0.010601
байланысты	да	0.008834
байланысты	деген	0.008834
байланысты	еді	0.008834
байланысты	бірнеше	0.008834
байланысты	болуы	0.008834
байланысты	басқа	0.008834
байланысты	оны	0.007067
байланысты	ауыл	0.007067
байланысты	түрлі	0.007067
байланысты	екі	0.007067
байланысты	оларды	0.007067
байланысты	барлық	0.007067
байланысты	су	0.007067
байланысты	олардың	0.007067
байланысты	ауа	0.007067
байланысты	өте	0.007067
байланысты	болғандықтан	0.007067
байланысты	шыққан	0.007067
байланысты	бір	0.007067
байланысты	алғашқы	0.005300
байланысты	екенін	0.005300
байланысты	берілетін	0.005300
байлық	пен	0.363636
байқап	қалады	0.166667
балаларға	арналған	0.732143
балаларға	көмек	0.053571
баланың	бірі	0.081633
баланың	әкесі	0.061224
баратын	жол	0.187500
барлығы	да	0.330097
барлығы	адам	0.058252
барлық	жерде	0.100457
барлық	тірі	0.041096
барлық	басқа	0.027397
барлық	адамдарға	0.022831
барлық	жағдай	0.022831
барлық	алты	0.013699
барлық	адам	0.013699
барлық	жоғары	0.013699
барлық	ірі	0.013699
барлық	халыққа	0.013699
барлық	іс	0.013699
барлық	адамдар	0.013699
барлық	түрін	0.013699
бару	үшін	0.600000
барып	ол	0.077922
барып	содан	0.038961
барып	келіп	0.038961
барып	онда	0.038961
бастайды	да	0.218750
бастайды	және	0.187500
басы	мен	0.137255
басы	үлкен	0.068627
басы	қасында	0.058824
басы	деп	0.049020
басы	артық	0.049020
басы	болды	0.039216
басы	ретінде	0.029412
басы	да	0.029412
басы	бар	0.029412
басы	ауырып	0.029412
басын	қосып	0.129032
басын	кесіп	0.096774
басынан	бастап	0.363636
басында	бұл	0.041322
басында	ол	0.041322
басында	пайда	0.033058
басында	олар	0.033058
басында	ғана	0.033058
басында	болған	0.033058
басында	және	0.033058
басында	бір	0.024793
басында	көптеген	0.024793
басында	тұрған	0.024793
басында	үлкен	0.024793
басында	ұшып	0.024793
басқа	да	0.490716
басқа	бір	0.043767
басқа	барлық	0.019894
басқа	көптеген	0.015915
басқа	жаққа	0.014589
басқа	екі	0.009284
басқа	адамға	0.009284
басқа	адамдармен	0.009284
басқа	елді	0.009284
басқа	адам	0.007958
басқа	ешкім	0.007958
басқа	бірнеше	0.006631
басқа	басқа	0.006631
басқа	маңызды	0.005305
басқа	жерге	0.005305
басқа	адамдар	0.005305
басқа	бөлігі	0.005305
басқа	біреудің	0.005305
басқа	ұсақ	0.003979
басқа	қоғамдық	0.003979
басқа	екінші	0.003979
басқа	елдің	0.003979
басқа	заттар	0.003979
басқа	ірі	0.003979
басқа	арнайы	0.003979
басқа	тағы	0.003979
басқа	адамдарға	0.003979
басқа	адамның	0.003979
басқа	және	0.003979
басқа	сөз	0.003979
басқа	жерде	0.003979
басқа	міндетті	0.003979
басқа	әскер	0.003979
басқару	жүйесі	0.205479
басқару	және	0.123288
басқару	үшін	0.109589
басқару	жүйесінде	0.054795
басқару	ісіне	0.054795
басқаша	айтқанда	0.638298
басқаша	болып	0.063830
бауыр	мен	0.304348
белгісіз	болып	0.181818
белгісіз	болған	0.090909
белгісіз	жағдайда	0.072727
белгісіз	бірақ	0.054545
белгісіз	бір	0.054545
бен	жігіт	0.156250
бен	орта	0.125000
бен	деп	0.093750
бере	алады	0.154762
бере	алмайды	0.119048
бере	отырып	0.119048
бере	алатын	0.083333
бере	алмай	0.071429
бере	бастады	0.059524
бере	бастайды	0.059524
бере	білген	0.047619
бере	білетін	0.035714
бере	алмайтын	0.035714
береді	және	0.091954
береді	деген	0.045977
береді	деп	0.045977
береді	де	0.045977
береді	ал	0.045977
береді	сөйтіп	0.045977
береді	оның	0.045977
береді	екен	0.034483
береді	ол	0.034483
берілетін	ең	0.130435
бес	жыл	0.171429
бес	жүз	0.085714
бес	рет	0.085714
бес	баласы	0.038095
бес	ай	0.038095
бес	алты	0.038095
бес	сезім	0.028571
бес	күнге	0.028571
бес	бала	0.028571
бол	деген	0.307692
болады	және	0.114078
болады	деп	0.099515
болады	бірақ	0.075243
болады	да	0.072816
болады	ал	0.067961
болады	ол	0.053398
болады	деген	0.038835
болады	олар	0.026699
болады	бұл	0.026699
болады	сондықтан	0.026699
болады	оның	0.021845
болады	алайда	0.014563
болады	екен	0.014563
болады	оны	0.012136
болады	немесе	0.012136
болады	тек	0.009709
болады	сонымен	0.009709
болады	дегенмен	0.009709
болады	деді	0.007282
болады	дейді	0.007282
болады	осы	0.007282
болады	кейде	0.007282
болады	бірі	0.007282
болады	сол	0.007282
болады	себебі	0.007282
болар	еді	0.622951
болар	деп	0.081967
болар	алдында	0.049180
болатын	еді	0.061947
болатын	бірақ	0.057522
болатын	және	0.048673
болатын	ол	0.035398
болатын	алайда	0.026549
болатын	болса	0.026549
болатын	екі	0.022124
болатын	ең	0.017699
болатын	жағдай	0.017699
болатын	жер	0.017699
болатын	ал	0.017699
болатын	ауру	0.017699
болатын	екінші	0.013274
болатын	адам	0.013274
болатын	үлкен	0.013274
болатын	әрине	0.013274
болды	және	0.146965
болды	бірақ	0.089457
болды	ол	0.083067
болды	ал	0.079872
болды	деп	0.054313
болды	деген	0.031949
болды	да	0.031949
болды	оның	0.025559
болды	олар	0.025559
болды	онда	0.022364
болды	сондықтан	0.022364
болды	оған	0.015974
болды	жылы	0.015974
болды	бұл	0.015974
болды	себебі	0.012780
болды	сондай	0.009585
болды	екі	0.009585
болмай	ма	0.166667
болмаған	жағдайда	0.365385
болмаған	кезде	0.230769
болмаған	соң	0.076923
болса	да	0.201709
болса	онда	0.164103
болса	керек	0.078632
болса	ол	0.051282
болса	оны	0.035897
болса	екінші	0.018803
болса	бұл	0.017094
болса	сол	0.015385
болса	оның	0.015385
болса	ал	0.013675
болса	немесе	0.010256
болса	ондай	0.010256
болса	осы	0.010256
болса	оларды	0.010256
болса	басқа	0.008547
болса	солай	0.008547
болса	олар	0.008547
болса	олардың	0.008547
болса	ғана	0.008547
болса	одан	0.008547
болса	соған	0.006838
болса	екіншісі	0.006838
болса	бір	0.005128
болса	жылы	0.005128
болса	оған	0.005128
болса	өзінің	0.005128
болса	жаңа	0.005128
болса	кейде	0.005128
болсақ	онда	0.285714
болсақ	олар	0.142857
болсын	деп	0.125000
болсын	деген	0.125000
болсын	немесе	0.071429
болсын	бір	0.071429
болсын	дейді	0.053571
болу	үшін	0.317460
болу	керек	0.293651
болу	себебі	0.095238
болу	және	0.031746
болу	сияқты	0.023810
болу	қажет	0.023810
болуы	мүмкін	0.434783
болуы	керек	0.165862
болуы	тиіс	0.062802
болуы	да	0.041868
болуы	үшін	0.038647
болуы	қажет	0.037037
болуы	және	0.028986
болуы	мен	0.025765
болуы	шарт	0.025765
болуы	оның	0.011272
болуы	немесе	0.008052
болуы	әбден	0.006441
болуы	міндетті	0.006441
болуы	сол	0.004831
болуы	жер	0.004831
бостандығы	мен	0.250000
бізге	белгілі	0.220000
бізге	келіп	0.060000
бізге	дейін	0.060000
бізге	толық	0.060000
білімді	мамандар	0.096774
біліп	алады	0.100000
бір	бөлігі	0.077191
бір	рет	0.066064
бір	ғана	0.052851
бір	немесе	0.029207
бір	топ	0.025730
бір	жыл	0.025730
бір	уақытта	0.025035
бір	жылдан	0.023644
бір	екі	0.020862
бір	күні	0.019471
бір	кезде	0.018776
бір	ақ	0.014604
бір	бірін	0.011127
бір	жерде	0.010431
бір	адам	0.010431
бір	бір	0.009736
бір	адамның	0.009736
бір	жағы	0.009040
бір	уақыт	0.009040
бір	не	0.009040
бір	орында	0.008345
бір	қалыпты	0.008345
бір	үлкен	0.008345
бір	нәрсе	0.008345
бір	мың	0.007650
бір	күн	0.007650
бір	сөз	0.006954
бір	елдің	0.006954
бір	өзі	0.006954
бір	жолы	0.006954
бір	бірден	0.006954
бір	және	0.006259
бір	адамға	0.006259
бір	қатар	0.006259
бір	нәрсені	0.006259
бір	ай	0.005563
бір	себебі	0.005563
бір	жерге	0.004868
бір	жерден	0.004868
бір	айта	0.004868
біраз	уақыт	0.474359
біраз	бөлігі	0.076923
біраз	жыл	0.076923
біраз	сөз	0.038462
біраз	жылдар	0.038462
біраз	уақытқа	0.038462
бірге	ол	0.041916
бірге	оның	0.032934
бірге	жұмыс	0.023952
бірге	бір	0.023952
бірге	болады	0.017964
бірге	ала	0.017964
бірге	жылы	0.014970
бірге	туған	0.014970
бірге	өмір	0.014970
бірге	олардың	0.014970
бірге	түскен	0.014970
бірге	болған	0.014970
бірге	осы	0.014970
бірге	жүретін	0.011976
бірге	тұрып	0.011976
бірге	жас	0.011976
бірге	көптеген	0.011976
бірге	бұл	0.011976
бірге	сыртқа	0.011976
бірге	жаңа	0.011976
бірге	және	0.008982
бірге	ел	0.008982
бірге	келген	0.008982
бірге	болуы	0.008982
бірге	басқа	0.008982
бірге	жүреді	0.008982
бірге	жасап	0.008982
бірге	отырған	0.008982
бірге	тұрады	0.008982
бірден	бір	0.476190
бірден	екі	0.038095
бірден	көзге	0.038095
бірден	бірнеше	0.028571
біреу	ол	0.090909
бірнеше	рет	0.252632
бірнеше	жыл	0.088421
бірнеше	ұсақ	0.035789
бірнеше	шаруа	0.031579
бірнеше	күн	0.031579
бірнеше	жылдар	0.023158
бірнеше	мың	0.023158
бірнеше	жүз	0.021053
бірнеше	сағат	0.021053
бірнеше	ондаған	0.021053
бірнеше	жылдан	0.021053
бірнеше	күннен	0.018947
бірнеше	күнге	0.018947
бірнеше	ірі	0.016842
бірнеше	минут	0.016842
бірнеше	сағаттан	0.014737
бірнеше	жүздеген	0.014737
бірнеше	жерден	0.012632
бірнеше	жаңа	0.010526
бірнеше	түрлі	0.010526
бірнеше	мыңдаған	0.010526
бірнеше	ай	0.008421
бірнеше	жер	0.008421
бірнеше	маңызды	0.008421
бірнеше	түрін	0.006316
бірнеше	сәтті	0.006316
бірнеше	апта	0.006316
бірнеше	қайтара	0.006316
бірнеше	жас	0.006316
бірнеше	тәуелсіз	0.006316
бірі	болып	0.254364
бірі	болды	0.139651
бірі	ретінде	0.044888
бірі	және	0.037406
бірі	болған	0.037406
бірі	деп	0.029925
бірі	осы	0.029925
бірі	еді	0.014963
бірі	болады	0.009975
бірі	де	0.009975
бірі	болуы	0.007481
бірі	адам	0.007481
бірі	болатын	0.007481
бірі	жылы	0.007481
бірі	екі	0.007481
бірі	қарама	0.007481
бірі	атанды	0.007481
бірі	өз	0.007481
бірін	бірі	0.673469
бірінші	рет	0.164430
бірінші	болып	0.130872
бірінші	және	0.083893
бірінші	орынға	0.036913
бірінші	орын	0.036913
бірінші	орында	0.030201
бірінші	күні	0.026846
бірінші	жағдайда	0.023490
бірінші	орыс	0.016779
бірінші	бөлігі	0.016779
бірінші	дәрежелі	0.016779
бірінші	жылы	0.016779
бірінші	әйелі	0.013423
бірінші	жол	0.013423
бірінші	әйел	0.013423
бірінші	бала	0.010067
бірінші	бас	0.010067
бірінші	аты	0.010067
бүгін	де	0.181818
бүгін	мен	0.136364
бүкіл	әлемге	0.089041
бүкіл	әлем	0.075342
бүкіл	дүние	0.068493
бүкіл	ел	0.054795
бүкіл	өмірін	0.041096
бүкіл	әлемдік	0.041096
бүкіл	жер	0.034247
бүкіл	бір	0.027397
бүкіл	елдегі	0.027397
бүкіл	халық	0.027397
бүкіл	ішкі	0.027397
бүкіл	халықтың	0.027397
бүкіл	әлемнің	0.027397
бүкіл	ауыл	0.020548
бүкіл	өмірі	0.020548
бүкіл	денесіне	0.020548
бұрыннан	белгілі	0.235294
бұрыннан	бар	0.176471
бұрынғы	кезде	0.082192
бұрынғы	кеңес	0.068493
бұрынғы	патша	0.054795
бұған	дейін	0.212766
бұған	қоса	0.191489
бұған	қарсы	0.031915
бәрін	де	0.243243
бәріне	бірдей	0.157895
гүлдер	және	0.200000
гүлдер	мен	0.200000
дамыту	үшін	0.232558
дамыту	мен	0.186047
дамыту	арқылы	0.116279
дана	болып	0.555556
дауыс	беруге	0.171429
дауыс	берді	0.142857
дауыс	шығарып	0.142857
дауыс	береді	0.114286
дегенді	білдіреді	0.779661
дейді	ол	0.175000
дейді	екен	0.125000
дейін	жетеді	0.141566
дейін	өмір	0.043675
дейін	және	0.042169
дейін	болады	0.040663
дейін	барады	0.028614
дейін	ол	0.022590
дейін	ал	0.015060
дейін	де	0.013554
дейін	жетіп	0.013554
дейін	бұл	0.012048
дейін	осы	0.012048
дейін	ғана	0.012048
дейін	жұмыс	0.012048
дейін	адам	0.010542
дейін	қызмет	0.009036
дейін	оның	0.009036
дейін	тек	0.009036
дейін	жылы	0.007530
дейін	өз	0.007530
дейін	әр	0.007530
дейін	бір	0.007530
дейін	екі	0.007530
дейін	белгілі	0.007530
дейін	болуы	0.006024
дейін	бірге	0.006024
дейін	болып	0.006024
дейін	немесе	0.006024
дейін	түрлі	0.006024
дейін	олардың	0.006024
дейін	болған	0.006024
дейін	сол	0.006024
дейін	көтерілген	0.006024
дейін	жыл	0.006024
дейін	болатын	0.006024
дейін	үш	0.004518
дейін	барлық	0.004518
дейін	болды	0.004518
дейін	ресми	0.004518
дейін	жүзіп	0.004518
дейін	өзінің	0.004518
ден	астам	0.465812
ден	аса	0.128205
ден	ға	0.047009
ден	жоғары	0.047009
ден	қойды	0.042735
ден	қояды	0.034188
ден	асады	0.034188
ден	артық	0.025641
ден	кем	0.021368
ден	аз	0.012821
ден	төмен	0.012821
ден	ондаған	0.012821
дене	мен	0.189189
дене	бір	0.081081
дене	немесе	0.081081
дене	және	0.081081
десе	де	0.553191
десе	болады	0.063830
десе	екіншісі	0.063830
десе	енді	0.063830
дүние	жүзі	0.362069
дүние	салған	0.137931
дүние	туралы	0.051724
дәл	осы	0.276243
дәл	сол	0.143646
дәл	осындай	0.093923
дәл	сондай	0.049724
дәл	осылай	0.033149
дәл	қазір	0.022099
дәл	тауып	0.016575
дәл	көрсетеді	0.016575
дәл	және	0.016575
дәл	де	0.016575
дәлелдеп	отыр	0.238095
дәлелдеп	шықты	0.142857
дәлелдеп	берді	0.142857
дәлірек	айтқанда	1.000000
еді	деп	0.100000
еді	ал	0.090000
еді	және	0.080000
еді	бірақ	0.080000
еді	ол	0.050000
еді	деген	0.040000
еді	сол	0.040000
еді	ғой	0.030000
еді	олар	0.030000
еді	енді	0.030000
еді	де	0.030000
еді	оның	0.030000
еді	деді	0.030000
еді	сондықтан	0.030000
екендігі	белгілі	0.285714
екендігі	туралы	0.214286
екендігін	айтады	0.065574
екендігін	айтып	0.049180
екендігін	оның	0.049180
екендігін	және	0.049180
екендігін	дәлелдеп	0.049180
екі	рет	0.132927
екі	түрлі	0.069512
екі	жыл	0.040244
екі	үш	0.026829
екі	жылдан	0.026829
екі	немесе	0.026829
екі	жақтың	0.026829
екі	жақты	0.023171
екі	үлкен	0.018293
екі	ел	0.017073
екі	баласы	0.015854
екі	қабатты	0.014634
екі	жүз	0.014634
екі	жағы	0.014634
екі	жаққа	0.014634
екі	не	0.012195
екі	апта	0.012195
екі	ұлы	0.012195
екі	бірдей	0.010976
екі	елдің	0.010976
екі	ірі	0.009756
екі	қатар	0.009756
екі	адамның	0.009756
екі	күн	0.009756
екі	мың	0.008537
екі	адам	0.008537
екі	жағында	0.008537
екі	топ	0.007317
екі	тілді	0.007317
екі	және	0.007317
екі	ойын	0.007317
екі	жаңа	0.006098
екі	бала	0.006098
екі	жас	0.006098
екі	жағдайда	0.006098
екі	арада	0.006098
екі	жақтан	0.006098
екі	сағаттан	0.004878
екі	күннен	0.004878
екі	қала	0.004878
ел	ішінде	0.163043
ел	болып	0.043478
ел	үшін	0.038043
ел	арасынан	0.038043
ел	экономикасы	0.032609
ел	жұрт	0.032609
ел	бойынша	0.032609
ел	мен	0.032609
ел	басқару	0.027174
ел	туралы	0.016304
ел	деп	0.016304
ел	ретінде	0.016304
ел	алдында	0.016304
ел	болды	0.016304
ел	президентінің	0.016304
ел	екен	0.016304
ел	халық	0.016304
елде	әр	0.095238
елде	бар	0.071429
елде	бір	0.071429
елдің	ішкі	0.093458
елдің	саяси	0.065421
елдің	ең	0.065421
елдің	экономикалық	0.065421
елдің	бір	0.037383
елдің	оңтүстік	0.037383
елдің	басқа	0.028037
емдеу	үшін	0.346154
емдеу	және	0.096154
емдеу	кезінде	0.096154
емдеу	орны	0.057692
емдеуге	болады	0.350000
емдеуге	арналған	0.200000
емес	сонымен	0.091222
емес	еді	0.049914
емес	ол	0.048193
емес	бүкіл	0.039587
емес	деп	0.036145
емес	бірақ	0.030981
емес	және	0.029260
емес	сондай	0.029260
емес	пе	0.027539
емес	оның	0.025818
емес	екенін	0.017212
емес	басқа	0.017212
емес	оны	0.017212
емес	олардың	0.015491
емес	сол	0.013769
емес	тек	0.012048
емес	деген	0.012048
емес	өз	0.010327
емес	бірнеше	0.010327
емес	болып	0.010327
емес	жерде	0.008606
емес	жеке	0.008606
емес	қайта	0.008606
емес	бұл	0.008606
емес	олар	0.008606
емес	екендігін	0.008606
емес	сондықтан	0.008606
емес	сияқты	0.006885
емес	жер	0.006885
емес	әр	0.006885
емес	бір	0.006885
емес	ата	0.006885
емес	ең	0.005164
емес	адамдар	0.005164
емес	жалпы	0.005164
емес	оларды	0.005164
емес	әрі	0.005164
емес	екендігі	0.005164
емес	барлық	0.005164
емес	болатын	0.005164
енді	бір	0.111888
енді	осы	0.055944
енді	ғана	0.055944
енді	бірде	0.041958
енді	ол	0.034965
енді	бірі	0.027972
енді	бұл	0.027972
енді	оны	0.027972
енді	міне	0.020979
енді	өз	0.020979
ендігі	жерде	0.428571
ендігі	мәселе	0.142857
ер	адамдар	0.130000
ер	адам	0.130000
ер	адамның	0.120000
ер	балалар	0.050000
ер	жүрек	0.050000
ер	және	0.040000
ер	адамға	0.030000
ер	есім	0.030000
ер	адамдарға	0.030000
ер	жетіп	0.030000
ережелер	мен	0.375000
ережелер	бойынша	0.187500
ерекше	орын	0.114894
ерекше	мән	0.097872
ерекше	көңіл	0.089362
ерекше	көзге	0.076596
ерекше	атап	0.042553
ерекше	назар	0.042553
ерекше	бір	0.042553
ерекше	әсер	0.021277
ерекше	маңызды	0.017021
ерекше	болған	0.012766
ерекше	орынға	0.012766
ерекше	есте	0.012766
ерекше	жоғары	0.012766
ерекше	болды	0.012766
ерекше	күш	0.012766
ерекше	жағдайда	0.012766
ерте	орта	0.166667
ерте	кезде	0.125000
ерте	пайда	0.062500
еске	алу	0.260000
еске	түсіру	0.140000
еске	алады	0.120000
еске	алып	0.100000
еске	алған	0.060000
еске	сақтау	0.060000
ет	пен	0.239130
ет	жеп	0.065217
ете	алады	0.162162
ете	алмайды	0.148649
ете	бастады	0.135135
ете	отырып	0.108108
ете	бастайды	0.067568
ете	алмайтын	0.054054
ете	алатын	0.040541
еттің	ең	0.375000
етіп	келеді	0.037234
етіп	отырған	0.031915
етіп	алады	0.031915
етіп	отыр	0.031915
етіп	салынған	0.026596
етіп	те	0.021277
етіп	көрсетуге	0.021277
етіп	қойды	0.021277
етіп	алған	0.015957
етіп	шығарады	0.015957
етіп	жасалған	0.015957
етіп	жүрген	0.015957
етіп	көрсетеді	0.015957
етіп	жүр	0.015957
етіп	қояды	0.015957
ешқандай	да	0.097561
ешқашан	да	0.250000
ешқашан	әлем	0.125000
жаз	бойы	0.303030
жаз	кезінде	0.121212
жаз	деп	0.090909
жазып	қалдырған	0.117647
жазып	алған	0.117647
жазып	алынған	0.078431
жазып	шықты	0.068627
жазып	алып	0.049020
жазып	алды	0.039216
жазып	кеткен	0.039216
жазып	шығарды	0.029412
жазып	қойған	0.029412
жазып	алу	0.029412
жазған	болатын	0.117647
жазған	екен	0.078431
жазған	кезде	0.058824
жазған	деген	0.058824
жалпы	алғанда	0.185185
жалпы	және	0.084656
жалпы	айтқанда	0.047619
жалпы	жер	0.042328
жалпы	жағдайы	0.026455
жалпы	ішкі	0.026455
жалпы	орта	0.026455
жалпы	бұл	0.026455
жалпы	су	0.021164
жалпы	экономикалық	0.021164
жалпы	жағдайда	0.021164
жалғыз	ғана	0.102804
жалғыз	өзі	0.046729
жалғыз	адам	0.037383
жалғыз	бала	0.037383
жалғыз	елді	0.037383
жалғыз	және	0.037383
жалғыз	өкілі	0.028037
жалғыз	ақ	0.028037
жалғыз	алтын	0.028037
жалғыз	немесе	0.028037
жалғыз	өмір	0.028037
жалғыз	ұлы	0.028037
жаман	деп	0.184211
жаман	емес	0.131579
жаман	болып	0.078947
жанындағы	жоғары	0.137931
жанындағы	халық	0.103448
жап	жақсы	0.500000
жасап	шығарды	0.074074
жасап	отырған	0.059259
жасап	отырды	0.029630
жасап	оны	0.029630
жасап	бір	0.022222
жасап	келеді	0.022222
жасап	отырады	0.022222
жасап	шығару	0.022222
жасап	жүрді	0.022222
жасап	отыру	0.022222
жастар	мен	0.277778
жатып	қалады	0.115385
жатып	ақ	0.115385
жатқаны	белгілі	0.428571
жауапты	болды	0.173913
жаяу	әскер	0.333333
жаяу	әскері	0.259259
жағдай	жасады	0.126984
жағдай	жасалған	0.095238
жағдай	оның	0.047619
жағдай	жасау	0.047619
жағдай	жасап	0.023810
жағдай	өте	0.023810
жағдай	жасайтын	0.023810
жағдайда	ғана	0.067857
жағдайда	да	0.050000
жағдайда	ол	0.025000
жағдайда	өмір	0.021429
жағдайда	оны	0.017857
жағдайда	пайда	0.014286
жағдайда	осы	0.014286
жағдайда	екі	0.014286
жағдайда	оның	0.014286
жағдайда	олар	0.014286
жағдайда	өтті	0.014286
жағдайда	адамның	0.014286
жағдайда	бұл	0.014286
жағдайда	адамға	0.010714
жағдайда	сол	0.010714
жағдайда	ең	0.010714
жағдайда	қан	0.010714
жағдайда	ауру	0.010714
жағдайда	дайын	0.010714
жағдайда	тек	0.010714
жағдайда	олардың	0.010714
жағдайда	және	0.010714
жағдайы	бойынша	0.109091
жағдайы	мен	0.090909
жағдайы	туралы	0.072727
жағдайы	төмен	0.054545
жағдайы	оның	0.054545
жағдайы	өте	0.054545
жағдайға	байланысты	0.333333
жағдайға	сәйкес	0.090909
жағдайға	ие	0.090909
жақты	және	0.111111
жақты	толық	0.083333
жақын	жерде	0.070968
жақын	арада	0.064516
жақын	келеді	0.045161
жақын	жатқан	0.045161
жақын	болды	0.038710
жақын	досы	0.038710
жақын	және	0.032258
жақын	болған	0.032258
жақын	қарым	0.032258
жақын	шет	0.025806
жақын	жерге	0.025806
жақын	болуы	0.025806
жақын	таныс	0.019355
жақын	келіп	0.019355
жақын	жерден	0.019355
жаққа	қарай	0.270270
жаққа	ұшып	0.135135
жаққа	да	0.108108
жаққа	бұрып	0.081081
жаңадан	пайда	0.255814
жаңадан	салынған	0.093023
жаңадан	табылған	0.069767
жаңадан	келген	0.069767
жеке	жеке	0.140893
жеке	адамның	0.082474
жеке	кітап	0.065292
жеке	адам	0.051546
жеке	және	0.041237
жеке	немесе	0.037801
жеке	бір	0.034364
жеке	адамға	0.027491
жеке	басына	0.027491
жеке	тұрып	0.020619
жеке	өз	0.020619
жеке	адамдар	0.020619
жеке	адамдарға	0.017182
жеке	ғылым	0.017182
жеке	кәсіпкер	0.017182
жеке	өмірі	0.013746
жеке	басқа	0.013746
жеке	өмір	0.010309
жеке	үш	0.010309
жеке	бас	0.010309
жеке	жүреді	0.010309
жеке	басты	0.010309
жеке	алғанда	0.010309
жел	арқылы	0.181818
жел	мен	0.136364
жеп	қояды	0.176471
жергілікті	халық	0.233533
жергілікті	халықтың	0.113772
жергілікті	жердің	0.065868
жергілікті	жерді	0.053892
жергілікті	жерде	0.047904
жергілікті	өзін	0.047904
жергілікті	және	0.041916
жергілікті	жер	0.035928
жергілікті	патша	0.023952
жергілікті	уақыт	0.017964
жергілікті	халқы	0.017964
жергілікті	халыққа	0.017964
жерді	алып	0.277778
жерді	бөліп	0.055556
жете	бастады	0.166667
жете	алмайды	0.166667
жете	алады	0.166667
жетіп	отыр	0.083333
жетіп	жатыр	0.062500
жол	бермейді	0.062016
жол	берді	0.046512
жол	бойы	0.038760
жол	арқылы	0.031008
жол	бар	0.031008
жол	мен	0.031008
жол	үстінде	0.031008
жол	және	0.031008
жол	береді	0.023256
жол	өтеді	0.023256
жол	жүріп	0.023256
жоспары	іске	0.166667
жоспары	бойынша	0.166667
жоғарғы	жағы	0.175258
жоғарғы	жағында	0.123711
жоғарғы	және	0.123711
жоғарғы	бөлігі	0.072165
жоғарғы	дәрежелі	0.051546
жоғарғы	кеңес	0.051546
журнал	мен	0.166667
жіберді	де	0.250000
жіберді	бірақ	0.250000
жігіт	пен	0.152174
жүз	жылдан	0.104167
жүз	бен	0.104167
жүз	мыңдаған	0.083333
жүз	жыл	0.062500
жүздеген	мың	0.296296
жүздеген	жылдар	0.222222
жүзіп	жүреді	0.315789
жүк	көтеру	0.375000
жүрген	кезінде	0.125000
жүрген	кезде	0.075000
жүрген	және	0.062500
жүрген	болатын	0.050000
жүрген	екен	0.037500
жүрген	еді	0.037500
жүрген	адам	0.037500
жүргізуге	мүмкіндік	0.205128
жүргізуге	арналған	0.153846
жүргізуге	рұқсат	0.076923
жүргізуге	мәжбүр	0.076923
жұмсақ	және	0.214286
жұмсақ	әрі	0.142857
жұмсақ	болады	0.095238
жұмысын	тоқтатты	0.114286
жұмысын	бастады	0.085714
жұмысын	атқарады	0.085714
жұмысын	бұзады	0.085714
жұмысқа	қайта	0.111111
заттар	мен	0.240000
заттар	бар	0.064000
заттар	ретінде	0.048000
заттар	болады	0.040000
заттар	да	0.040000
заттар	болып	0.032000
заттар	арқылы	0.024000
заттар	туралы	0.024000
заттар	және	0.024000
заттар	ең	0.024000
заттар	бір	0.024000
заңсыз	деп	0.357143
заңы	бойынша	0.290323
заңы	деп	0.193548
заңы	болып	0.129032
иелері	де	0.107143
иелері	мен	0.107143
иесі	мен	0.102564
канада	мен	0.300000
кедергі	жасады	0.156250
кедергі	жасайтын	0.125000
кедергі	болады	0.125000
кедергі	жасап	0.093750
кез	келген	0.961415
кездеспей	кеткен	0.500000
кездесу	үшін	0.250000
кездесу	өткізіп	0.187500
кейін	ол	0.089716
кейін	оның	0.048140
кейін	ғана	0.041575
кейін	де	0.040481
кейін	оны	0.028446
кейін	бұл	0.028446
кейін	жылы	0.027352
кейін	пайда	0.020788
кейін	осы	0.016411
кейін	оған	0.014223
кейін	бірнеше	0.013129
кейін	келе	0.013129
кейін	бір	0.012035
кейін	сол	0.012035
кейін	екі	0.010941
кейін	олар	0.010941
кейін	екінші	0.010941
кейін	тағы	0.009847
кейін	қайта	0.008753
кейін	барып	0.008753
кейін	олардың	0.007659
кейін	кеңес	0.007659
кейін	бүкіл	0.007659
кейін	әр	0.007659
кейін	көп	0.007659
кейін	адамдар	0.006565
кейін	батыс	0.006565
кейін	және	0.006565
кейін	ақ	0.006565
кейін	жаңа	0.006565
кейін	оларды	0.006565
кейін	үш	0.005470
кейін	төрт	0.005470
кейін	қала	0.005470
кейін	бірі	0.005470
кейін	өзінің	0.005470
кейін	ел	0.005470
кейін	минут	0.005470
кейін	барлық	0.005470
кейін	ойын	0.005470
келгенде	оның	0.068182
келгенде	бұл	0.068182
келді	және	0.127273
келді	бірақ	0.090909
келді	деп	0.072727
келді	де	0.054545
келді	дейді	0.054545
келді	алайда	0.054545
келді	бұл	0.054545
келді	ал	0.054545
келді	жылы	0.054545
келді	деген	0.054545
келе	жатқан	0.584192
келе	жатыр	0.082474
келе	келе	0.044674
келе	бастады	0.027491
келе	жатып	0.020619
келе	бастайды	0.017182
келе	жатқанда	0.013746
келе	алмайды	0.010309
келе	оның	0.010309
келесі	жылы	0.298851
келесі	күні	0.218391
келесі	бір	0.114943
келесі	жолы	0.034483
келмеген	жағдайда	0.375000
келсе	онда	0.108108
келсе	ол	0.081081
келсе	де	0.081081
келу	үшін	0.210526
келуге	мәжбүр	0.272727
келіп	түскен	0.049383
келіп	ол	0.030864
келіп	тұрады	0.030864
келіп	түсті	0.024691
келіп	оның	0.024691
келіп	тоқтайды	0.024691
келіп	бір	0.018519
келіп	тұр	0.018519
келіп	шыққан	0.018519
келіп	отырады	0.018519
келіп	өз	0.018519
келіп	жылы	0.018519
келісім	шарт	0.313433
келісім	бойынша	0.194030
келісім	шарты	0.119403
келісім	мен	0.074627
келісім	береді	0.059701
келісім	берді	0.044776
келісімшартқа	қол	0.625000
кем	дегенде	0.352113
кем	емес	0.253521
кем	болмайтын	0.042254
кем	болмайды	0.042254
кем	болса	0.042254
кем	болады	0.042254
керегі	жоқ	0.600000
кері	әсер	0.226415
кері	әсерін	0.150943
кері	байланыс	0.094340
кері	қарай	0.075472
кері	әсері	0.056604
кесіп	өтеді	0.238095
кесіп	өтетін	0.142857
кет	тілі	0.375000
кеткен	соң	0.121212
кеткен	екен	0.070707
кеткен	бір	0.050505
кеткен	жағдайда	0.050505
кеткен	еді	0.040404
кеткен	жоқ	0.040404
кеткен	ол	0.030303
кеткен	уақыт	0.030303
кеткен	немесе	0.030303
кетуі	мүмкін	0.363636
кетуі	де	0.151515
кетуі	үшін	0.090909
кең	жол	0.094595
кең	түрде	0.094595
кең	әрі	0.054054
кең	тарап	0.054054
кең	болды	0.040541
кең	орын	0.040541
курста	оқып	0.833333
кінәлі	деп	0.428571
кісі	болған	0.177419
кісі	осы	0.048387
кісі	жібереді	0.048387
кішкентай	кезінен	0.133333
кішкентай	кезінде	0.088889
кішкентай	ғана	0.088889
кішкентай	және	0.088889
күйде	болады	0.133333
күйде	болу	0.100000
күн	қалады	0.214022
күн	сайын	0.095941
күн	бойы	0.077491
күн	мен	0.055351
күн	ішінде	0.036900
күн	өткен	0.036900
күн	бұрын	0.025830
күн	болады	0.018450
күн	ашық	0.018450
күн	жүйесі	0.014760
күн	немесе	0.014760
күн	көреді	0.014760
күн	деген	0.011070
күн	аралығында	0.011070
күн	тәрізді	0.011070
күн	жұмыс	0.011070
күн	көру	0.011070
күн	жылы	0.011070
күн	қатарынан	0.011070
күн	көрген	0.011070
күн	деп	0.011070
күн	және	0.011070
күнге	дейін	0.828125
күнді	ал	0.230769
күннен	кейін	0.278481
күннен	күнге	0.215190
күннен	бастап	0.189873
күннен	соң	0.164557
күннен	артық	0.037975
күштері	мен	0.277778
күшті	болды	0.102564
күшті	әсер	0.038462
күшті	жел	0.038462
күшті	деп	0.038462
күшті	жер	0.038462
күшті	және	0.038462
кәдімгі	және	0.214286
көбіне	көп	0.065574
көлік	және	0.333333
көп	жағдайда	0.091200
көп	бөлігі	0.062400
көп	болады	0.052800
көп	көңіл	0.038400
көп	болса	0.033600
көп	жылдар	0.032000
көп	уақыт	0.028800
көп	болған	0.028800
көп	емес	0.025600
көп	жыл	0.024000
көп	адам	0.019200
көп	және	0.017600
көп	қабатты	0.017600
көп	болды	0.012800
көп	күш	0.012800
көп	ақша	0.011200
көп	нәрсені	0.011200
көп	жұмыс	0.011200
көп	болуы	0.009600
көп	бұрын	0.009600
көп	қажет	0.009600
көп	болғандықтан	0.009600
көп	уақытқа	0.008000
көп	адамдар	0.008000
көп	келеді	0.008000
көп	зиян	0.008000
көп	кездесетін	0.008000
көп	болатын	0.006400
көп	әсер	0.006400
көп	мән	0.006400
көп	жақты	0.006400
көп	су	0.006400
көп	жерде	0.006400
көп	орын	0.006400
көп	рет	0.006400
көп	ал	0.004800
көп	уақытты	0.004800
көп	деп	0.004800
көп	те	0.004800
көп	болғанда	0.004800
көптеген	жылдар	0.069124
көптеген	басқа	0.046083
көптеген	адамдар	0.046083
көптеген	жаңа	0.041475
көптеген	өлең	0.032258
көптеген	ұсақ	0.032258
көптеген	шет	0.027650
көптеген	маңызды	0.023041
көптеген	жағдайда	0.023041
көптеген	әйгілі	0.018433
көптеген	ескі	0.013825
көптеген	жұмыс	0.013825
көптеген	әлем	0.013825
көптеген	халықаралық	0.013825
көптеген	ірі	0.013825
көптеген	орыс	0.013825
көптеген	жер	0.013825
көпшілік	алдында	0.153846
көпшілік	жағдайда	0.134615
көпшілік	бөлігі	0.115385
көпшілік	және	0.057692
көреді	бірақ	0.272727
көрсете	бастады	0.163265
көрсете	отырып	0.142857
көрсете	алады	0.142857
көрсете	білген	0.122449
көрсете	алмайды	0.102041
көрсете	алатын	0.061224
көрсетеді	және	0.187500
көрсетеді	ал	0.187500
көрсетеді	ол	0.187500
көрсетуге	арналған	0.205128
көрсетуге	болады	0.205128
көрсетуге	мүмкіндік	0.179487
көрсетіп	отыр	0.092308
көрсетіп	берді	0.076923
көрсетіп	отырған	0.061538
көрсетіп	тұр	0.046154
көрсетіп	келеді	0.046154
көрсетіп	тұрады	0.046154
лайық	деп	0.200000
ма	екен	0.190476
ма	әлде	0.166667
ма	деп	0.119048
ма	жоқ	0.095238
ма	еді	0.095238
мас	болып	0.428571
материалдар	ретінде	0.117647
материалдар	мен	0.117647
махаббат	туралы	0.181818
мағынасын	білдіреді	0.250000
мағынасын	береді	0.166667
мақала	жазып	0.176471
мектептің	негізін	0.181818
ми	мен	0.352941
мыңдаған	жылдар	0.291667
мыңдаған	адамдар	0.125000
міне	осы	0.338462
міне	осындай	0.200000
міне	сол	0.076923
міне	бұл	0.076923
міне	сондықтан	0.061538
міне	осыдан	0.046154
мүлде	жоқ	0.127660
мүлде	басқа	0.127660
мүлде	басқаша	0.106383
мүлде	жаңа	0.063830
мүмкін	емес	0.305660
мүмкін	деген	0.045283
мүмкін	болатын	0.037736
мүмкін	бірақ	0.033962
мүмкін	болған	0.030189
мүмкін	еді	0.030189
мүмкін	деп	0.026415
мүмкін	немесе	0.026415
мүмкін	және	0.022642
мүмкін	алайда	0.018868
мүмкін	болмады	0.018868
мүмкін	екені	0.018868
мүмкін	сондықтан	0.018868
мүмкін	болды	0.015094
мүмкін	егер	0.015094
мүмкін	ол	0.015094
мүмкін	бола	0.015094
мүмкін	бұл	0.015094
мүмкін	болады	0.015094
мүмкін	болмаса	0.015094
мүмкін	болмаған	0.015094
мүмкін	екенін	0.011321
мүмкін	олар	0.011321
мүмкін	болмайды	0.011321
мүмкін	сонымен	0.011321
мүмкін	болмай	0.011321
мүмкіндік	береді	0.562092
мүмкіндік	берді	0.133987
мүмкіндік	алды	0.039216
мүмкіндік	бермейді	0.032680
мүмкіндік	алады	0.032680
мүмкіндік	туды	0.022876
мүмкіндік	бар	0.019608
мүмкіндік	болмаған	0.013072
мүмкіндік	болды	0.013072
мүмкіндік	беріп	0.009804
мүмкіндік	берген	0.009804
мүмкіндік	болған	0.009804
мүмкіндік	болмады	0.009804
мұнда	да	0.113208
мұнда	ол	0.094340
мұнда	оның	0.037736
мұнда	әр	0.031447
мұнда	бір	0.031447
мұнда	тек	0.025157
мұнда	екі	0.018868
мұнда	бұрын	0.018868
мұнда	барлық	0.018868
мұнда	көптеген	0.018868
мұндағы	ең	0.142857
мұндағы	басты	0.142857
мұны	олардың	0.039474
мұны	да	0.039474
мән	береді	0.279412
мән	берді	0.161765
мән	бар	0.102941
мән	берген	0.073529
мән	бере	0.058824
мән	беріп	0.058824
мән	бермейді	0.044118
мән	мағынасын	0.044118
не	одан	0.060897
не	болмаса	0.038462
не	бірнеше	0.038462
не	оның	0.035256
не	үшін	0.035256
не	бір	0.028846
не	екі	0.022436
не	екенін	0.022436
не	көп	0.016026
не	деген	0.016026
не	басқа	0.012821
не	істеп	0.012821
не	өте	0.012821
не	қарай	0.009615
не	бүкіл	0.009615
не	де	0.009615
не	ақ	0.009615
не	ақша	0.009615
не	нәрсе	0.009615
не	үш	0.009615
не	оған	0.009615
не	олардың	0.009615
негізінде	жасалған	0.075145
негізінде	жылы	0.069364
негізінде	шаруа	0.057803
негізінде	пайда	0.057803
негізінде	жылдан	0.046243
негізінде	бұл	0.034682
негізінде	осы	0.028902
негізінде	жұмыс	0.028902
негізінде	жатқан	0.028902
негізінде	ғана	0.023121
негізінде	жазған	0.023121
негізінде	жазылған	0.017341
негізінде	жаңа	0.017341
немесе	басқа	0.055703
немесе	оның	0.050398
немесе	бірнеше	0.045093
немесе	бір	0.038462
немесе	одан	0.034483
немесе	олардың	0.029178
немесе	екі	0.022546
немесе	арнайы	0.018568
немесе	жеке	0.013263
немесе	қара	0.010610
немесе	белгілі	0.010610
немесе	су	0.009284
немесе	оған	0.007958
немесе	үлкен	0.007958
немесе	жер	0.007958
немесе	оны	0.007958
немесе	бос	0.006631
немесе	тіпті	0.006631
немесе	өте	0.006631
немесе	ұлы	0.006631
немесе	мүлдем	0.006631
немесе	көп	0.006631
немесе	қайта	0.005305
немесе	тік	0.005305
немесе	сол	0.005305
немесе	ақ	0.005305
немесе	саяси	0.005305
немесе	ұсақ	0.005305
немесе	орта	0.005305
немесе	өз	0.005305
немесе	толығымен	0.005305
немесе	жай	0.005305
немесе	оларды	0.005305
немесе	жоғалған	0.005305
немесе	жоғары	0.005305
немесе	үш	0.005305
немесе	жалпы	0.005305
немесе	адам	0.005305
немесе	дайын	0.005305
немесе	қатты	0.005305
неше	түрлі	0.800000
нәтижелері	бойынша	0.379310
ой	мен	0.183673
ой	пікір	0.163265
ой	тастайды	0.061224
ойламаған	жерден	0.750000
олай	болса	0.764706
ондай	жағдайда	0.181818
ондай	кезде	0.090909
оның	ішінде	0.114754
оның	үстіне	0.034608
оның	орнына	0.023679
оның	әкесі	0.023072
оның	негізінде	0.021858
оның	бір	0.020036
оның	алғашқы	0.018822
оның	ең	0.018822
оның	ұлы	0.016393
оның	басты	0.016393
оның	есімі	0.011536
оның	басқа	0.010929
оның	барлық	0.010929
оның	екі	0.010322
оның	бұл	0.010322
оның	ішкі	0.009715
оның	кейбір	0.009715
оның	жеке	0.009107
оның	әйелі	0.009107
оның	себебі	0.009107
оның	ата	0.008500
оның	аты	0.008500
оның	көптеген	0.008500
оның	орнын	0.007893
оның	өзі	0.007893
оның	өз	0.007893
оның	бірнеше	0.007893
оның	үлкен	0.007286
оның	екінші	0.007286
оның	бірі	0.007286
оның	осы	0.006679
оның	жалпы	0.006679
оның	алдында	0.006072
оның	бірінші	0.006072
оның	баласы	0.006072
оның	әр	0.006072
оның	өмірі	0.006072
оның	сыртқы	0.005464
оның	үш	0.005464
оның	негізін	0.005464
орны	бар	0.162500
орны	ерекше	0.125000
орны	мен	0.112500
орны	ретінде	0.050000
орны	болып	0.037500
орны	бойынша	0.031250
орны	болған	0.031250
орны	да	0.025000
орны	болды	0.018750
орны	деп	0.018750
орны	белгісіз	0.018750
орны	және	0.018750
орнын	жылы	0.078431
орнын	басты	0.078431
орнын	тауып	0.058824
орта	мектеп	0.373206
орта	және	0.162679
орта	жүз	0.066986
орта	мектептің	0.033493
орта	мектептер	0.023923
орта	білімді	0.023923
орта	бөлігі	0.019139
орта	бір	0.014354
орта	болып	0.014354
орта	дәрежелі	0.014354
орта	су	0.014354
орта	жағдайына	0.014354
орында	тұр	0.178571
орында	қалды	0.107143
орында	тұрады	0.071429
орында	тұрған	0.053571
орында	қалып	0.053571
орында	болды	0.053571
орыс	тілінде	0.293839
орыс	және	0.146919
орыс	тіліне	0.142180
орыс	тілі	0.132701
орыс	ағылшын	0.037915
орыс	тілді	0.028436
орыс	испан	0.014218
орыс	кеңес	0.014218
осы	кезде	0.102564
осы	жылы	0.070513
осы	жерде	0.056410
осы	екі	0.043590
осы	күнге	0.034615
осы	уақытта	0.030769
осы	уақытқа	0.026923
осы	уақыт	0.020513
осы	бір	0.017949
осы	жерден	0.017949
осы	үш	0.016667
осы	күні	0.014103
осы	арқылы	0.014103
осы	жерге	0.014103
осы	аттас	0.014103
осы	сияқты	0.011538
осы	жағдайда	0.011538
осы	жағдай	0.010256
осы	аймақта	0.010256
осы	арада	0.008974
осы	жылдар	0.008974
осы	айтылған	0.008974
осы	және	0.008974
осы	жолы	0.008974
осы	жерді	0.007692
осы	жағдайға	0.007692
осы	мәселе	0.007692
осы	тәрізді	0.006410
осы	мәселеге	0.006410
осы	кітап	0.006410
осы	жолмен	0.006410
осы	секілді	0.005128
осы	ауруды	0.005128
осы	оқиға	0.005128
осы	елдің	0.005128
осы	сәттен	0.005128
осы	ма	0.003846
осы	жыл	0.003846
осы	өзен	0.003846
осы	жаңа	0.003846
осыдан	кейін	0.481928
осыдан	соң	0.102410
осыдан	келіп	0.090361
осыдан	шыққан	0.048193
осыдан	бастап	0.042169
осыдан	барып	0.042169
осыдан	жыл	0.024096
осыдан	басқа	0.018072
осыдан	он	0.018072
осылай	деп	0.136364
осылай	болды	0.090909
осымен	байланысты	0.350000
осымен	қатар	0.350000
осымен	бірге	0.150000
осындай	жағдайда	0.052083
осындай	жағдай	0.041667
осындай	алғашқы	0.031250
осындай	екі	0.031250
осындай	жолмен	0.031250
осыған	байланысты	0.657718
осыған	сәйкес	0.087248
осыған	ұқсас	0.080537
осыған	дейін	0.040268
осыған	қарап	0.033557
осыған	қоса	0.020134
осыған	дәлел	0.020134
оған	қоса	0.083538
оған	дейін	0.051597
оған	қарсы	0.039312
оған	сәйкес	0.024570
оған	үлкен	0.022113
оған	көптеген	0.014742
оған	өзінің	0.012285
оған	жақын	0.012285
оған	өз	0.012285
оған	бір	0.012285
оған	себеп	0.012285
оған	адам	0.009828
оған	еш	0.009828
оған	көп	0.009828
оған	да	0.009828
оған	кінәлі	0.009828
оған	жауап	0.009828
оған	тең	0.009828
оған	екі	0.009828
оған	ақ	0.009828
оған	жыл	0.009828
оған	ғашық	0.007371
оған	оның	0.007371
оған	көмек	0.007371
оған	жаңа	0.007371
оған	ата	0.007371
оған	бұл	0.007371
оған	кеңес	0.007371
оған	арналған	0.007371
оған	жылы	0.007371
оған	басқа	0.007371
оған	бірнеше	0.007371
оған	байланысты	0.007371
оған	қол	0.007371
оған	әр	0.007371
оған	елден	0.007371
оған	төрт	0.007371
оқиға	болды	0.166667
оқиға	туралы	0.100000
оқушылар	өз	0.333333
оңай	емес	0.166667
оңай	шаруа	0.055556
оңай	ал	0.055556
оңай	іс	0.055556
па	де	0.363636
париж	және	0.500000
президент	және	0.121212
президент	ретінде	0.090909
президент	болып	0.090909
рас	болса	0.176471
расында	да	0.476190
расында	алла	0.190476
ресейде	жылы	0.142857
рұқсат	берген	0.090909
рұқсат	берді	0.090909
сайын	оның	0.085938
сайын	мың	0.078125
сайын	екі	0.046875
сайын	олардың	0.031250
сайын	олар	0.031250
сайын	ол	0.031250
сайын	жаңа	0.031250
сайын	бір	0.031250
сайын	жан	0.023438
сал	болып	0.277778
салған	болатын	0.147059
сатып	алу	0.274074
сатып	алды	0.103704
сатып	алуға	0.088889
сатып	алады	0.074074
сатып	алушы	0.074074
сатып	алып	0.074074
сатып	алынған	0.051852
сатып	алған	0.037037
сатып	алатын	0.037037
сатып	ала	0.029630
сатып	алынды	0.029630
сағаттан	артық	0.185185
сағаттан	кейін	0.185185
сағаттан	бірнеше	0.185185
сағаттан	соң	0.111111
сақтап	қалу	0.247423
сақтап	қалды	0.216495
сақтап	қалуға	0.144330
сақтап	қала	0.051546
сақтап	қалады	0.041237
сақтап	қалған	0.030928
сақтап	отырады	0.030928
сақтап	тұрады	0.030928
сезім	мүшесі	0.176471
секілді	ірі	0.043478
секілді	болып	0.043478
секілді	ол	0.043478
сендер	маған	0.333333
сене	отырып	0.600000
сенімен	бірге	1.000000
сияқты	болып	0.053571
сияқты	ірі	0.032143
сияқты	жаңа	0.028571
сияқты	көптеген	0.028571
сияқты	оның	0.028571
сияқты	үлкен	0.021429
сияқты	бұл	0.017857
сияқты	әр	0.017857
сияқты	түрлі	0.014286
сияқты	саяси	0.014286
сияқты	болады	0.014286
сияқты	көрінеді	0.014286
сияқты	арнайы	0.014286
сияқты	басқа	0.014286
сияқты	көп	0.014286
сияқты	және	0.010714
сияқты	әртүрлі	0.010714
сияқты	бағалы	0.010714
сияқты	ескі	0.010714
сияқты	жоғары	0.010714
сияқты	өз	0.010714
сияқты	олар	0.010714
сияқты	тағы	0.010714
сияқты	белгілі	0.010714
сияқты	бір	0.010714
солардың	ішінде	0.363636
солардың	бірі	0.309091
сонда	ол	0.130841
сонда	ғана	0.093458
сонда	да	0.074766
сонда	олар	0.037383
сонда	жұмыс	0.028037
сонда	осы	0.028037
сосын	сол	0.075000
сосын	бұл	0.075000
сосын	ол	0.075000
соға	бастады	0.428571
соң	оның	0.059880
соң	ол	0.056886
соң	ғана	0.056886
соң	да	0.035928
соң	жылы	0.035928
соң	олар	0.026946
соң	бірі	0.026946
соң	бұл	0.020958
соң	оны	0.020958
соң	оған	0.017964
соң	ақ	0.017964
соң	екінші	0.017964
соң	осы	0.017964
соң	қайта	0.014970
соң	екі	0.014970
соң	тағы	0.011976
соң	ең	0.011976
соң	сол	0.008982
соң	өзі	0.008982
соң	өзінің	0.008982
соң	өз	0.008982
соң	ауыл	0.008982
спорт	және	0.285714
стандартқа	сәйкес	0.428571
стандартқа	сай	0.428571
су	және	0.082707
су	асты	0.071429
су	астында	0.063910
су	құйып	0.052632
су	мен	0.045113
су	қоймасы	0.041353
су	көздері	0.030075
су	ішіп	0.018797
су	ретінде	0.018797
су	жер	0.015038
су	болады	0.015038
су	шығады	0.015038
су	басып	0.011278
су	деңгейін	0.011278
су	қосып	0.011278
су	тек	0.011278
су	да	0.011278
су	жүйесі	0.011278
су	жолы	0.011278
су	ішінде	0.011278
су	немесе	0.011278
су	ш	0.011278
суды	жақсы	0.076923
сурет	бар	0.129032
сурет	және	0.129032
сыртқа	қарай	0.272727
сыртқа	шығады	0.204545
сыртқа	шығып	0.159091
сұрай	келген	0.750000
сұрау	жасау	0.428571
сәйкес	келеді	0.364583
сәйкес	келді	0.026042
сәйкес	келмейді	0.026042
сәйкес	ол	0.020833
сәйкес	және	0.020833
сәйкес	елдің	0.015625
сәйкес	келу	0.015625
сәйкес	болуы	0.015625
сәйкес	келіп	0.015625
сәл	ғана	0.303030
сәл	төмен	0.121212
сәл	өзгеше	0.090909
сәттен	бастап	0.785714
сәтті	өтті	0.214286
сәтті	болды	0.107143
сәтті	болып	0.107143
сөйтіп	ол	0.091603
сөйтіп	жылы	0.076336
сөйтіп	бұл	0.068702
сөйтіп	олардың	0.045802
сөйтіп	екі	0.030534
сөйтіп	екінші	0.022901
сөйтіп	ойын	0.022901
сөйтіп	олар	0.022901
таба	алмай	0.318182
таба	алмайды	0.272727
табылады	және	0.181818
табылады	ол	0.090909
табылады	деп	0.060606
табылады	олар	0.060606
табылады	ал	0.060606
табылады	бірақ	0.045455
табылады	оның	0.045455
таза	ауа	0.084507
таза	қанды	0.070423
таза	су	0.056338
таза	ақ	0.056338
таза	және	0.042254
талапқа	сай	0.555556
тамшы	және	0.230769
тамызда	жылы	0.214286
тани	бастайды	0.272727
таныс	болды	0.160000
таныс	емес	0.160000
таныс	болған	0.120000
танысып	оның	0.250000
тапты	және	0.416667
тарап	кетті	0.206897
тарап	кеткен	0.206897
тарап	кетеді	0.103448
таратады	және	0.600000
тартып	алған	0.115385
тартып	алу	0.089744
тартып	алды	0.076923
тартып	алып	0.051282
тартып	алынған	0.051282
тартып	алуға	0.038462
тастайды	да	0.411765
тастайды	және	0.176471
тату	тәтті	0.428571
тақта	орнатылған	0.500000
таңдап	алу	0.214286
таңдап	алады	0.142857
таңдап	алып	0.119048
таңдап	алған	0.095238
таңдап	алынған	0.095238
те	атайды	0.477778
те	болса	0.044444
те	болады	0.033333
те	бар	0.022222
те	айтады	0.016667
театр	және	0.384615
театр	мен	0.128205
театр	ойын	0.076923
тек	қана	0.301471
тек	бір	0.066176
тек	жылы	0.045956
тек	осы	0.018382
тек	өз	0.018382
тек	белгілі	0.018382
тек	оның	0.014706
тек	екі	0.011029
тек	жылдан	0.011029
тек	бірнеше	0.009191
тек	жеке	0.009191
тек	соңғы	0.009191
тек	кейбір	0.009191
тек	өзінің	0.009191
тек	сол	0.009191
тек	өзі	0.007353
тек	сыртқы	0.007353
тек	он	0.007353
тек	батыс	0.007353
тек	аз	0.007353
тек	адамның	0.007353
тек	жоғарғы	0.007353
тек	ойын	0.005515
тек	біздің	0.005515
тек	оны	0.005515
тек	жақсы	0.005515
тек	мүмкін	0.005515
тек	ғана	0.005515
тек	теңіз	0.005515
тек	өздерінің	0.005515
тек	басқа	0.005515
телефон	арқылы	0.411765
телефон	жүйесі	0.235294
тең	болады	0.178862
тең	екі	0.081301
тең	емес	0.073171
тең	болуы	0.065041
тең	деп	0.048780
тең	болды	0.032520
тең	болса	0.032520
тең	және	0.024390
тең	болған	0.024390
тең	түскен	0.024390
тиым	салынған	1.000000
топ	болып	0.141304
топ	топ	0.076087
топ	ретінде	0.043478
топ	өзінің	0.032609
топ	мүшесі	0.032609
топ	құрып	0.032609
туды	ол	0.428571
туралы	шешім	0.059273
туралы	алғашқы	0.043977
туралы	ақпарат	0.034417
туралы	сөз	0.028681
туралы	мәселе	0.026769
туралы	көптеген	0.022945
туралы	нақты	0.021033
туралы	жазылған	0.021033
туралы	да	0.019120
туралы	айтады	0.019120
туралы	әңгіме	0.019120
туралы	көп	0.019120
туралы	ой	0.017208
туралы	жалпы	0.017208
туралы	ел	0.015296
туралы	келісім	0.015296
туралы	ғылым	0.015296
туралы	хабар	0.013384
туралы	айтып	0.013384
туралы	оның	0.009560
туралы	осы	0.009560
туралы	арнайы	0.009560
туралы	деген	0.009560
туралы	жазған	0.009560
туралы	пікір	0.009560
туралы	айта	0.007648
туралы	ештеңе	0.007648
туралы	жаңа	0.007648
туралы	емес	0.007648
туралы	соңғы	0.007648
туралы	және	0.007648
туралы	материалдар	0.007648
туралы	ең	0.005736
туралы	өлең	0.005736
туралы	деп	0.005736
туралы	кеңес	0.005736
туралы	алғаш	0.005736
туралы	терең	0.005736
туралы	толық	0.005736
туралы	маңызды	0.005736
тым	көп	0.125000
тым	аз	0.125000
тік	және	0.100000
тік	ұстап	0.050000
тік	құлама	0.050000
тік	тұрып	0.050000
тілі	мен	0.335570
тілі	және	0.046980
тілі	болып	0.046980
тілі	ретінде	0.040268
тілі	деп	0.020134
тілі	кең	0.020134
тілі	жоқ	0.020134
тілі	де	0.020134
тілі	француз	0.020134
түбі	бір	0.187500
түнде	жарық	0.142857
түнде	аулайды	0.142857
түнде	де	0.119048
түнде	шығады	0.071429
түс	береді	0.107143
түссіз	немесе	0.214286
түсінікті	болуы	0.142857
түсінікті	болады	0.107143
түсінікті	де	0.107143
түсінікті	болу	0.107143
түсініп	оны	0.272727
тұр	екен	0.208333
тұр	деп	0.125000
тұрады	оның	0.085106
тұрады	және	0.085106
тұрады	олардың	0.085106
тұрады	деп	0.074468
тұрады	ал	0.063830
тұрады	да	0.063830
тұрады	сондықтан	0.042553
тұрады	олар	0.031915
тұрғаннан	кейін	1.000000
тәртіпті	сақтау	0.833333
тәуелді	болады	0.172414
тәуелді	болды	0.120690
тәуелді	болып	0.103448
тәуелді	емес	0.086207
уақыт	бойы	0.197232
уақыт	өте	0.145329
уақыт	аралығында	0.086505
уақыт	ішінде	0.076125
уақыт	өткен	0.065744
уақыт	бойынша	0.048443
уақыт	пен	0.020761
уақыт	және	0.017301
уақыт	қана	0.017301
уақыт	өтті	0.013841
уақыт	кетеді	0.013841
уақыт	өмір	0.013841
уақыт	болатын	0.010381
уақыт	керек	0.010381
уақытқа	дейін	0.750000
университеті	және	0.176471
университеті	жылы	0.147059
университеті	мен	0.117647
француз	және	0.170213
француз	тілінде	0.170213
француз	университеті	0.085106
француз	испан	0.085106
француз	тілі	0.085106
француз	тіліне	0.085106
француз	әскері	0.063830
хабар	береді	0.294118
хабары	бар	0.750000
халықтың	өмір	0.054348
халықтың	және	0.043478
халықтың	пайызы	0.043478
халықтың	бір	0.032609
халықтың	өте	0.032609
ш	ш	0.178571
ш	мен	0.178571
ш	нда	0.142857
шабуыл	жасады	0.235294
шабуыл	жасаған	0.176471
шабуыл	жасап	0.176471
шабуыл	жасау	0.147059
шақырым	жерде	0.428571
шақырым	болатын	0.085714
шет	ел	0.571429
шет	елдік	0.085714
шешім	қабылданды	0.333333
шешім	қабылдауға	0.142857
шу	мен	0.142857
шын	аты	0.365854
шын	есімі	0.195122
шын	мәнісінде	0.170732
шынайы	түрде	0.090909
шығып	тұрады	0.090909
шығып	жатыр	0.085227
шығып	жатқан	0.051136
шығып	қалды	0.045455
шығып	кетеді	0.045455
шығып	тұрған	0.039773
шығып	өз	0.034091
шығып	кетті	0.022727
шығып	кетіп	0.022727
шығып	отырды	0.022727
шығып	қалады	0.017045
шығып	кететін	0.017045
шығып	үлкен	0.017045
шығып	оның	0.017045
шығып	осы	0.017045
ыңғайлы	әрі	0.130435
ыңғайлы	болу	0.108696
ыңғайлы	және	0.086957
ыңғайлы	болғандықтан	0.065217
экономикалық	және	0.375000
экономикалық	саяси	0.107143
экономикалық	жүйе	0.035714
экономикалық	қарым	0.026786
экономикалық	өмірі	0.026786
экономикалық	қайта	0.026786
экономикалық	жағдайы	0.026786
экономикалық	жағдай	0.026786
іздеу	және	0.117647
іздеу	мен	0.117647
іздеу	жүйесі	0.088235
іліп	қояды	0.285714
іліп	алып	0.214286
іске	асады	0.282051
іске	қосылып	0.179487
іске	қосады	0.153846
іске	асты	0.102564
істеу	үшін	0.476190
істеу	керек	0.285714
істеуге	мәжбүр	0.190476
істеуге	болады	0.142857
істеуге	мүмкіндік	0.142857
ісі	бойынша	0.108108
ісі	үшін	0.081081
ісі	де	0.081081
ісі	мен	0.081081
ісік	пайда	0.230769
ға	дейін	0.534884
ға	жетеді	0.100775
ға	тең	0.069767
ға	қарсы	0.023256
ғажап	емес	0.857143
ғашық	болады	0.333333
ғашық	болған	0.133333
ғашық	болып	0.133333
ғылым	мен	0.396226
ғылым	және	0.141509
ғылым	ретінде	0.075472
ғылым	болып	0.037736
ғылым	деп	0.037736
ғылым	екенін	0.028302
қабатты	болып	0.214286
қабыл	болсын	0.272727
қабылдауға	болады	0.166667
қабылдауға	арналған	0.166667
қабылдауға	мәжбүр	0.125000
қабырға	деп	0.272727
қаз	қатар	0.272727
қай	жерде	0.260000
қай	кезде	0.120000
қай	жылы	0.060000
қай	жерден	0.060000
қайта	қайта	0.130081
қайта	бастады	0.032520
қайта	алып	0.032520
қайта	келді	0.032520
қайта	жазып	0.024390
қайта	орнына	0.024390
қайта	қарап	0.024390
қалады	да	0.153846
қалады	және	0.115385
қалады	ал	0.076923
қалады	екен	0.057692
қалады	алайда	0.057692
қалады	оның	0.057692
қалай	болғанда	0.133333
қалай	пайда	0.066667
қалай	дегенмен	0.053333
қалай	әсер	0.053333
қалай	болса	0.040000
қалай	алуға	0.040000
қалам	тартып	0.272727
қалу	үшін	0.500000
қалыпты	жағдайда	0.392157
қалыпты	немесе	0.078431
қалыпты	жұмыс	0.058824
қалың	қар	0.085714
қалың	қол	0.085714
қалған	бөлігі	0.085714
қалған	жоқ	0.068571
қалған	еді	0.040000
қалған	екі	0.040000
қалған	екеуі	0.034286
қалған	барлық	0.034286
қалған	жағдайда	0.034286
қалған	соң	0.022857
қалған	және	0.022857
қалған	болатын	0.022857
қалған	уақытта	0.022857
қалған	екен	0.022857
қалған	халықтың	0.017143
қалған	сөз	0.017143
қалған	ол	0.017143
қан	мен	0.190476
қан	арқылы	0.079365
қан	қысымы	0.063492
қан	кету	0.063492
қанға	қан	0.375000
қар	мен	0.125000
қар	және	0.125000
қар	қалың	0.125000
қар	аз	0.075000
қар	жер	0.075000
қар	тез	0.075000
қарсы	шықты	0.072626
қарсы	шығып	0.053073
қарсы	болды	0.036313
қарсы	шыққан	0.030726
қарсы	тұра	0.025140
қарсы	болып	0.025140
қарсы	алды	0.025140
қарсы	алып	0.022346
қарсы	әсер	0.019553
қарсы	күш	0.019553
қарсы	болады	0.019553
қарсы	алады	0.019553
қарсы	болған	0.016760
қарсы	тұрған	0.013966
қарсы	әрекет	0.013966
қарсы	шығады	0.013966
қарсы	алған	0.013966
қарсы	дәрі	0.013966
қарсы	азаттық	0.013966
қарсы	қояды	0.011173
қарсы	жатқан	0.011173
қарсы	қойды	0.011173
қарсы	халық	0.011173
қарсы	тұрады	0.011173
қарсы	өткізіп	0.011173
қарсы	бірнеше	0.008380
қарсы	және	0.008380
қарсы	деп	0.008380
қарсы	келіп	0.008380
қарсы	екі	0.008380
қарсы	өткен	0.008380
қарым	қатынас	0.645390
қарым	қатынаста	0.219858
қарым	қатынасты	0.134752
қатар	ол	0.067568
қатар	бұл	0.059459
қатар	оның	0.032432
қатар	осы	0.027027
қатар	көптеген	0.024324
қатар	басқа	0.024324
қатар	олар	0.018919
қатар	өз	0.016216
қатар	жылы	0.013514
қатар	алып	0.013514
қатар	өзінің	0.013514
қатар	барлық	0.013514
қатар	үлкен	0.010811
қатар	оны	0.010811
қатар	жоғары	0.010811
қатар	әр	0.010811
қатар	жеке	0.010811
қатар	екі	0.010811
қатар	өмір	0.010811
қатар	рет	0.010811
қатар	ішкі	0.008108
қатар	салынған	0.008108
қатар	етіп	0.008108
қатар	жүрді	0.008108
қатар	жер	0.008108
қатар	адамның	0.008108
қатар	өзі	0.008108
қатар	сол	0.008108
қатар	бір	0.008108
қатар	аса	0.008108
қатар	жалпы	0.008108
қатар	қызмет	0.008108
қатар	жаңа	0.008108
қатар	ірі	0.008108
қатар	жүреді	0.008108
қатар	ең	0.008108
қатар	мұнда	0.008108
қатар	мұндай	0.008108
қатарынан	екінші	0.157895
қатарынан	екі	0.078947
қатарынан	көрінді	0.078947
қатты	әсер	0.080645
қатты	дене	0.072581
қатты	және	0.064516
қатты	немесе	0.040323
қатты	ауырады	0.040323
қатты	заттардың	0.032258
қатты	ауырып	0.032258
қатты	болады	0.024194
қатты	да	0.024194
қатты	жақсы	0.024194
қатты	зат	0.024194
қатты	азап	0.024194
қатынас	жасап	0.081967
қатынас	орнатуға	0.065574
қатынас	кезінде	0.065574
қатынас	жасау	0.049180
қатынас	және	0.049180
қатып	қалған	0.555556
қашан	да	0.571429
қашан	болмасын	0.107143
қашып	кетті	0.125000
қашып	кетеді	0.107143
қашып	кеткен	0.107143
қашып	жүрген	0.053571
қашып	бара	0.053571
қой	мен	0.270270
қой	ешкі	0.148649
қой	және	0.108108
қой	үстіне	0.040541
қой	еті	0.040541
қолдана	отырып	0.630435
қолдана	бастады	0.086957
қолдана	алатын	0.065217
қолдана	білген	0.065217
қолдануға	болады	0.367647
қолдануға	болмайды	0.147059
қолдануға	мүмкіндік	0.073529
қолдануға	арналған	0.058824
қолдануға	болатын	0.044118
қолдануға	рұқсат	0.044118
қолынан	қаза	0.341463
қолынан	шыққан	0.170732
қолынан	келмеді	0.121951
қосылып	кеткен	0.081081
қою	үшін	0.130435
қою	арқылы	0.086957
қою	керек	0.086957
қою	және	0.065217
қою	да	0.065217
қуып	жетіп	0.137931
қуып	жібереді	0.103448
қуып	шықты	0.103448
қуып	шыққан	0.103448
қыздың	ата	0.130435
қызмет	атқарады	0.210843
қызмет	көрсетеді	0.132530
қызмет	етіп	0.084337
қызмет	істейді	0.066265
қызмет	ететін	0.066265
қызмет	ете	0.054217
қызмет	көрсетуге	0.042169
қызмет	көрсетіп	0.030120
қызмет	істеп	0.024096
қызмет	жасаған	0.024096
қызмет	туралы	0.024096
қызмет	көрсете	0.018072
қысымы	мен	0.263158
құдай	деп	0.128205
құдай	немесе	0.076923
құдайға	арналған	0.272727
құйып	алады	0.166667
құпия	сатып	0.208333
құпия	болып	0.125000
құрт	тәрізді	0.571429
құқығын	басқа	0.250000
үйден	шығып	0.157895
үйіне	қайтып	0.093750
үкімет	басына	0.102564
үкімет	мүшесі	0.076923
үкімет	пен	0.076923
үкіметтік	емес	0.800000
үкіметі	бұл	0.085106
үкіметі	кезінде	0.085106
үкіметі	үшін	0.063830
үкіметі	жылы	0.063830
үлгі	ретінде	0.159091
үлгі	бойынша	0.136364
үлгі	алған	0.113636
үлгі	алып	0.068182
үлгі	алатын	0.068182
үлгісі	болып	0.117647
үлгісі	ретінде	0.117647
үлгісі	бойынша	0.088235
үлкен	және	0.060302
үлкен	әсер	0.040201
үлкен	бір	0.035176
үлкен	мән	0.035176
үлкен	емес	0.032663
үлкен	орын	0.027638
үлкен	ұлы	0.027638
үлкен	жетістіктерге	0.027638
үлкен	болады	0.027638
үлкен	болса	0.027638
үлкен	ықпал	0.020101
үлкен	қауіп	0.017588
үлкен	ми	0.015075
үлкен	бөлігі	0.015075
үлкен	қала	0.012563
үлкен	болып	0.012563
үлкен	көңіл	0.010050
үлкен	не	0.010050
үлкен	үш	0.010050
үлкен	көмек	0.010050
үлкен	топ	0.010050
үлкен	табыс	0.007538
үлкен	әсері	0.007538
үлкен	сауда	0.007538
үлкен	қоғамдық	0.007538
үлкен	кедергі	0.007538
үлкен	екі	0.007538
үлкен	құрмет	0.007538
үлкен	болған	0.007538
үлкен	су	0.007538
үлкен	ірі	0.007538
үлкен	алтын	0.007538
үлкен	болды	0.007538
үлкен	өзен	0.007538
үлкен	жер	0.007538
үлкен	жұмыс	0.007538
үшін	де	0.043759
үшін	және	0.025825
үшін	ең	0.022238
үшін	ол	0.021521
үшін	қажет	0.020803
үшін	арнайы	0.020086
үшін	өте	0.020086
үшін	оның	0.020086
үшін	бұл	0.016499
үшін	жылы	0.015782
үшін	белгілі	0.012912
үшін	бірнеше	0.012195
үшін	оны	0.012195
үшін	ғана	0.012195
үшін	оған	0.011478
үшін	бір	0.010760
үшін	жасалған	0.010043
үшін	түрлі	0.009326
үшін	алдымен	0.009326
үшін	үлкен	0.009326
үшін	екі	0.009326
үшін	көп	0.008608
үшін	олардың	0.008608
үшін	әр	0.008608
үшін	жаңа	0.007891
үшін	болған	0.007891
үшін	осы	0.007891
үшін	қызмет	0.007891
үшін	басқа	0.007174
үшін	оларды	0.007174
үшін	аса	0.007174
үшін	керек	0.007174
үшін	маңызды	0.007174
үшін	өз	0.006456
үшін	олар	0.006456
үшін	немесе	0.005739
үшін	сондай	0.005739
үшін	арналған	0.005739
үшін	жер	0.005739
үшін	су	0.005739
ұзын	болады	0.093023
ұзын	әрі	0.069767
ұзын	және	0.069767
ұзын	да	0.046512
ұзын	толқындар	0.034884
ұзын	болып	0.034884
ұзын	гүл	0.034884
ұзын	өзен	0.034884
ұзын	етіп	0.034884
ұйқы	кезінде	0.600000
ұстаған	дұрыс	0.157895
ұқсайды	және	0.230769
ұқсайды	бірақ	0.230769
әйгілі	болды	0.173913
әйгілі	болған	0.130435
әйгілі	бола	0.065217
әйгілі	болып	0.065217
әкеле	жатқан	0.600000
әкесімен	бірге	0.500000
әлде	қайда	0.285714
әлемдік	қаржы	0.210526
ән	айтып	0.131148
ән	мен	0.098361
ән	де	0.049180
ән	салуға	0.049180
ән	айтқан	0.049180
әрине	бұл	0.166667
әрине	мен	0.038462
әрине	бір	0.038462
әрине	оның	0.038462
әрине	мұндағы	0.038462
әрине	мұндай	0.038462
әртүрлі	болады	0.130435
әртүрлі	болуы	0.072464
әртүрлі	болып	0.043478
әсер	ететін	0.398058
әсер	етіп	0.242718
әсер	ете	0.087379
әсер	етпейді	0.058252
әсер	береді	0.048544
әскері	мен	0.285714
әскері	бар	0.122449
әскері	мың	0.061224
әулие	ата	0.157895
өзгеше	болады	0.181818
өзгеше	болды	0.151515
өзгеше	болуы	0.121212
өзгеше	түрде	0.121212
өздері	де	0.071429
өздері	жасап	0.053571
өздері	тұрған	0.053571
өздерінің	жеке	0.129630
өздерінің	ең	0.055556
өздерінің	ішкі	0.055556
өзен	қар	0.090909
өзен	дегенді	0.068182
өзен	мен	0.068182
өзен	бар	0.068182
өзінен	өзі	0.207547
өзінен	бұрынғы	0.150943
өзінен	ақ	0.094340
өзінен	үлкен	0.094340
өзінен	кейін	0.056604
өзінен	басқа	0.056604
өкпе	арқылы	0.166667
өкпе	және	0.125000
өкілі	болып	0.195652
өкілі	ретінде	0.130435
өкілі	болды	0.086957
өмірге	келген	0.187500
өмірге	келді	0.171875
өмірге	деген	0.109375
өмірге	келіп	0.046875
өмірге	алып	0.046875
өте	көп	0.111656
өте	сирек	0.074847
өте	аз	0.066258
өте	жоғары	0.055215
өте	үлкен	0.040491
өте	маңызды	0.039264
өте	келе	0.038037
өте	жақсы	0.030675
өте	қиын	0.026994
өте	ұқсас	0.025767
өте	күшті	0.020859
өте	ұсақ	0.019632
өте	төмен	0.019632
өте	жақын	0.018405
өте	кең	0.018405
өте	ауыр	0.017178
өте	әдемі	0.017178
өте	қарапайым	0.017178
өте	тез	0.017178
өте	ерте	0.015951
өте	қауіпті	0.015951
өте	ірі	0.013497
өте	қатты	0.013497
өте	алады	0.012270
өте	ыңғайлы	0.012270
өте	жылдам	0.011043
өте	ұзын	0.011043
өте	кішкентай	0.009816
өте	тығыз	0.009816
өте	дәмді	0.009816
өте	мықты	0.008589
өте	нашар	0.008589
өте	бағалы	0.008589
өте	ұзақ	0.007362
өте	жұмсақ	0.006135
өте	терең	0.004908
өте	дәл	0.004908
өте	бір	0.004908
өте	қымбат	0.004908
өте	алмай	0.003681
өтеді	де	0.127660
өтеді	екен	0.085106
өтеді	ал	0.085106
өтетін	болды	0.083333
өтетін	болса	0.083333
өтетін	және	0.062500
