ກຣາມ	ກ	0.750000
ກວາງ	ແລະ	0.428571
ກວາງ	ຫາຍ	0.428571
ກະກຽມ	ແລະ	0.875000
ກະຊວງ	ແລະ	0.407407
ກະຊວງ	ແຜນການ	0.222222
ກະຊວງ	ກ	0.185185
ກະຊວງ	ສາທາລະນະ	0.148148
ກາງ	ແລະ	0.562500
ກາງ	ກ	0.166667
ກາງ	ຂອງ	0.062500
ການກວດກາ	ແລະ	0.833333
ການກະກຽມ	ແລະ	0.933333
ການຂາຍ	ແລະ	0.666667
ການສອນ	ແລະ	0.853659
ການສອນ	ການວາງແຜນ	0.073171
ການຫາປາ	ແລະ	0.750000
ການາດາ	ແລະ	0.470588
ການເຈລະຈາ	ແລະ	1.000000
ການເສຍສະລະ	ແລະ	1.000000
ກຳໄລ	ແລະ	0.428571
ກຽດ	ກ	0.500000
ກຽດ	ແລະ	0.400000
ຂອງນາງ	ແລະ	0.800000
ຂອບ	ໃຈ	0.500000
ຂອບ	ເຂດ	0.500000
ຂອບເຂດ	ແລະ	0.500000
ຂອບເຂດ	ຂອງ	0.375000
ຂະຫຍາຍ	ແລະ	0.588235
ຂະໜາດ	ແລະ	0.315789
ຂະໜາດ	ຂອງ	0.263158
ຂະໜາດ	ກ	0.157895
ຂາຍ	ແລະ	0.612903
ຂາຍ	ກ	0.258065
ຂາດ	ສານ	0.363636
ຂາດ	ແລະ	0.272727
ຄວາມຍາວ	ກ	0.813953
ຄວາມຍາວ	ປະມານ	0.093023
ຄວາມສະດວກສະບາຍ	ແລະ	0.833333
ຄະແນນ	ເທ	0.454545
ງາມ	ແລະ	0.604167
ງາມ	ຂອງ	0.166667
ງາມ	ກ	0.125000
ຈະ	ກ	0.272727
ຈາກ	ປະເທດ	0.289256
ຈາກ	ກ	0.165289
ຈາກ	ແລະ	0.099174
ຈາກ	ແຂວງ	0.074380
ຈາກ	ເທ	0.033058
ຈາກ	ນາງ	0.024793
ຊອງ	ແລະ	0.785714
ຊະນະ	ແລະ	0.240000
ຊະນະ	ປອດໄພ	0.240000
ຊະນະ	ເກ	0.160000
ຊາ	ແລະ	0.649351
ຊາ	ກ	0.129870
ຊາ	ລວມ	0.038961
ຊາຍແດນ	ລາວ	0.722222
ຊາດ	ແລະ	0.305556
ຊາດ	ກ	0.263889
ຊາດ	ລາວ	0.208333
ຊາດ	ເອກະລາດ	0.041667
ຊາດ	ຂອງ	0.041667
ຍາກ	ແລະ	0.400000
ຍາກ	ໂດຍສະເພາະ	0.400000
ຍາວ	ກ	0.695652
ຍາວ	ແລະ	0.152174
ຕອນ	ແລະ	0.743590
ຕອນ	ຂອງ	0.068376
ຕອນ	ກ	0.051282
ຕອບ	ແລະ	0.500000
ຕອບ	ກ	0.500000
ຕາ	ແລະ	0.360000
ຕາ	ກ	0.160000
ຕາ	ໄຊຊະນະ	0.120000
ຕາມ	ກ	0.314815
ຕາມ	ໃນ	0.092593
ຕາມ	ທາງ	0.055556
ຖາວອນ	ແລະ	0.444444
ຖາວອນ	ຂອງ	0.333333
ທອງ	ແລະ	0.315789
ທອງ	ປະມານ	0.263158
ທອງ	ກ	0.157895
ທອງ	ໃນ	0.157895
ທະເລ	ແລະ	0.473684
ທະເລ	ກ	0.157895
ທາງ	ກ	0.314286
ທາງ	ແລະ	0.085714
ທາງ	ໄປ	0.085714
ທາງການ	ກ	0.333333
ທາງການ	ແລະ	0.333333
ທາງການ	ຂອງ	0.333333
ທາດ	ແລະ	0.800000
ນອກ	ຈາກ	0.750000
ນອນ	ແລະ	0.640000
ນາງ	ກ	0.455696
ນາງ	ຟ	0.164557
ນາງ	ເຈຍ	0.075949
ນາງ	ເກ	0.063291
ນາງ	ແລະ	0.050633
ບອກ	ແລະ	1.000000
ບາ	ແລະ	0.705882
ບາງ	ແລະ	0.400000
ບານ	ແລະ	0.821429
ບານ	ກ	0.089286
ປອດ	ແລະ	0.600000
ປອດໄພ	ແລະ	0.671429
ປອດໄພ	ປອດໄພ	0.171429
ປອດໄພ	ຊະນະ	0.114286
ປະຊາກອນ	ອາຍ	0.350000
ປະຊາກອນ	ປະມານ	0.250000
ປະທານ	ກ	0.339286
ປະທານ	ແລະ	0.321429
ປະທານ	ປະເທດ	0.107143
ປະທານ	ຂອງ	0.053571
ປະທານ	ສະພາບ	0.053571
ປະທານ	ຮອງ	0.053571
ປະມານ	ກ	0.773519
ປະມານ	ໂຕນ	0.090592
ປະມານ	ຂອງ	0.034843
ປະມານ	ເທ	0.024390
ປະມານ	ໃນ	0.020906
ປະມານ	ແລະ	0.017422
ປະເທດ	ແລະ	0.582857
ປະເທດ	ກ	0.200000
ປະເທດ	ລາວ	0.057143
ປະເທດ	ຟ	0.034286
ປະເທດ	ໂດຍສະເພາະ	0.022857
ປະເທດ	ຂອງ	0.017143
ປະໂຫຍດ	ແລະ	0.500000
ປາ	ແລະ	0.625000
ປາ	ກ	0.125000
ປານກາງ	ແລະ	0.750000
ປາມ	ກ	0.750000
ຜາ	ແລະ	1.000000
ພະຍາບານ	ແລະ	0.571429
ພະແນກ	ແລະ	0.750000
ພາຍນອກ	ແລະ	0.750000
ພາຍໃນ	ແລະ	0.788618
ພາຍໃນ	ປະເທດ	0.121951
ພາຍໃນ	ກ	0.024390
ພາຍໃນ	ພາຍນອກ	0.024390
ຟ	ກ	0.941935
ຟ	ຟ	0.019355
ຟ	ແລະ	0.012903
ຟ	ລຳ	0.012903
ມມ	ກ	0.206897
ມມ	ແລະ	0.137931
ມມ	ສະຖຽນລະພາບ	0.103448
ມມ	ຟ	0.103448
ມາຈາກ	ປະເທດ	0.580645
ມາຈາກ	ແຂວງ	0.193548
ມາດຕະການ	ແລະ	0.500000
ມາດຕະການ	ກ	0.346154
ມາດຕະຖານ	ແລະ	0.800000
ມາດຖານ	ແລະ	1.000000
ມານ	ແລະ	0.768657
ມານ	ກ	0.141791
ມານ	ຂອງ	0.029851
ຢາ	ແລະ	0.846154
ຢາ	ກ	0.153846
ຢາງ	ກ	0.571429
ຢາງ	ແລະ	0.428571
ລວມ	ກ	0.320000
ລວມ	ຂອງ	0.160000
ລວມ	ແລະ	0.160000
ລະອຽດ	ແລະ	0.800000
ລາຄາ	ກ	0.484848
ລາຄາ	ແລະ	0.333333
ລາຄາ	ໃນ	0.060606
ລາຄາ	ຂອງ	0.045455
ລາຍການ	ແລະ	0.516129
ລາຍການ	ກ	0.258065
ລາຍງານ	ກ	0.413043
ລາຍງານ	ຈາກ	0.347826
ລາຍງານ	ແລະ	0.173913
ລາວ	ແລະ	0.617772
ລາວ	ກ	0.221439
ລາວ	ລາວ	0.033850
ລາວ	ໂດຍສະເພາະ	0.023272
ລາວ	ຂອງ	0.014104
ລາວ	ໂດຍ	0.011989
ລາວ	ໃນ	0.011283
ລາວ	ເກ	0.011283
ລາວ	ຈາກ	0.005642
ລາວ	ປະມານ	0.004937
ລາວ	ເທ	0.004231
ລາວ	ໄປ	0.003526
ລາວ	ໄລຍະ	0.003526
ລາວ	ສາກ	0.002821
ລາວ	ປະທານ	0.002821
ລາວ	ຕາມ	0.002821
ລາວ	ຟ	0.002116
ລາວ	ຈະ	0.002116
ລຳ	ແລະ	0.666667
ສວນ	ແລະ	0.428571
ສອງ	ແລະ	0.340000
ສອງ	ກ	0.160000
ສອງ	ໃນ	0.100000
ສອງ	ຂອງ	0.080000
ສອງ	ສາມ	0.080000
ສອນ	ແລະ	0.733333
ສອນ	ຂອງ	0.066667
ສະດວກ	ແລະ	0.903846
ສະດວກສະບາຍ	ແລະ	0.812500
ສະຖຽນລະພາບ	ແລະ	0.949367
ສະພາບອາກາດ	ແລະ	1.000000
ສະເປນ	ເກ	0.733333
ສະເປນ	ແລະ	0.200000
ສະເພາະ	ແລະ	0.416667
ສະໂມສອນ	ກ	0.230769
ສະໂມສອນ	ຂອງ	0.230769
ສະໜາມ	ເວລາ	0.545455
ສະໜາມ	ກ	0.272727
ສາຍ	ແລະ	0.428571
ສາຍ	ກ	0.214286
ສາທາລະນະ	ກ	0.500000
ສາມ	ແລະ	0.347826
ສາມ	ກ	0.130435
ສາມ	ໃນ	0.130435
ສາມາດ	ເກ	0.173913
ສາມາດ	ຟ	0.130435
ສາເຫດ	ແລະ	0.823529
ຫວານ	ແລະ	0.800000
ຫາຍາກ	ແລະ	1.000000
ອອກ	ແລະ	0.285714
ອອກ	ໄປ	0.142857
ອາກາດ	ແລະ	0.500000
ອາຈານ	ແລະ	0.950920
ອາຈານ	ກ	0.042945
ອາບ	ດາບ	1.000000
ອຳນາດ	ແລະ	0.272727
ອຳນາດ	ກ	0.272727
ຮອງ	ປະທານ	0.750000
ເກ	ກ	0.588235
ເກມ	ແລະ	0.666667
ເຂດ	ແລະ	0.631579
ເຈຍ	ແລະ	0.437209
ເຈຍ	ລາວ	0.339535
ເຈຍ	ກ	0.125581
ເຈຍ	ຟ	0.013953
ເຈຍ	ປະມານ	0.013953
ເຈລະຈາ	ແລະ	0.750000
ເທ	ກ	1.000000
ເບຍ	ແລະ	0.666667
ເພງ	ແລະ	0.583333
ເພງ	ກ	0.333333
ເພດ	ແລະ	0.416667
ເສດຖະສາດ	ແລະ	0.800000
ເຫດການ	ແລະ	0.714286
ເອກ	ແລະ	0.833333
ເອກະສານ	ແລະ	0.500000
ແກະ	ແລະ	1.000000
ແຂງ	ແລະ	0.727273
ແທນ	ແລະ	0.560000
ແທນ	ຈາກ	0.120000
ແທນ	ກ	0.120000
ແນວທາງ	ແລະ	0.666667
ແນວທາງ	ນະໂຍບາຍ	0.333333
ແນະນຳ	ແລະ	0.600000
ແພງ	ແລະ	0.714286
ແອສປາໂຍນ	ແລະ	0.750000
ໂຄສະນາ	ແລະ	0.789474
ໂດຍ	ກ	0.216216
ໂດຍ	ເກ	0.135135
ໂດຍ	ສະເພາະ	0.121622
ໂດຍ	ແລະ	0.108108
ໂດຍ	ໃນ	0.054054
ໂດຍສະເພາະ	ກ	0.625000
ໂດຍສະເພາະ	ແລະ	0.125000
ໂດລາ	ແລະ	0.444444
ໂຕນ	ແລະ	0.389831
ໂຕນ	ເທ	0.389831
ໂຕນ	ກ	0.101695
ໂທ	ພະແນກ	0.750000
ໂທລະພາບ	ແລະ	0.916667
ໂພຊະນາການ	ແລະ	0.666667
ໂລກ	ແລະ	0.405405
ໂລກ	ໂດຍ	0.297297
ໂລກ	ສາຍ	0.081081
ໂອກາດ	ແລະ	0.777778
ໂຮງງານ	ແລະ	0.666667
ໂຮງແຮມ	ແລະ	0.619048
ໂຮງແຮມ	ດາວ	0.285714
ໃດ	ກ	0.769231
ໃດ	ແລະ	0.230769
ໃນ	ແລະ	0.152905
ໃນ	ເສດຖະສາດ	0.119266
ໃນ	ແຂວງ	0.119266
ໃນ	ກ	0.103976
ໃນ	ປະເທດ	0.070336
ໃນ	ໂລກ	0.039755
ໃນ	ພາກ	0.030581
ໃນ	ໄລຍະ	0.027523
ໃນ	ຟ	0.021407
ໃນ	ໃນ	0.015291
ໃນ	ຂອງ	0.015291
ໃນ	ເຂດ	0.015291
ໃນ	ສະພາບ	0.012232
ໃນ	ສະເປນ	0.012232
ໃນ	ເທ	0.012232
ໃນ	ໂຄງການ	0.012232
ໃນ	ກອງ	0.012232
ໃນ	ເກ	0.009174
ໃນ	ໂດຍ	0.009174
ໃນ	ຂອບ	0.009174
ໃນ	ໂອກາດ	0.009174
ໃນ	ພາສາ	0.009174
ໃນ	ໂຮງຮຽນ	0.009174
ໄກ	ກ	0.351852
ໄກ	ເກ	0.185185
ໄກ	ແລະ	0.166667
ໄກ	ປາ	0.074074
ໄປ	ກ	0.245283
ໄປ	ແລະ	0.188679
ໄປ	ມາ	0.113208
ໄປ	ແຂວງ	0.094340
ໄປ	ຕາມ	0.075472
ໄລຍະ	ກ	0.333333
ໄລຍະ	ແລະ	0.300000
ໄລຍະ	ທາງ	0.133333
ໄລຍະ	ຍາວ	0.100000
ໜອງ	ແລະ	0.375000
