a	funda	0.584158
a	kungani	0.039604
a	kumele	0.029703
a	uma	0.029703
ababehlala	khona	0.363636
ababehlala	kulo	0.272727
ababili	ngesikhathi	0.087719
ababili	noma	0.052632
ababili	kwathi	0.052632
ababili	babo	0.046784
ababili	kodwa	0.035088
ababili	nabo	0.029240
ababili	kanye	0.029240
ababili	kusho	0.029240
ababili	ngoba	0.023392
ababili	abathathu	0.023392
ababili	emuva	0.023392
ababili	kanti	0.023392
ababili	kuphela	0.023392
ababili	kubo	0.023392
ababili	endaweni	0.017544
ababili	e	0.017544
ababili	omunye	0.017544
ababili	na	0.017544
abahlala	ezindaweni	0.160714
abahlala	kuzo	0.125000
abahlala	khona	0.089286
abahlala	kuyona	0.053571
abahlala	edolobheni	0.053571
abahlala	ngaphansi	0.053571
abangane	kanye	0.927586
abangane	bakhe	0.037931
abangane	bami	0.017241
abaningi	bathi	0.064286
abaningi	kangaka	0.050000
abaningi	ngesikhathi	0.050000
abaningi	kakhulu	0.042857
abaningi	kubo	0.028571
abaningi	kepha	0.021429
abaningi	njengoba	0.021429
abaningi	kanti	0.021429
abaningi	kuleli	0.021429
abaningi	e	0.021429
abaningi	abanye	0.021429
abaningi	bethi	0.021429
abaningi	lokho	0.021429
abantu	abaningi	0.095000
abantu	ababili	0.057222
abantu	ukuthi	0.051111
abantu	bakhe	0.048889
abantu	bami	0.045000
abantu	bonke	0.043889
abantu	abathathu	0.036667
abantu	abadala	0.030556
abantu	kumele	0.025000
abantu	ukuba	0.022778
abantu	abasha	0.022222
abantu	bakho	0.021667
abantu	bathi	0.018889
abantu	abahlala	0.016111
abantu	base	0.015556
abantu	kusho	0.015000
abantu	babe	0.010000
abantu	ngoba	0.008333
abantu	kodwa	0.008333
abantu	laba	0.007222
abantu	bakhona	0.006111
abantu	wathi	0.006111
abantu	bendawo	0.006111
abantu	ngesikhathi	0.006111
abantu	uma	0.006111
abantu	benza	0.005556
abantu	noma	0.005556
abantu	bahlale	0.005556
abantu	ukuze	0.005556
abantu	baqala	0.005000
abantu	nje	0.005000
abantu	abantu	0.005000
abantu	nezilwane	0.005000
abantu	bayo	0.005000
abantu	ngokuba	0.004444
abantu	futhi	0.004444
abantu	babo	0.003889
abantu	abafana	0.003889
abantu	babona	0.003889
abantu	basemzini	0.003889
abathathu	kwathi	0.116279
abathathu	ngesikhathi	0.081395
abathathu	kusho	0.058140
abathathu	ukuba	0.046512
abathathu	phakathi	0.034884
abathathu	noma	0.034884
abo	bonke	0.106145
abo	kusho	0.050279
abo	ngenxa	0.033520
abo	noma	0.022346
abo	ukuze	0.022346
abo	amabili	0.022346
abo	bathi	0.016760
abo	bobabili	0.016760
abo	kodwa	0.016760
abo	uma	0.016760
abo	ngesikhathi	0.016760
abo	phezu	0.016760
abo	njengoba	0.016760
abo	ukuba	0.016760
abone	ukuthi	0.303030
abuyele	ekhaya	0.240741
abuyele	enkantolo	0.148148
abuyele	emuva	0.074074
abuyele	endlini	0.074074
abuyele	ezulwini	0.055556
agasti	ngesikhathi	0.095238
agasti	kusho	0.079365
agasti	kanti	0.063492
agasti	amaphoyisa	0.063492
agasti	ngemuva	0.047619
agasti	kuze	0.047619
agasti	uthe	0.047619
akazange	asho	0.185185
akazange	abe	0.111111
akubanga	khona	0.166667
akubanga	lula	0.166667
akubanga	njalo	0.166667
akusiyo	into	0.290323
akusiyo	indawo	0.096774
akusiyo	nje	0.096774
akwazi	ukuqinisekisa	0.061538
akwazi	ukukhipha	0.061538
akwazi	ukuthola	0.061538
akwazi	ukusiza	0.061538
akwazi	ukuthi	0.061538
akwazi	ukudlala	0.061538
alikho	iqembu	0.214286
alikho	icala	0.095238
alikho	futhi	0.071429
alikho	iphutha	0.071429
ama	e	0.275862
ama	israyeli	0.172414
ama	cd	0.137931
amabili	edlule	0.138996
amabili	nambili	0.065637
amabili	ngesikhathi	0.050193
amabili	kusho	0.034749
amabili	kuphela	0.034749
amabili	e	0.030888
amabili	kanye	0.023166
amabili	ukuthi	0.023166
amabili	nje	0.019305
amabili	noma	0.015444
amabili	ezayo	0.015444
amabili	abe	0.015444
amabili	ka	0.011583
amabili	ngaphambi	0.011583
amabili	abantu	0.011583
amabili	kwathi	0.011583
amabili	enye	0.011583
amabili	ama	0.011583
amabili	wathi	0.011583
amafutha	ami	0.200000
amahemuhemu	athi	0.818182
amakhanda	abo	0.304348
amakhaya	abo	0.710526
amakhaya	azo	0.078947
amakhulu	abantu	0.224138
amakhulu	amabili	0.068966
amaloli	amabili	0.307692
amaloli	amathathu	0.230769
amandla	akhe	0.158730
amandla	ami	0.084656
amandla	akho	0.084656
amandla	phezu	0.074074
amandla	ethu	0.058201
amandla	ngenxa	0.026455
amandla	abo	0.026455
amandla	phakathi	0.026455
amandla	ngoba	0.021164
amandla	amaningi	0.021164
amandla	kusho	0.015873
amandla	phambi	0.015873
amandla	ayo	0.015873
amandla	ngomoya	0.015873
amane	nambili	0.074074
amane	kwathi	0.049383
amane	kusho	0.049383
amane	kuphela	0.037037
amaphiko	awo	0.363636
amaphiko	akhe	0.272727
amaphiko	azo	0.272727
amasonto	amabili	0.355932
amasonto	amathathu	0.220339
amasonto	ayisikhombisa	0.084746
amasonto	amane	0.067797
amasosha	e	0.090909
amasosha	amathathu	0.080808
amasosha	ethu	0.070707
amasosha	amabili	0.070707
amasosha	kusho	0.040404
amasosha	lawa	0.040404
amasosha	ayo	0.040404
amasosha	ukuthi	0.040404
amasosha	ayisikhombisa	0.030303
amasosha	akhe	0.030303
amasosha	ka	0.030303
amazwi	ami	0.347826
amazwi	akhe	0.180124
amazwi	akho	0.124224
amazwi	abo	0.037267
amazwi	abantu	0.037267
amazwi	amaningi	0.031056
amazwi	emlonyeni	0.024845
and	a	0.127273
and	i	0.090909
and	the	0.090909
and	social	0.054545
angatsheli	muntu	1.000000
angithi	nguye	0.063830
anti	wakhe	0.416667
asikho	isidingo	0.395062
asikho	isikhathi	0.111111
asikho	isizathu	0.111111
asikho	isivumelwano	0.049383
asikho	nje	0.037037
asuke	ku	0.333333
avele	enkantolo	0.753846
avele	ngaphambi	0.176923
awu	nkosi	0.214286
ayisikhombisa	nambili	0.088235
aze	afike	0.191489
aze	abe	0.127660
aze	adle	0.063830
aze	abuye	0.063830
azo	zonke	0.120000
babaleka	bashiya	0.181818
babaleka	phambi	0.151515
babaleka	ebusweni	0.121212
babe	ngabantu	0.131313
babe	namahloni	0.090909
babe	khona	0.090909
babe	naye	0.090909
babe	ngu	0.070707
babe	nomhlangano	0.060606
babe	nendawo	0.030303
babe	ngaphezu	0.030303
babe	namandla	0.030303
babulale	iphoyisa	0.230769
badle	ifa	0.166667
badle	isinkwa	0.111111
badle	izithelo	0.111111
badle	inyama	0.083333
bafaka	isicelo	0.470588
bahlala	phansi	0.200000
bahlala	khona	0.183333
bahlala	ndawonye	0.083333
bahlale	khona	0.100000
bahlale	ndawonye	0.100000
bahlale	phansi	0.100000
bami	u	0.094340
bami	ukuba	0.075472
bami	na	0.062893
bami	mina	0.050314
bami	uma	0.037736
bami	ukuthi	0.025157
bami	kubo	0.025157
bami	ukuze	0.025157
bami	kuze	0.025157
bami	ngokuba	0.018868
baphendula	bathi	0.608696
baphendula	abantu	0.173913
bashiya	amakhaya	0.500000
bathanda	ukuhamba	0.150000
bathola	ukuthi	0.259259
bathola	ukulimala	0.111111
bathola	ukwelashwa	0.061728
bathola	abantu	0.037037
bazama	ukuthola	0.206897
bazama	ukukhipha	0.103448
baze	bafika	0.320755
baze	bathi	0.207547
baze	babe	0.132075
baze	benza	0.056604
bebona	ukuthi	0.361111
bebona	lokho	0.083333
bebuyela	emuva	0.266667
bebuyela	emakhaya	0.200000
bebuyela	enkantolo	0.200000
bendawo	kanye	0.300000
beyofuna	umsebenzi	1.000000
bheka	ke	0.054455
bheka	kwafika	0.047030
bheka	manje	0.039604
bheka	inkosi	0.039604
bheka	izinsuku	0.039604
bheka	kwakukhona	0.024752
bheka	mina	0.024752
bheka	abantu	0.019802
bheka	u	0.019802
bheka	inceku	0.017327
bheka	unkulunkulu	0.017327
bheka	inkazimulo	0.014851
bheka	ukuthi	0.012376
bheka	kukhona	0.012376
bheka	bonke	0.012376
bheka	isandla	0.012376
bheka	lapho	0.012376
bheka	lokhu	0.012376
bheka	lo	0.012376
bheka	khona	0.012376
bheka	kwakungekho	0.009901
bheka	amadoda	0.009901
bheka	ingelosi	0.009901
bheka	izitha	0.009901
bheka	izwe	0.009901
bheka	nazi	0.007426
bheka	indoda	0.007426
bheka	i	0.007426
bheka	izindaba	0.007426
bheka	izwi	0.007426
bheka	kwase	0.007426
bheka	laba	0.007426
bheka	lokho	0.007426
bheka	ngalokho	0.007426
bheka	nje	0.007426
bheka	owesifazane	0.007426
bheka	ukuhlupheka	0.007426
bheka	umuntu	0.007426
bheka	uma	0.007426
bheka	impi	0.007426
bo	baba	0.210526
bo	vele	0.157895
buqamama	nalapho	0.500000
cha	mina	0.086957
cha	ngeke	0.086957
cha	bandla	0.057971
cha	khona	0.043478
dlamini	uthe	0.400000
dlamini	uthi	0.300000
ebanzi	lapho	0.428571
ebukeka	kahle	0.428571
ebuthongweni	bakhe	0.571429
eduze	kwakhe	0.139535
eduze	kwami	0.116279
eduze	kwayo	0.093023
eduze	nomfula	0.069767
efanayo	naleyo	0.148148
efanele	kusho	0.200000
efanele	yini	0.133333
efika	lapha	0.078431
efika	khona	0.058824
efika	endaweni	0.058824
efika	kubo	0.058824
efika	esibhedlela	0.058824
egazini	lami	0.214286
egazini	lakhe	0.214286
egcekeni	elingaphakathi	0.178571
egcwele	umoya	0.200000
egcwele	umusa	0.120000
egqoke	isikibha	0.200000
egqoke	izimpahla	0.120000
egqoke	ingubo	0.120000
egqoke	isiketi	0.120000
ekhala	ngokuthi	0.378378
ekhala	ethi	0.108108
ekhala	izinyembezi	0.081081
ekhala	ememeza	0.081081
ekhuluma	ne	0.126866
ekhuluma	ngokuthi	0.044776
ekhuluma	esidlweni	0.044776
ekhuluma	esiteshini	0.037313
ekhuluma	nabantu	0.037313
ekhuluma	ngesikhathi	0.037313
ekhuluma	kwi	0.029851
ekhuluma	ethi	0.029851
ekhuluma	etshela	0.029851
ekhuluma	naye	0.029851
ekhuluma	e	0.022388
ekhuluma	ku	0.022388
ekhuluma	ngemuva	0.022388
ekhuluma	uthe	0.022388
ekuseni	kusho	0.151515
ekuseni	kakhulu	0.077441
ekuseni	ngolwesine	0.047138
ekuseni	ngesikhathi	0.043771
ekuseni	njalo	0.026936
ekuseni	kanti	0.023569
ekuseni	ngemuva	0.023569
ekuseni	kuze	0.020202
ekuseni	ngolwesithathu	0.020202
ekuseni	namhlanje	0.016835
ekuseni	bheka	0.016835
ekuseni	ukuthi	0.016835
ekuseni	uma	0.016835
ekuseni	ngakusasa	0.016835
ekuseni	kodwa	0.016835
ekuseni	ngomsombuluko	0.013468
ekuseni	kusasa	0.013468
ekuseni	njengoba	0.013468
ekuseni	mayelana	0.010101
ekuseni	ngoba	0.010101
ekuseni	abantu	0.010101
ekuseni	uthi	0.010101
ekuseni	ngenxa	0.010101
ekutheni	abantu	0.086093
ekutheni	kube	0.079470
ekutheni	lo	0.052980
ekutheni	lokhu	0.033113
ekutheni	i	0.033113
ekutheni	uma	0.026490
ekutheni	iqembu	0.026490
ekutheni	omunye	0.019868
elele	phansi	0.295455
elele	edamini	0.068182
elele	endaweni	0.068182
elele	kulo	0.068182
elibizwa	ngokuthi	0.666667
elikhulu	kakhulu	0.097087
elikhulu	wathi	0.077670
elikhulu	ngolimi	0.029126
elikhulu	kodwa	0.029126
elikhulu	amatshe	0.029126
elikhulu	labantu	0.029126
elilodwa	kuphela	0.074074
elilodwa	ngoba	0.074074
elilodwa	kanti	0.055556
elilodwa	kusho	0.055556
elilodwa	ngesikhathi	0.055556
elincane	ukuthi	0.230769
elingana	no	1.000000
elungile	ngokuba	0.200000
emagatsheni	awo	0.571429
emahlombe	akhe	0.250000
emahlombe	abo	0.150000
emakhaya	abo	0.173333
emakhaya	kusho	0.066667
emakhaya	ngenxa	0.053333
emakhaya	azo	0.053333
emakhaya	ngoba	0.040000
emgwaqeni	omkhulu	0.166667
emgwaqeni	u	0.095238
emgwaqeni	kusho	0.083333
emgwaqeni	ngesikhathi	0.059524
emgwaqeni	kanti	0.035714
emgwaqeni	futhi	0.035714
emhlane	uma	0.115385
emini	ngokuba	0.083333
emini	enkulu	0.062500
emini	ngesikhathi	0.062500
emini	lapho	0.062500
eminyakeni	eyishumi	0.317460
eminyakeni	emihlanu	0.253968
eminyakeni	eminingi	0.095238
eminyakeni	eyisithupha	0.063492
eminyakeni	eyedlule	0.063492
eminyakeni	ezayo	0.047619
eminyakeni	edlule	0.047619
emlonyeni	wakhe	0.322581
emlonyeni	wami	0.258065
emlonyeni	wakho	0.150538
emlonyeni	wabo	0.129032
emlonyeni	wayo	0.032258
empeleni	nje	0.130435
empilweni	yakho	0.242718
empilweni	yami	0.213592
empilweni	yakhe	0.155340
empilweni	zethu	0.087379
empilweni	zabo	0.048544
empilweni	yabo	0.029126
encane	kakhulu	0.111111
encwadini	yakhe	0.222222
encwadini	yakho	0.111111
encwadini	ka	0.111111
encwadini	yokuqala	0.111111
engena	endlini	0.117647
engena	phambi	0.098039
engena	ephuma	0.058824
eningizimu	ne	0.500000
enkantolo	enkulu	0.274760
enkantolo	ngolwesithathu	0.057508
enkantolo	ngomsombuluko	0.054313
enkantolo	ngolwesine	0.041534
enkantolo	kungekudala	0.035144
enkantolo	mayelana	0.031949
enkantolo	njengoba	0.028754
enkantolo	uma	0.028754
enkantolo	kusho	0.028754
enkantolo	ukuze	0.022364
enkantolo	maduze	0.022364
enkantolo	icala	0.022364
enkantolo	ngesikhathi	0.019169
enkantolo	ngoba	0.019169
enkantolo	ngesonto	0.019169
enkantolo	wathi	0.015974
enkantolo	u	0.012780
enkantolo	maduzane	0.012780
enkantolo	ngemuva	0.009585
enkantolo	futhi	0.009585
enkantolo	namhlanje	0.009585
enkantolo	kuleli	0.009585
enkantolo	emuva	0.009585
entsha	yenkomo	0.086207
entsha	futhi	0.051724
ephela	emehlweni	0.750000
esebenza	khona	0.187500
eseqedile	ukukhuluma	0.310345
eseqedile	lawo	0.103448
esho	etshela	0.264706
esho	kanje	0.176471
esho	ekhuluma	0.117647
esho	ngesikhathi	0.082353
esho	ukuthi	0.041176
esho	ngemuva	0.023529
esho	ngolwesithathu	0.023529
esho	esidlweni	0.017647
esho	ku	0.017647
esidlangalaleni	ukuthi	0.160000
esidlweni	sasekuseni	0.714286
esifubeni	sakhe	0.191489
esifubeni	sami	0.106383
esifubeni	sakho	0.106383
esifubeni	kusho	0.106383
esikhundleni	sakhe	0.508696
esikhundleni	sika	0.039130
esikhundleni	sokuthi	0.034783
esikhundleni	kusho	0.034783
esikhundleni	emuva	0.026087
esikhundleni	sakho	0.026087
esikhundleni	sayo	0.026087
esikhundleni	sawo	0.017391
esikhundleni	ungqongqoshe	0.013043
esikhundleni	sabo	0.013043
esikhundleni	sami	0.013043
esikhundleni	salo	0.013043
esikhundleni	ngoba	0.013043
esikhundleni	uma	0.013043
esuka	ku	0.137931
ethi	kumele	0.044674
ethi	uma	0.037801
ethi	i	0.027491
ethi	lapho	0.017182
ethi	yena	0.017182
ethi	uhulumeni	0.017182
ethi	lesi	0.013746
ethi	indodana	0.013746
ethi	kubo	0.013746
ethi	ngeke	0.013746
ethi	inkosi	0.013746
ethi	umnyango	0.013746
ethi	mina	0.010309
ethi	wena	0.010309
ethi	le	0.010309
ethi	futhi	0.010309
ethi	isimo	0.010309
ethi	kuwe	0.010309
ethi	yona	0.010309
ethi	abantu	0.010309
ethi	nkosi	0.010309
ethi	umuntu	0.010309
ethi	bonke	0.010309
ethi	unkulunkulu	0.010309
ethi	namhlanje	0.010309
ethi	lokho	0.010309
ezahlukene	kusho	0.107143
ezahlukene	ukuze	0.107143
ezine	ngesikhathi	0.061538
ezine	ngaphambi	0.046154
ezine	kuphela	0.046154
ezine	kanye	0.046154
ezinhle	kakhulu	0.125000
ezinhle	kodwa	0.093750
eziningi	kepha	0.079646
eziningi	kakhulu	0.061947
eziningi	futhi	0.035398
eziningi	kodwa	0.026549
eziningi	uma	0.026549
eziningi	ikakhulukazi	0.026549
eziningi	ngokuba	0.026549
eziningi	njengoba	0.026549
ezinye	izindaba	0.269231
ezinye	izinto	0.162393
ezinye	izidumbu	0.085470
ezinye	zazo	0.047009
ezinye	izimoto	0.042735
ezinye	izingane	0.034188
ezinye	zithi	0.021368
ezinye	izinsuku	0.021368
ezinye	izingubo	0.017094
ezinye	ezimbili	0.012821
ezinye	izinsiza	0.012821
ezinye	futhi	0.012821
ezinye	izindlu	0.012821
ezinye	kodwa	0.012821
eziyishumi	nambili	0.554054
ezokuphepha	ezweni	0.148148
ezokuphepha	kanjalo	0.111111
ezokuphepha	emzini	0.111111
hamba	uye	0.232143
hamba	wenze	0.089286
hamba	kahle	0.053571
hamba	ngokuba	0.053571
hamba	ke	0.053571
hamba	ube	0.053571
hambani	nina	0.500000
hey	wena	0.750000
hhayi	ngoba	0.147887
hhayi	nje	0.084507
hhayi	ukuthi	0.070423
hhayi	ke	0.056338
hhayi	nkosi	0.021127
hhayi	bo	0.021127
hhayi	cha	0.021127
hhayi	mina	0.021127
hhayi	abantu	0.021127
hhayi	umhlatshelo	0.021127
hhayi	kuphela	0.021127
hlathi	uthe	0.900000
ibandla	lakhe	0.214953
ibandla	lonke	0.140187
ibandla	lami	0.065421
ibandla	elikhulu	0.056075
ibandla	lakho	0.046729
ibandla	lase	0.037383
ibandla	lawo	0.028037
ibandla	leli	0.028037
ibandla	kulo	0.028037
ibandla	elilodwa	0.028037
ibanga	elide	0.235294
ibanga	kusukela	0.176471
ibanga	phakathi	0.176471
ibhasi	leli	0.148148
ibhasi	ngesikhathi	0.111111
ibhayibheli	lithi	0.325000
ibhayibheli	kuphela	0.100000
ibhokisi	lemali	0.600000
icala	lakhe	0.147860
icala	labo	0.050584
icala	ngoba	0.046693
icala	leli	0.035019
icala	lami	0.031128
icala	enkantolo	0.031128
icala	kusho	0.027237
icala	esiteshini	0.027237
icala	uma	0.027237
icala	libe	0.023346
icala	wathi	0.023346
icala	ngemuva	0.019455
icala	elilodwa	0.019455
icala	ngenxa	0.015564
icala	kanti	0.015564
icala	lase	0.015564
icala	lomfana	0.015564
icala	ngaphansi	0.015564
icala	ngaphambi	0.015564
icala	lakho	0.011673
icala	ukuze	0.011673
icala	kodwa	0.011673
icala	labe	0.011673
icala	emuva	0.011673
icala	ngokusemthethweni	0.011673
icala	noma	0.011673
ifuna	ukuthi	0.115385
ifuna	imali	0.057692
ifuna	ukuba	0.057692
ijaji	enkantolo	0.333333
ijaji	u	0.296296
ijaji	ukuthi	0.148148
ikhanda	lakhe	0.261364
ikhanda	lami	0.147727
ikhanda	lakho	0.125000
ikhanda	lika	0.056818
ikhasimende	lakhe	0.800000
ikhomba	ukuthi	0.800000
ikhona	yini	0.142857
ikhona	enye	0.059524
ikhona	imali	0.059524
ikhona	indawo	0.047619
ikhona	into	0.035714
ikhona	futhi	0.035714
ikhono	lakhe	0.857143
ilele	phansi	0.333333
ilizwi	lakhe	0.428571
ilizwi	lodwa	0.142857
ilizwi	lika	0.142857
ilungu	le	0.645161
imali	yakhe	0.077778
imali	eningi	0.055556
imali	kusho	0.044444
imali	ekhaya	0.036111
imali	yami	0.025000
imali	yabo	0.025000
imali	encane	0.022222
imali	ngoba	0.022222
imali	uma	0.019444
imali	lena	0.019444
imali	noma	0.016667
imali	ukuze	0.016667
imali	yethu	0.016667
imali	yayo	0.016667
imali	elingana	0.013889
imali	njengoba	0.013889
imali	kanye	0.013889
imali	ebhange	0.013889
imali	kuze	0.013889
imali	enkulu	0.013889
imali	ku	0.011111
imali	yokuthenga	0.011111
imali	ngendlela	0.011111
imali	ayikho	0.008333
imali	yokuthi	0.008333
imali	engekho	0.008333
imali	kuphela	0.008333
imali	kumele	0.008333
imali	kwabe	0.008333
imali	futhi	0.008333
imali	ekhona	0.008333
imali	ukuba	0.008333
imali	iningi	0.008333
imali	bese	0.008333
imali	wena	0.008333
imali	kulo	0.008333
imbangela	yomlilo	0.419355
imbangela	yalo	0.258065
imbangela	enkulu	0.161290
imbangela	yokuthi	0.096774
imbuzi	noma	0.208333
imbuzi	emhlophe	0.125000
imibuzo	eminingi	0.133333
imibuzo	yami	0.111111
imibuzo	kusho	0.088889
imibuzo	le	0.066667
imibuzo	mayelana	0.066667
imicibisholo	yakho	0.307692
imifino	yonke	0.428571
imimoya	yonke	0.250000
imimoya	kodwa	0.187500
imimoya	eminingi	0.187500
imindeni	eminingi	0.161290
imindeni	yabo	0.129032
imindeni	yonke	0.129032
iminyaka	eyishumi	0.266667
iminyaka	emihlanu	0.190476
iminyaka	eminingi	0.147619
iminyaka	eyisithupha	0.085714
iminyaka	emakhulu	0.061905
iminyaka	elikhulu	0.038095
iminyaka	yakhe	0.028571
iminyaka	yonke	0.019048
iminyaka	embalwa	0.019048
iminyaka	yami	0.014286
impahla	yakhe	0.215385
impahla	yabo	0.076923
impahla	eningi	0.061538
impahla	kodwa	0.061538
impahla	kusho	0.046154
impahla	yasendlini	0.046154
impahla	ekhaya	0.046154
impela	ukuthi	0.064706
impela	kodwa	0.041176
impela	ngoba	0.035294
impela	unkulunkulu	0.035294
impela	lokhu	0.029412
impela	nami	0.029412
impela	ukuba	0.023529
impela	uma	0.023529
impela	lo	0.017647
impela	na	0.017647
impela	u	0.017647
imvula	enkulu	0.150000
imvula	enamandla	0.125000
imvula	emhlabeni	0.125000
imvula	ngesikhathi	0.075000
indlala	ezweni	0.233333
indlala	yaba	0.133333
indlela	eya	0.086275
indlela	yakho	0.066667
indlela	yakhe	0.054902
indlela	entsha	0.043137
indlela	yethu	0.031373
indlela	abantu	0.031373
indlela	yami	0.031373
indlela	yabo	0.027451
indlela	enhle	0.023529
indlela	yokuthi	0.023529
indlela	yayo	0.019608
indlela	yenkosi	0.019608
indlela	na	0.015686
indlela	nje	0.011765
indlela	kusho	0.011765
indlu	yakhe	0.178744
indlu	ka	0.106280
indlu	yami	0.101449
indlu	yakho	0.091787
indlu	engcwele	0.048309
indlu	yonke	0.038647
indlu	kayise	0.024155
indlu	yayo	0.024155
indlu	kababa	0.019324
indlu	yenkosi	0.014493
indlu	enhle	0.014493
indlu	enkulu	0.014493
indlu	noma	0.014493
indlu	kodwa	0.014493
indodakazi	yakhe	0.488372
indodakazi	ka	0.139535
indodakazi	yami	0.093023
indodakazi	yabo	0.063953
indodakazi	yakho	0.046512
indodakazi	yenkosi	0.023256
indodakazi	yayo	0.017442
indodakazi	kayise	0.017442
indwangu	eluhlaza	0.333333
ingcindezi	yokuthi	0.208333
ingcindezi	kusho	0.166667
ingoma	ka	0.085714
ingoma	entsha	0.085714
ingoma	yakhe	0.085714
ingqondo	yabo	0.125000
ingqondo	ukuze	0.093750
ingqondo	yakhe	0.093750
ingqondo	yakho	0.093750
ingxabano	phakathi	0.440000
ingxabano	kusho	0.200000
ingxenye	enkulu	0.407407
ingxenye	yokuqala	0.111111
ingxenye	yalo	0.111111
inhlanhla	kusho	0.117647
inhlanhla	yakho	0.088235
inkohlakalo	kanjalo	0.181818
insimu	yami	0.230769
intatheli	yakho	0.500000
intela	ka	0.200000
intengo	yalo	0.333333
intengo	yayo	0.250000
intombi	yakhe	0.375723
intombi	ukuthi	0.052023
intombi	yakho	0.052023
intombi	yayo	0.034682
intombi	yalo	0.034682
intombi	leyo	0.028902
intombi	uma	0.028902
intombi	ka	0.028902
intombi	yami	0.023121
intombi	noma	0.017341
intombi	enhle	0.017341
inyama	yami	0.131148
inyama	yonke	0.106557
inyama	yakhe	0.090164
inyama	yabo	0.049180
inyama	noma	0.049180
inyama	yenkomo	0.040984
inyama	yayo	0.040984
inyama	ebomvu	0.040984
inyama	ukuba	0.032787
inyama	bese	0.032787
inyama	yakho	0.032787
inyama	kepha	0.024590
inyoka	yathi	0.214286
iphakamisa	ukuthi	0.666667
iphakamise	ukuthi	0.428571
iphakamise	igama	0.285714
iphephabhuku	i	1.000000
iphoyisa	elilodwa	0.145161
iphoyisa	leli	0.112903
iphoyisa	e	0.080645
iphoyisa	lomgwaqo	0.064516
iphoyisa	lase	0.048387
iphoyisa	libe	0.048387
iphoyisa	ulieutenant	0.048387
iqembu	lakhe	0.304878
iqembu	le	0.115854
iqembu	elisha	0.057927
iqembu	i	0.048780
iqembu	lithi	0.048780
iqembu	lami	0.027439
iqembu	ukuthi	0.021341
iqembu	elikhulu	0.021341
iqembu	kusho	0.021341
iqembu	lase	0.018293
iqembu	leli	0.015244
iqembu	uma	0.015244
iqembu	lika	0.015244
iqembu	noma	0.012195
iqembu	kumele	0.012195
iqembu	kodwa	0.012195
iqembu	lifuna	0.009146
iqembu	emuva	0.009146
iqembu	labo	0.009146
isabelo	sakhe	0.333333
isabelo	sabo	0.333333
isaka	indodana	0.205882
isaka	uyise	0.147059
isaka	wathi	0.117647
isambulo	ngase	0.333333
isambulo	sithi	0.200000
isambulo	emva	0.133333
isambulo	futhi	0.100000
isenzo	sakhe	0.600000
isibhamu	sakhe	0.270833
isibhamu	kanye	0.062500
isibhamu	sikamama	0.062500
isicelo	sokuthi	0.258427
isicelo	sakhe	0.202247
isicelo	enkantolo	0.101124
isicelo	sami	0.078652
isicelo	sabo	0.056180
isicelo	lesi	0.044944
isicelo	sakho	0.033708
isidingo	sokuthi	0.962963
isidleke	sakho	0.428571
isihlahla	esikhulu	0.250000
isihlahla	kusho	0.142857
isikhathi	eside	0.296552
isikhathi	lapho	0.062069
isikhathi	sokuthi	0.052874
isikhathi	sakhe	0.039080
isikhathi	ukuthi	0.025287
isikhathi	sami	0.022989
isikhathi	kusho	0.020690
isikhathi	sesifikile	0.020690
isikhathi	sonke	0.020690
isikhathi	uma	0.016092
isikhathi	sakho	0.011494
isikhathi	kuze	0.011494
isikhathi	sabo	0.009195
isikhathi	esincane	0.009195
isikhathi	umuntu	0.009195
isikhathi	esizayo	0.009195
isikhathi	futhi	0.009195
isikhathi	kodwa	0.009195
isikhathi	njengoba	0.009195
isikhathi	ngoba	0.009195
isikhathi	manje	0.006897
isikhathi	sika	0.006897
isikhumba	sami	0.230769
isikhumba	sakhe	0.230769
isinkwa	sakho	0.150943
isinkwa	sami	0.132075
isinkwa	sabo	0.094340
isinkwa	wathi	0.056604
isinkwa	emlonyeni	0.056604
isinkwa	wabonga	0.056604
isinqumo	sokuthi	0.407407
isinqumo	sakhe	0.055556
isinqumo	sayo	0.055556
isinqumo	kodwa	0.037037
isinqumo	uma	0.027778
isinqumo	sami	0.027778
isinqumo	lesi	0.027778
isinqumo	ukuthi	0.027778
isishoshovu	u	0.600000
isithembiso	sakhe	0.272727
isithembiso	sika	0.136364
isithembiso	sami	0.136364
isoka	lakhe	0.425000
isono	sami	0.222222
isono	sakhe	0.111111
isono	sika	0.092593
isono	esikhulu	0.074074
isono	sakho	0.074074
isonto	lonke	0.324324
ithuna	lakhe	0.357143
itulo	lokwenza	0.500000
iyakwazi	ukuthi	0.666667
izama	ukuthola	0.368421
izandla	zakhe	0.161850
izandla	zami	0.115607
izandla	phezu	0.115607
izandla	zabo	0.109827
izandla	phezulu	0.069364
izandla	zakho	0.063584
izandla	nezinyawo	0.040462
izandla	zabantu	0.017341
izandla	zawo	0.017341
izandla	zombili	0.017341
izandla	ukuba	0.017341
izimiso	zami	0.388889
izimiso	zakho	0.388889
izimiso	zakhe	0.138889
izimpilo	zabantu	0.442623
izimpilo	zabo	0.377049
izimpilo	zethu	0.114754
izimpilo	zazo	0.049180
izinhlobo	ezimbili	0.235294
izinhlobo	ezithile	0.176471
izinhlobo	ezahlukene	0.176471
izinsizwa	zabo	0.178571
izinto	eziningi	0.118881
izinto	ezinkulu	0.048951
izinto	zakho	0.045455
izinto	ezinhle	0.041958
izinto	zakhe	0.034965
izinto	zabo	0.031469
izinto	zonke	0.031469
izinto	zibe	0.031469
izinto	ezincane	0.024476
izinto	ezimbili	0.024476
izinto	ezithile	0.017483
izinto	ezintsha	0.017483
izinto	ngendlela	0.017483
izinto	zika	0.017483
izinto	abantu	0.017483
izinto	zabantu	0.013986
izinto	phezulu	0.013986
izinto	ezesabekayo	0.013986
izinto	ezintathu	0.013986
izinto	zami	0.010490
izinto	zenzeka	0.010490
izinto	ngesikhathi	0.010490
izinto	zaqala	0.010490
izinto	futhi	0.010490
izinto	noma	0.010490
izwe	lonke	0.202335
izwe	lakhe	0.101167
izwe	labo	0.050584
izwe	lakho	0.042802
izwe	lase	0.035019
izwe	libe	0.035019
izwe	ukuthi	0.035019
izwe	lami	0.031128
izwe	laba	0.019455
izwe	na	0.019455
izwe	kusho	0.019455
izwe	kodwa	0.019455
izwe	elihle	0.015564
izwe	kepha	0.015564
izwe	phambi	0.011673
izwe	iminyaka	0.011673
izwe	kangaka	0.011673
izwe	ngokuba	0.011673
jikelele	kanye	0.103448
kade	umuntu	0.083333
kagogo	wakhe	0.777778
kagogo	wakho	0.166667
kahle	ukuthi	0.118938
kahle	kakhulu	0.105081
kahle	futhi	0.039261
kahle	kodwa	0.033487
kahle	ngoba	0.026559
kahle	uma	0.025404
kahle	okwamanje	0.018476
kahle	kanti	0.017321
kahle	kahle	0.016166
kahle	ngesikhathi	0.016166
kahle	kusho	0.015012
kahle	ekhanda	0.013857
kahle	empilweni	0.012702
kahle	na	0.012702
kahle	njengoba	0.011547
kahle	umsebenzi	0.009238
kahle	noma	0.008083
kahle	ngenxa	0.008083
kahle	indaba	0.008083
kahle	izinto	0.008083
kahle	njalo	0.006928
kahle	kulo	0.006928
kahle	kumele	0.006928
kahle	lokhu	0.005774
kahle	emuva	0.005774
kahle	yini	0.005774
kahle	lokho	0.005774
kahle	nje	0.005774
kahle	ukuze	0.005774
kahle	kuze	0.005774
kahle	phakathi	0.005774
kahle	ngaphambi	0.005774
kahle	kanje	0.004619
kahle	kwakhe	0.004619
kahle	uphenyo	0.004619
kahle	khona	0.004619
kahle	into	0.004619
kahle	lo	0.004619
kahle	emzini	0.004619
kahle	la	0.004619
kaningi	ukuthi	0.120000
kepha	uma	0.105867
kepha	mina	0.043367
kepha	wena	0.031250
kepha	u	0.026148
kepha	yena	0.025510
kepha	unkulunkulu	0.024872
kepha	wathi	0.023597
kepha	manje	0.022321
kepha	nina	0.021046
kepha	lapho	0.017219
kepha	abantu	0.016582
kepha	umuntu	0.015944
kepha	thina	0.014668
kepha	inkosi	0.012117
kepha	abanye	0.010842
kepha	bona	0.009566
kepha	ngithi	0.009566
kepha	kwathi	0.009566
kepha	inhliziyo	0.008291
kepha	lowo	0.008291
kepha	umoya	0.007653
kepha	abantwana	0.007653
kepha	ngosuku	0.007653
kepha	bheka	0.007653
kepha	konke	0.007653
kepha	noma	0.007015
kepha	ngenxa	0.006378
kepha	izwi	0.006378
kepha	bonke	0.005740
kepha	lokho	0.005740
kepha	waphendula	0.005740
kepha	indlu	0.005102
kepha	laba	0.005102
kepha	emva	0.005102
kepha	uyise	0.004464
kepha	umlomo	0.004464
kepha	zonke	0.004464
kepha	akukho	0.004464
kepha	ukuba	0.004464
kepha	kube	0.004464
khona	lapho	0.038285
khona	abantu	0.034201
khona	ukuthi	0.031649
khona	kusho	0.018887
khona	lapha	0.015824
khona	endaweni	0.012251
khona	uma	0.011741
khona	umuntu	0.010720
khona	i	0.010209
khona	ngoba	0.010209
khona	ke	0.009699
khona	izinsuku	0.009188
khona	ukuze	0.009188
khona	manje	0.008678
khona	lokho	0.008167
khona	futhi	0.008167
khona	u	0.008167
khona	kodwa	0.008167
khona	inkosi	0.008167
khona	ukuba	0.008167
khona	ngokuba	0.007657
khona	na	0.006126
khona	phakathi	0.006126
khona	ukuthula	0.006126
khona	wathi	0.006126
khona	isikhathi	0.005615
khona	kuze	0.005615
khona	njalo	0.005615
khona	impi	0.005615
khona	into	0.005615
khona	e	0.005615
khona	kepha	0.005105
khona	omunye	0.005105
khona	vele	0.005105
khona	ngenxa	0.005105
khona	izwi	0.004594
khona	imali	0.004594
khona	ingozi	0.004594
khona	ezweni	0.004594
khona	indodana	0.004594
khuluma	ilizwi	0.176471
khuluma	kubo	0.176471
kokuba	amaphoyisa	0.058824
kokuba	i	0.058824
kubi	kakhulu	0.280000
kubi	emehlweni	0.080000
kubi	lokhu	0.060000
kuhlala	khona	0.685714
kuka	no	0.378641
kuka	israyeli	0.216828
kuka	abantu	0.077670
kuka	kusho	0.019417
kuka	kanti	0.016181
kuka	ubudala	0.012945
kuka	kusukela	0.012945
kuka	agasti	0.012945
kuka	ngesikhathi	0.012945
kuka	kodwa	0.009709
kuka	abasebenzi	0.009709
kuka	elisha	0.009709
kuka	baba	0.009709
kuka	mama	0.009709
kulandela	ukuthi	0.251381
kulandela	izinsolo	0.046961
kulandela	uphenyo	0.035912
kulandela	ukulimala	0.033149
kulandela	ukushona	0.027624
kulandela	ukubulawa	0.024862
kulandela	ukutholakala	0.022099
kulandela	ukuboshwa	0.022099
kulandela	ukuhlasela	0.019337
kulandela	ukuba	0.019337
kulandela	ukhetho	0.019337
kulandela	ukudlala	0.016575
kulandela	udlame	0.016575
kulandela	umhlangano	0.016575
kulandela	lesi	0.016575
kulandela	ukuwa	0.016575
kulandela	ingozi	0.013812
kulandela	isigameko	0.013812
kulandela	isinqumo	0.011050
kulandela	ukugula	0.011050
kulandela	umbiko	0.011050
kulandela	ukuhlinzwa	0.008287
kulandela	ingcindezi	0.008287
kulandela	ukuphuma	0.008287
kulandela	ukwanda	0.008287
kulandela	ukuthola	0.008287
kulandela	lokhu	0.008287
kuleli	dolobha	0.142180
kuleli	kusho	0.090047
kuleli	bandla	0.052133
kuleli	i	0.052133
kuleli	kodwa	0.047393
kuleli	njengoba	0.033175
kuleli	esho	0.028436
kuleli	kanjalo	0.023697
kuleli	ukuze	0.023697
kuleli	kumele	0.023697
kuleli	lase	0.018957
kuleli	kusukela	0.018957
kuleli	ngenxa	0.014218
kuleli	zwi	0.014218
kuleli	lonke	0.014218
kuleli	kanti	0.014218
kuleli	u	0.014218
kuleli	ngakho	0.014218
kuleli	ngaphambi	0.014218
kuleli	ikakhulukazi	0.014218
kulula	ukuba	0.269231
kulula	ukukhuluma	0.192308
kumele	kube	0.148796
kumele	abantu	0.054705
kumele	babe	0.026258
kumele	ube	0.021882
kumele	ukuthi	0.021882
kumele	ngabe	0.017505
kumele	abe	0.017505
kumele	amaphoyisa	0.017505
kumele	ungqongqoshe	0.015317
kumele	nakanjani	0.013129
kumele	avele	0.013129
kumele	umuntu	0.013129
kumele	wonke	0.010941
kumele	uhulumeni	0.010941
kumele	wenze	0.010941
kumele	kuphele	0.010941
kumele	nje	0.010941
kumele	benze	0.008753
kumele	njalo	0.008753
kumele	uma	0.008753
kumele	athi	0.008753
kumele	zibe	0.008753
kumele	ehle	0.008753
kumele	bonke	0.008753
kumele	umndeni	0.008753
kumele	iqembu	0.008753
kumele	bahlale	0.008753
kumele	bahambe	0.006565
kumele	umnyango	0.006565
kumele	ibheke	0.006565
kumele	kuthi	0.006565
kumele	aye	0.006565
kumele	sithi	0.006565
kumele	sakhe	0.006565
kumele	sidlale	0.006565
kumele	sime	0.006565
kumele	sonke	0.006565
kumele	ukwazi	0.006565
kumele	imali	0.006565
kumele	sithathe	0.006565
kungani	unkulunkulu	0.116505
kungani	kumele	0.111650
kungani	ukuba	0.087379
kungani	lokhu	0.038835
kungani	abantu	0.033981
kungani	ibhayibheli	0.029126
kungani	u	0.029126
kungani	lo	0.024272
kungani	kufanele	0.019417
kungani	usathane	0.014563
kungani	i	0.014563
kungani	mina	0.014563
kungani	ke	0.014563
kungani	na	0.014563
kungani	pho	0.014563
kungathi	abantu	0.139535
kungathi	izwi	0.093023
kungathi	ibanga	0.069767
kungenzeka	ukuthi	0.639810
kungenzeka	ukuba	0.094787
kungenzeka	noma	0.042654
kungenzeka	yini	0.033175
kungenzeka	kube	0.018957
kungenzeka	konke	0.014218
kungenzeka	kanjani	0.014218
kungenzeka	abe	0.014218
kuphela	kodwa	0.099593
kuphela	uma	0.087398
kuphela	kepha	0.052846
kuphela	nje	0.050813
kuphela	ukuthi	0.026423
kuphela	kusho	0.024390
kuphela	ukuba	0.020325
kuphela	ngoba	0.020325
kuphela	indlela	0.016260
kuphela	iqembu	0.014228
kuphela	abantu	0.014228
kuphela	na	0.012195
kuphela	u	0.012195
kuphela	khona	0.010163
kuphela	noma	0.010163
kuphela	labo	0.010163
kuphela	futhi	0.010163
kuphela	unkulunkulu	0.010163
kuphela	kanti	0.008130
kuphela	lapho	0.008130
kuphela	hhayi	0.008130
kuphela	ngokuba	0.008130
kuphela	ngabe	0.008130
kuphela	kuze	0.006098
kuphela	ulimi	0.006098
kuphela	umholi	0.006098
kuphela	lokhu	0.006098
kuphela	mina	0.006098
kuphela	umnyango	0.006098
kuphela	ngokuthi	0.006098
kuphela	ngalokho	0.006098
kuphela	indodana	0.006098
kuphela	ibandla	0.006098
kuphela	ngaphambi	0.006098
kuphele	isizini	0.171053
kuphele	inyanga	0.078947
kuphele	iminyaka	0.065789
kuphele	umdlalo	0.065789
kuphele	isikhathi	0.039474
kuphele	izinsuku	0.039474
kuqala	ukuthi	0.042553
kuqala	uma	0.042553
kuqala	bese	0.035461
kuqala	isizini	0.028369
kuqala	ukuze	0.028369
kuqala	khona	0.028369
kuqala	isonto	0.021277
kuqala	unyaka	0.021277
kuqala	ukuba	0.021277
kuqala	kepha	0.021277
kuqala	ngaphambi	0.021277
kuqala	kodwa	0.021277
kuqala	le	0.021277
kuqala	ngokuthi	0.021277
kuqala	ingxabano	0.021277
kuqala	ngokuba	0.021277
kuqala	kusho	0.021277
kusho	isikhulu	0.087866
kusho	amaphoyisa	0.071130
kusho	u	0.067782
kusho	isitatimende	0.061925
kusho	ukuthi	0.052720
kusho	umbiko	0.048954
kusho	umkhulumeli	0.040167
kusho	ulieutenant	0.032636
kusho	lo	0.030544
kusho	unobhala	0.030544
kusho	ungqongqoshe	0.023013
kusho	usihlalo	0.020084
kusho	i	0.018828
kusho	uzwane	0.018828
kusho	omunye	0.018410
kusho	umthombo	0.018410
kusho	lowo	0.018410
kusho	le	0.017992
kusho	umnyango	0.017155
kusho	ummeli	0.016736
kusho	ucolonel	0.016318
kusho	umholi	0.012134
kusho	lesi	0.010042
kusho	inhlangano	0.010042
kusho	umqeqeshi	0.010042
kusho	abezindaba	0.008787
kusho	isikhulumi	0.008787
kusho	ilungu	0.008787
kusho	umqondisi	0.008368
kusho	yena	0.007950
kusho	umshushisi	0.007531
kusho	umama	0.007113
kusho	ijaji	0.006276
kusho	leli	0.005858
kusho	iqembu	0.005439
kusho	ihhovisi	0.005439
kusho	iphini	0.005021
kusho	iphoyisa	0.004603
kusho	iphephandaba	0.004184
kusho	umkhuzi	0.004184
kuwe	na	0.072519
kuwe	ukuthi	0.068702
kuwe	ukuba	0.053435
kuwe	ngokuba	0.049618
kuwe	wena	0.041985
kuwe	nkosi	0.026718
kuwe	namuhla	0.022901
kuwe	kepha	0.022901
kuwe	lapho	0.015267
kuwe	bonke	0.015267
kuwe	uma	0.015267
kuwe	noma	0.011450
kuwe	umphefumulo	0.011450
kuwe	zonke	0.011450
kuwe	kuze	0.011450
kuwe	ukuze	0.011450
kuwe	isho	0.011450
kuwe	lokhu	0.011450
kuwe	vuka	0.011450
kuwe	u	0.011450
kuye	bheka	0.046579
kuye	wathi	0.039301
kuye	nkosi	0.036390
kuye	uma	0.030568
kuye	ngokuba	0.026201
kuye	ukuthi	0.023290
kuye	ukuba	0.020378
kuye	ake	0.018923
kuye	hamba	0.017467
kuye	na	0.016012
kuye	wena	0.016012
kuye	lathi	0.013100
kuye	wonke	0.013100
kuye	kepha	0.011645
kuye	ngokuthi	0.011645
kuye	bonke	0.010189
kuye	u	0.010189
kuye	mina	0.010189
kuye	izwi	0.008734
kuye	konke	0.008734
kuye	yini	0.007278
kuye	athi	0.007278
kuye	uyazi	0.007278
kuye	umuntu	0.007278
kuye	pho	0.007278
kuye	woza	0.007278
kuye	ngilandele	0.007278
kuye	yathi	0.007278
kuye	impela	0.007278
kuye	yebo	0.007278
kuye	vuka	0.007278
kuye	yena	0.007278
kuye	emzini	0.005822
kuye	umoya	0.005822
kuye	thina	0.005822
kuye	lokhu	0.005822
kuye	inkosi	0.005822
kuye	uphi	0.005822
kuye	bathi	0.005822
kuye	futhi	0.005822
kuyini	lokhu	0.275862
kuyini	lokho	0.103448
kuyona	yonke	0.226415
kuyona	le	0.188679
kuyona	kusho	0.056604
kuzo	zonke	0.463768
kuzo	izitha	0.028986
kuzo	izithombe	0.021739
kuzo	uma	0.021739
kuzo	nina	0.021739
kuzoba	nzima	0.320000
kuzoba	khona	0.100000
kuzoba	umdlalo	0.080000
kuzwakala	ngani	0.380952
kwa	israyeli	0.935185
kwabantu	bonke	0.101604
kwabantu	bakhe	0.058824
kwabantu	bami	0.058824
kwabantu	bakho	0.053476
kwabantu	abaningi	0.048128
kwabantu	ababili	0.032086
kwabantu	kuleli	0.026738
kwabantu	ezindaweni	0.026738
kwabantu	abadala	0.021390
kwabantu	kanjalo	0.021390
kwabantu	ukuba	0.021390
kwabantu	naphezu	0.021390
kwabantu	abafana	0.016043
kwabantu	asebekhulile	0.016043
kwabantu	uma	0.016043
kwabantu	ngesikhathi	0.016043
kwabantu	abasha	0.016043
kwabantu	kulo	0.016043
kwafika	izwi	0.142857
kwafika	kuye	0.080357
kwafika	usuku	0.062500
kwafika	isikhathi	0.062500
kwafika	umuntu	0.053571
kwafika	kimi	0.044643
kwafika	ingelosi	0.035714
kwafika	abanye	0.026786
kwafika	omunye	0.026786
kwamanzi	amaningi	0.150000
kwamasonto	amabili	0.700000
kwamasonto	amathathu	0.300000
kwaphenduka	abantu	0.500000
kwaphuma	amanzi	0.100000
kwaphuma	khona	0.100000
kwaphuma	izwi	0.075000
kwase	kuthi	0.170732
kwase	kusuka	0.146341
kwase	kuqala	0.097561
kwase	kuthiwa	0.097561
kwase	kubonakala	0.073171
kwase	kwenzeka	0.073171
kwe	efa	0.307692
kwenzeka	lokhu	0.146245
kwenzeka	ingozi	0.102767
kwenzeka	lesi	0.083004
kwenzeka	le	0.075099
kwenzeka	kanjani	0.075099
kwenzeka	nje	0.055336
kwenzeka	ukuba	0.047431
kwenzeka	konke	0.035573
kwenzeka	ngesikhathi	0.027668
kwenzeka	ngemuva	0.015810
kwenzeka	ukuqhuma	0.011858
kwenzeka	iphutha	0.011858
kwenzeka	khona	0.011858
kwenzeka	phakathi	0.011858
kwenzeka	emuva	0.011858
kwenzeka	lokho	0.011858
kwenzeka	manje	0.011858
kwesikhashana	nje	0.300000
kwezinyanga	ezintathu	0.303030
kwezinyanga	eziyisithupha	0.242424
kwezinyanga	ezimbili	0.181818
kwezinyanga	ezine	0.151515
kwezinye	izinto	0.270833
kwezinye	izikhathi	0.270833
kwezinye	indawo	0.208333
kwi	internet	0.461538
labo	mina	0.067692
labo	abathintekayo	0.049231
labo	mama	0.046154
labo	kanti	0.030769
labo	babe	0.021538
labo	bonke	0.021538
labo	bakhona	0.021538
labo	wena	0.021538
labo	kumele	0.018462
labo	ngoba	0.018462
labo	ababili	0.015385
labo	laba	0.015385
labo	libe	0.015385
labo	u	0.012308
labo	nabo	0.012308
labo	hawu	0.012308
labo	ukuthi	0.012308
labo	kodwa	0.012308
labo	i	0.012308
labo	lami	0.012308
labo	abantu	0.009231
labo	abahlala	0.009231
labo	abadala	0.009231
labo	ke	0.009231
labo	njalo	0.009231
labo	ngubani	0.009231
labo	ukhona	0.009231
lakhe	ngesikhathi	0.031250
lakhe	ukuthi	0.024038
lakhe	lokuqala	0.021635
lakhe	ngokuthi	0.019231
lakhe	kusho	0.019231
lakhe	i	0.016827
lakhe	elisha	0.016827
lakhe	ngenxa	0.016827
lakhe	libe	0.016827
lakhe	ngokuba	0.014423
lakhe	kepha	0.014423
lakhe	laba	0.014423
lakhe	kanye	0.014423
lakhe	njengoba	0.014423
lakhe	lase	0.014423
lakhe	kodwa	0.014423
lakhe	kanti	0.014423
lakhe	futhi	0.012019
lakhe	kuze	0.012019
lakhe	ukuba	0.012019
lakhe	lokulala	0.012019
lakhe	uthe	0.012019
lakhe	wathi	0.012019
lakhe	na	0.012019
lakhe	ngoba	0.009615
lakhe	kwakungu	0.009615
lakhe	kube	0.009615
lakhe	elidala	0.009615
lakhe	ukuze	0.009615
lakhe	phambi	0.007212
lakhe	kwaba	0.007212
lakhe	esho	0.007212
lakhe	ngolwesine	0.007212
lakhe	ngalokho	0.007212
lakhe	noma	0.007212
lakhe	bese	0.007212
lakhe	ngaphandle	0.007212
lakhe	ngosuku	0.007212
lakhe	u	0.007212
lakhe	wakhala	0.007212
lana	enkundleni	0.093750
landela	izindaba	0.750000
langa	uthe	0.235294
lapho	abantu	0.038657
lapho	kukhona	0.031536
lapho	ke	0.028484
lapho	umuntu	0.022380
lapho	kungekho	0.017294
lapho	kuhlala	0.016277
lapho	unkulunkulu	0.016277
lapho	kwakukhona	0.013225
lapho	inkosi	0.013225
lapho	u	0.013225
lapho	waya	0.012208
lapho	kuthiwa	0.011190
lapho	ehlala	0.011190
lapho	intombi	0.009156
lapho	ekhona	0.008138
lapho	ekhuluma	0.008138
lapho	umoya	0.008138
lapho	abanye	0.007121
lapho	uya	0.007121
lapho	abantwana	0.007121
lapho	umntwana	0.007121
lapho	owesifazane	0.006104
lapho	ngoba	0.006104
lapho	wonke	0.006104
lapho	lo	0.006104
lapho	bonke	0.006104
lapho	ebona	0.006104
lapho	i	0.006104
lapho	amadoda	0.005086
lapho	insizwa	0.005086
lapho	indodana	0.005086
lapho	khona	0.005086
lapho	uyise	0.005086
lapho	uhulumeni	0.005086
lapho	ukhona	0.005086
lapho	ngithi	0.005086
lapho	eya	0.005086
lapho	athi	0.004069
lapho	kwafika	0.004069
lapho	konke	0.004069
lathi	wena	0.068966
lathi	kumele	0.045977
lathi	lona	0.045977
lathi	hamba	0.045977
lathi	lo	0.034483
lathi	izwi	0.034483
lawa	ngamazwi	0.259259
lawa	amanye	0.259259
lawa	manzi	0.148148
leli	zwi	0.236842
leli	bandla	0.065789
leli	bhubesi	0.059211
leli	dolobha	0.059211
leli	bala	0.046053
leli	khansela	0.032895
leli	igama	0.019737
lena	kuthiwa	0.080000
lena	indlela	0.080000
leyo	ndawo	0.192308
leyo	kodwa	0.051282
leyo	ngane	0.038462
leyo	nkosi	0.038462
leyo	mina	0.038462
leyo	ngoba	0.038462
lezi	zindaba	0.397959
lezi	zizwe	0.071429
lezi	izinto	0.061224
lezi	ezinye	0.051020
lezi	kuthiwa	0.040816
lezi	zibe	0.030612
lezi	ngezinye	0.030612
lokhu	kulandela	0.073403
lokhu	kwenzeke	0.055291
lokhu	kwenzeka	0.054337
lokhu	kusho	0.047664
lokhu	kwenza	0.041945
lokhu	ngoba	0.034318
lokhu	ngesikhathi	0.024786
lokhu	na	0.023832
lokhu	ukuthi	0.023832
lokhu	ke	0.021926
lokhu	nje	0.020019
lokhu	kodwa	0.016206
lokhu	kumele	0.014299
lokhu	kube	0.012393
lokhu	kungaba	0.011439
lokhu	kuthiwa	0.011439
lokhu	kudla	0.010486
lokhu	okubi	0.008580
lokhu	ngeke	0.008580
lokhu	ukuba	0.008580
lokhu	njengoba	0.008580
lokhu	njalo	0.007626
lokhu	phela	0.007626
lokhu	kuze	0.007626
lokhu	ngendlela	0.006673
lokhu	ngenxa	0.006673
lokhu	kuwe	0.006673
lokhu	unkulunkulu	0.006673
lokhu	wathi	0.006673
lokhu	futhi	0.006673
lokhu	okuqhubekayo	0.005720
lokhu	kwaba	0.005720
lokhu	kubonakala	0.005720
lokhu	kungenzeka	0.005720
lokhu	bathi	0.004766
lokhu	inkosi	0.004766
lokhu	thina	0.004766
lokhu	kuhle	0.004766
lokhu	kungani	0.004766
lokhu	uma	0.004766
lokuzalwa	kwakhe	0.315789
lokwenza	noma	0.148148
lokwenza	ubugebengu	0.111111
lwakhe	lokuzalwa	0.121622
lwakhe	kepha	0.040541
mayelana	nokuthi	0.283019
mayelana	naleli	0.113208
mayelana	nalo	0.075472
mayelana	nokufa	0.075472
mazibuko	uthe	0.346154
mina	ngithi	0.117739
mina	ngibona	0.111460
mina	ke	0.045526
mina	kodwa	0.029827
mina	vele	0.023548
mina	ngicabanga	0.020408
mina	ngifuna	0.017268
mina	ngeke	0.017268
mina	ngithanda	0.015699
mina	lami	0.014129
mina	ukuthi	0.014129
mina	nabantu	0.012559
mina	i	0.012559
mina	nawe	0.012559
mina	nje	0.010989
mina	uqobo	0.010989
mina	ngicela	0.010989
mina	uma	0.009419
mina	mina	0.009419
mina	angazi	0.009419
mina	nendlu	0.009419
mina	lo	0.007849
mina	na	0.007849
mina	lapha	0.007849
mina	ngifisa	0.007849
mina	ngiyazi	0.006279
mina	kusho	0.006279
mina	angifuni	0.006279
mina	ngokuba	0.006279
mina	ngathi	0.006279
mina	naye	0.006279
mina	phela	0.006279
mina	angikaze	0.006279
mina	ngihlala	0.006279
mina	kanye	0.004710
mina	abantu	0.004710
mina	yebo	0.004710
mina	ngizoba	0.004710
mina	ngiyinkosi	0.004710
mina	umuntu	0.004710
minyaka	yonke	0.488372
minyaka	edlule	0.139535
minyaka	eyishumi	0.069767
my	sister	0.750000
nakuba	kunjalo	0.317647
nakuba	abantu	0.035294
nakuba	i	0.035294
namuhla	ukuthi	0.096154
namuhla	na	0.086538
namuhla	ngokuba	0.057692
namuhla	ukuba	0.048077
namuhla	kepha	0.028846
namuhla	bheka	0.028846
namuhla	noma	0.028846
nani	nonke	0.132653
nani	na	0.071429
nani	ngokuba	0.051020
nani	ke	0.051020
nani	njengoba	0.040816
nani	ukuze	0.040816
nani	nazi	0.030612
naphezu	kwendlu	0.260870
naphezu	kwabantu	0.260870
naphezu	kwayo	0.173913
naphezu	kokuba	0.173913
ndawonye	ukuze	0.074627
ndawonye	omunye	0.059701
ndawonye	ngesikhathi	0.044776
ndawonye	abantwana	0.044776
nekhanda	lakhe	0.500000
neminye	imithi	0.312500
neminye	iminyaka	0.187500
nendodana	yakhe	0.622222
nendodana	yabo	0.133333
nendodana	yakho	0.111111
nendodana	yami	0.088889
nento	engekho	0.444444
nentombazane	encane	0.272727
nesiqiniseko	sokuthi	1.000000
nezinhlanzi	ezimbili	0.777778
nezinyawo	zami	0.250000
nezinyawo	ezimbili	0.187500
nezinye	izinto	0.301587
nezinye	izinsiza	0.111111
nezinye	izingane	0.095238
nezinye	izinhlobo	0.079365
nezinye	izilwane	0.047619
ngabo	ngolwesithathu	0.075145
ngabo	kusho	0.063584
ngabo	ngomsombuluko	0.063584
ngabo	ngesikhathi	0.057803
ngabo	ngolwesine	0.052023
ngabo	ngesonto	0.034682
ngabo	lapha	0.028902
ngabo	njengoba	0.028902
ngabo	ubuhlalu	0.023121
ngabo	ebusuku	0.023121
ngabo	ukuthi	0.023121
ngabo	abo	0.023121
ngabo	bonke	0.017341
ngabo	ngokuba	0.017341
ngabo	ekuseni	0.017341
ngale	kwalokho	0.223881
ngale	indlela	0.179104
ngale	indaba	0.119403
ngale	ku	0.044776
ngale	ndawo	0.044776
ngale	kwe	0.044776
ngalendlela	yokuthi	0.375000
ngaleso	sikhathi	0.989305
ngalolo	suku	1.000000
ngamehlo	abomvu	0.230769
ngamehlo	akho	0.192308
ngamehlo	ethu	0.115385
ngaphambili	ukuthi	0.172414
ngaqala	khona	0.250000
ngasemfuleni	i	0.272727
ngasemfuleni	u	0.272727
ngaze	ngathi	0.250000
ngehora	lokuqala	0.500000
ngeke	sikwazi	0.109170
ngeke	akwazi	0.104803
ngeke	kube	0.078603
ngeke	abe	0.056769
ngeke	kwenzeke	0.048035
ngeke	ngikwazi	0.048035
ngeke	ikwazi	0.030568
ngeke	ube	0.030568
ngeke	ukwazi	0.021834
ngeke	ngize	0.021834
ngeke	size	0.021834
ngeke	baze	0.021834
ngeke	uze	0.017467
ngeke	aze	0.013100
ngeke	likwazi	0.013100
ngeke	futhi	0.013100
ngeke	siyeke	0.013100
ngeke	ngithi	0.013100
ngemuva	kokuthi	0.364286
ngemuva	kokuba	0.171429
ngemuva	kwalokho	0.130952
ngemuva	kwezinyanga	0.052381
ngemuva	kweminyaka	0.045238
ngemuva	kwesikhathi	0.035714
ngemuva	kancane	0.026190
ngemuva	kwesonto	0.023810
ngemuva	nje	0.019048
ngemuva	kwesikhashana	0.019048
ngemuva	kwakhe	0.011905
ngemuva	uma	0.007143
ngemuva	kwamasonto	0.007143
ngemuva	kuka	0.007143
ngemuva	kokuphuma	0.007143
ngemva	kwalokho	0.235294
ngemva	kwesikhathi	0.176471
ngemva	kwe	0.176471
ngemva	kweminyaka	0.117647
ngemva	kokuba	0.088235
ngendodana	yakhe	0.600000
ngendodana	yakho	0.266667
ngenkathi	inkosi	0.075000
ngenkathi	i	0.075000
ngenkathi	kwenzeka	0.075000
ngesandla	sakhe	0.385714
ngesandla	sakho	0.142857
ngesandla	sami	0.128571
ngesandla	sika	0.085714
ngesandla	sayo	0.057143
ngesandla	sabo	0.042857
ngesineke	esikhulu	0.333333
ngezandla	zakhe	0.181818
ngezandla	zabo	0.159091
ngezandla	kusho	0.113636
ngezandla	zabantu	0.068182
ngezandla	zombili	0.068182
ngezwa	izwi	0.263158
ngezwa	umsindo	0.105263
ngezwa	abanye	0.078947
ngezwi	elikhulu	0.604651
ngezwi	lakhe	0.116279
ngezwi	lakho	0.069767
ngezwi	lami	0.046512
ngibona	sengathi	0.200000
ngibona	ukuthi	0.129730
ngibona	ngani	0.102703
ngibona	abantu	0.037838
ngibona	bheka	0.037838
ngibona	ingelosi	0.016216
ngibona	kubalulekile	0.016216
ngibona	ngathi	0.016216
ngibuza	ukuthi	0.384615
ngidle	ifa	0.307692
ngikwazi	ukudalula	0.157895
ngikwazi	ngoba	0.157895
ngingenza	isibonelo	0.428571
ngiphatheke	kabi	1.000000
ngiphe	ingqondo	0.214286
ngithanda	ukubonga	0.275362
ngithanda	ukuba	0.115942
ngithanda	ukuthi	0.115942
ngithanda	indlela	0.057971
ngithanda	ukudlulisa	0.043478
ngithanda	nje	0.043478
ngithi	kuwe	0.087156
ngithi	mina	0.077982
ngithi	kubo	0.027523
ngithi	nami	0.022936
ngithi	umuntu	0.022936
ngithi	uma	0.022936
ngithi	indaba	0.018349
ngithi	cha	0.018349
ngithi	nkosi	0.018349
ngithi	phambili	0.018349
ngithi	lokho	0.013761
ngithi	i	0.013761
ngithi	ngesikhathi	0.013761
ngithi	nje	0.013761
ngithi	ke	0.013761
ngithi	abantu	0.013761
ngithi	unkulunkulu	0.013761
ngithi	kwelinye	0.013761
ngithi	kuye	0.013761
ngithole	ithuba	0.142857
ngithole	i	0.107143
ngithole	ukuthi	0.107143
ngitshele	ukuthi	0.285714
ngitshele	wena	0.214286
ngiyabonga	kakhulu	0.228070
ngiyabonga	nkosi	0.070175
ngiyabonga	baba	0.052632
ngiyabonga	kodwa	0.052632
ngiyabonga	ukuthi	0.052632
ngiyacabanga	ukuthi	0.416667
ngiyathanda	uma	0.157895
ngiyazi	ukuthi	0.763975
ngiyazi	abanye	0.031056
ngizwa	kuthiwa	0.278689
ngizwa	bethi	0.147541
ngizwa	izwi	0.147541
ngizwa	kungathi	0.065574
ngizwa	ukuthi	0.049180
ngizwa	njalo	0.049180
ngobuningi	babo	0.750000
ngobuningi	bazo	0.093750
ngokugcwele	uma	0.130435
ngokugcwele	njengoba	0.130435
ngokuhamba	kwesikhathi	0.905405
ngokulandela	umthetho	0.230769
ngokuphazima	kweso	1.000000
ngokusobala	ukuthi	0.833333
ngokwezwi	lakho	1.000000
ngolunye	usuku	0.868421
ngomhlane	ukuthi	0.500000
ngomlomo	wakho	0.210526
ngomlomo	wakhe	0.210526
ngomlomo	wami	0.157895
ngomlomo	wabo	0.131579
ngomoya	ongcwele	0.371429
ngomoya	wakho	0.228571
ngomoya	wami	0.085714
nguye	lo	0.092784
nguye	kuphela	0.072165
nguye	noma	0.061856
nguye	yedwa	0.051546
nguye	lowo	0.041237
nguye	ngani	0.030928
nguye	ngokuba	0.030928
nguye	kanye	0.030928
nguye	na	0.030928
nguye	kodwa	0.030928
njengoba	ethi	0.038994
njengoba	amaphoyisa	0.036478
njengoba	abanye	0.032704
njengoba	abantu	0.027673
njengoba	kukhona	0.017610
njengoba	kwenzeka	0.017610
njengoba	i	0.016352
njengoba	iningi	0.015094
njengoba	u	0.015094
njengoba	iqembu	0.013836
njengoba	kuthiwa	0.012579
njengoba	abasebenzi	0.012579
njengoba	lo	0.012579
njengoba	bethi	0.011321
njengoba	leli	0.010063
njengoba	lesi	0.010063
njengoba	bese	0.010063
njengoba	nje	0.010063
njengoba	le	0.010063
njengoba	ezinye	0.008805
njengoba	sekuphele	0.008805
njengoba	manje	0.008805
njengoba	kwenza	0.007547
njengoba	ithi	0.007547
njengoba	kumele	0.007547
njengoba	ehlala	0.007547
njengoba	isimo	0.007547
njengoba	namanje	0.006289
njengoba	labo	0.006289
njengoba	omunye	0.006289
njengoba	izwe	0.006289
njengoba	kade	0.006289
njengoba	kufanele	0.006289
njengoba	amasosha	0.006289
njengoba	uhulumeni	0.006289
njengoba	uthi	0.006289
njengoba	kubikwa	0.006289
njengoba	umsolwa	0.006289
njengoba	kuqala	0.005031
njengoba	kungekho	0.005031
no	ubudala	0.414097
no	israyeli	0.171806
no	isaka	0.061674
no	kusho	0.035242
no	agasti	0.022026
no	kodwa	0.022026
no	no	0.013216
no	alan	0.013216
no	mndeni	0.013216
no	anti	0.013216
nobaba	ilanga	0.190476
nobaba	wakhe	0.190476
nobugebengu	kusho	0.214286
nomngani	wakhe	0.709677
nomngani	wayo	0.096774
nonke	nina	0.264706
nonke	ukuthi	0.088235
nsuku	zonke	0.781250
okunye	njalo	0.096774
okunye	futhi	0.080645
okunye	lami	0.064516
okunye	nje	0.048387
okunye	ukudla	0.048387
okunye	ukuthi	0.048387
okwesibili	labo	0.090909
okwesibili	njengoba	0.068182
okwesibili	uma	0.068182
okwesikhashana	njengoba	0.200000
oluhle	kangaka	0.187500
olunye	udlame	0.129032
olunye	usuku	0.129032
olunye	uphenyo	0.096774
olunye	udaba	0.096774
olunzulu	ukuze	0.272727
ongcwele	ka	0.234375
ongcwele	kuze	0.078125
ongcwele	ukuthi	0.062500
ongcwele	wathi	0.046875
ongcwele	wehlela	0.046875
ongcwele	wakho	0.046875
ongcwele	ngokuba	0.046875
ongcwele	ukuba	0.046875
onolwazi	ukuthi	0.333333
osukwini	lokuqala	0.235294
osukwini	lwesibili	0.235294
owesilisa	noma	0.145833
owesilisa	e	0.062500
phakathi	kuka	0.171875
phakathi	kwabantu	0.160156
phakathi	kwethu	0.119141
phakathi	kwami	0.101562
phakathi	kwakhe	0.068359
phakathi	kwe	0.056641
phakathi	kwayo	0.023438
phakathi	komlilo	0.019531
phakathi	kwendlu	0.017578
phakathi	kwezinye	0.015625
phakathi	kusho	0.009766
phakathi	nendawo	0.009766
phakathi	kweminyaka	0.007812
phakathi	komgwaqo	0.005859
phakathi	endlini	0.005859
phakathi	kwamanye	0.005859
phakathi	kwetende	0.005859
phakathi	kwamanzi	0.005859
phakathi	lapho	0.005859
phakathi	ngoba	0.005859
phakathi	kwa	0.005859
phansi	impahla	0.046377
phansi	kwelanga	0.033333
phansi	isithunzi	0.031884
phansi	phambi	0.026087
phansi	umbuso	0.020290
phansi	kusho	0.018841
phansi	izindlu	0.018841
phansi	kwezulu	0.018841
phansi	emhlabathini	0.018841
phansi	ngesikhathi	0.017391
phansi	kwakhe	0.013043
phansi	phezulu	0.011594
phansi	futhi	0.011594
phansi	ngoba	0.010145
phansi	njengoba	0.010145
phansi	kwe	0.010145
phansi	kodwa	0.010145
phansi	izimoto	0.010145
phansi	yini	0.008696
phansi	umsebenzi	0.008696
phansi	kwami	0.007246
phansi	kanye	0.007246
phansi	ukuba	0.007246
phansi	igama	0.007246
phansi	lokhu	0.007246
phansi	khona	0.007246
phansi	emhlabeni	0.007246
phansi	na	0.007246
phansi	ukuthi	0.007246
phansi	komuthi	0.007246
phansi	lapho	0.007246
phansi	endaweni	0.005797
phansi	abantu	0.005797
phansi	bathi	0.005797
phansi	i	0.005797
phansi	uhulumeni	0.005797
phansi	ingqalasizinda	0.005797
phansi	iqembu	0.005797
phansi	noma	0.005797
phansi	izakhiwo	0.004348
phela	ukuthi	0.075908
phela	mina	0.042904
phela	abantu	0.023102
phela	umuntu	0.023102
phela	uma	0.023102
phela	kodwa	0.019802
phela	ngoba	0.019802
phela	lokhu	0.019802
phela	abanye	0.016502
phela	lathi	0.016502
phela	lapho	0.016502
phela	indoda	0.016502
phela	thina	0.016502
phela	kuthiwa	0.016502
phela	vele	0.013201
phela	lapha	0.013201
phela	laba	0.013201
phela	wena	0.013201
phela	ukuba	0.009901
phela	ukuze	0.009901
phela	lokho	0.009901
phela	nami	0.009901
phela	emasini	0.009901
phela	u	0.009901
phela	into	0.009901
saba	namandla	0.157895
sase	sithi	0.444444
saya	ku	0.400000
sayo	sobukhosi	0.145455
sekuphele	iminyaka	0.360000
sekuphele	isikhathi	0.200000
sekuphele	izinsuku	0.100000
sekuphele	unyaka	0.080000
sengathi	umshayeli	0.053254
sengathi	kukhona	0.047337
sengathi	inkosi	0.035503
sengathi	unkulunkulu	0.035503
sengathi	i	0.029586
sengathi	le	0.029586
sengathi	abantu	0.029586
sengathi	ayikho	0.023669
sengathi	ngabe	0.023669
sengathi	leli	0.023669
sengathi	kungaba	0.023669
sengathi	umuntu	0.023669
sengathi	uthi	0.017751
sengathi	bonke	0.017751
sikamama	wakhe	0.600000
sithandwa	sami	0.714286
siyazi	ukuthi	0.788235
siyazi	sonke	0.064706
siza	ngemuva	0.370370
siza	emuva	0.111111
thina	sonke	0.097222
thina	abanye	0.069444
thina	ke	0.041667
thina	lapha	0.041667
thina	abantu	0.037037
thina	sifuna	0.037037
thina	kumele	0.018519
thina	sithi	0.018519
thina	njenge	0.018519
thina	ngapha	0.013889
thina	omama	0.013889
thina	isizwe	0.013889
thina	futhi	0.013889
thina	vele	0.013889
thina	siya	0.013889
thumela	umbono	0.333333
tshela	mina	0.666667
ubani	ukuthi	0.127660
ubani	lo	0.063830
ubani	onolwazi	0.063830
ubude	bayo	0.529412
ubuhlungu	bami	0.151515
ubuhlungu	obukhulu	0.121212
ubuholi	bakhe	0.200000
ubuholi	bayo	0.150000
ubukhulu	bakhe	0.750000
ubulungu	bakhe	0.625000
ucansi	kuphela	0.150000
ucingo	lwakhe	0.200000
udadewabo	ka	0.136364
udadewabo	u	0.136364
udlame	emphakathini	0.365854
udlame	e	0.073171
udlame	phakathi	0.048780
udlame	njengoba	0.036585
udlame	ezweni	0.036585
udlame	ngesikhathi	0.036585
udlame	ngolwesithathu	0.036585
ugibe	kepha	0.428571
ukubaleka	kodwa	0.285714
ukubalwa	kwabantu	0.750000
ukubhekana	nazo	0.375000
ukuboshwa	kwakhe	0.538462
ukudinwa	ngesikhathi	0.500000
ukudlala	kahle	0.096774
ukudlala	kodwa	0.064516
ukudlala	ngabantu	0.032258
ukudlala	ibhola	0.032258
ukudlala	imidlalo	0.032258
ukufa	kwakhe	0.142857
ukufa	ngokuba	0.107143
ukufa	baze	0.089286
ukufika	kwakhe	0.107143
ukufunda	incwadi	0.129032
ukufundisa	izingane	0.266667
ukufundisa	kwami	0.200000
ukufundisa	abantu	0.200000
ukuhlala	phansi	0.084746
ukuhlala	abantu	0.050847
ukuhlala	khona	0.050847
ukuhlala	kahle	0.050847
ukuhlasela	kwenzeke	0.200000
ukuhlasela	lokhu	0.100000
ukuhlasela	emoyeni	0.080000
ukuhlasela	uhulumeni	0.060000
ukuhlela	kahle	0.230769
ukuhlinzekwa	kwabantu	1.000000
ukuhola	u	0.318182
ukuhola	iqembu	0.181818
ukunakekela	ingane	0.250000
ukungabi	khona	0.500000
ukuphepha	ekhaya	0.166667
ukuphepha	kwethu	0.166667
ukuphi	manje	0.214286
ukuphuma	ezweni	0.200000
ukuphuza	amanzi	0.375000
ukuqinisekisa	ukuthi	0.779817
ukuqinisekisa	ukuphepha	0.036697
ukuqinisekisa	lokhu	0.027523
ukusebenzisa	imali	0.109091
ukusebenzisa	lo	0.054545
ukusebenzisa	amathuba	0.054545
ukusebenzisa	le	0.054545
ukusebenzisa	u	0.054545
ukushona	kwabantu	0.300000
ukushona	kwakhe	0.266667
ukushona	kwelanga	0.200000
ukuthi	abantu	0.033046
ukuthi	lo	0.025357
ukuthi	uma	0.022930
ukuthi	kukhona	0.022660
ukuthi	kumele	0.019423
ukuthi	unkulunkulu	0.017804
ukuthi	umuntu	0.017669
ukuthi	kube	0.016725
ukuthi	lokhu	0.015646
ukuthi	kungani	0.015511
ukuthi	ngabe	0.014432
ukuthi	i	0.012274
ukuthi	le	0.011195
ukuthi	yini	0.010790
ukuthi	u	0.009711
ukuthi	ngeke	0.009172
ukuthi	uhulumeni	0.009172
ukuthi	wena	0.008228
ukuthi	lesi	0.007823
ukuthi	ngubani	0.007418
ukuthi	iqembu	0.007149
ukuthi	amaphoyisa	0.006879
ukuthi	konke	0.006474
ukuthi	laba	0.006474
ukuthi	yena	0.006339
ukuthi	mina	0.006204
ukuthi	leli	0.006204
ukuthi	lezi	0.005935
ukuthi	la	0.005935
ukuthi	kufanele	0.005530
ukuthi	thina	0.005530
ukuthi	labo	0.005395
ukuthi	abanye	0.004991
ukuthi	babe	0.004991
ukuthi	kanti	0.004991
ukuthi	imali	0.004856
ukuthi	lowo	0.004856
ukuthi	kungenzeka	0.004721
ukuthi	inkosi	0.004721
ukuthi	ubani	0.004721
ukuthola	ukuthi	0.136364
ukuthola	imali	0.053719
ukuthola	imbangela	0.024793
ukuthola	ithuba	0.024793
ukuthola	kabanzi	0.024793
ukuthola	usizo	0.020661
ukuthola	umsebenzi	0.016529
ukuthola	khona	0.016529
ukuthola	abantu	0.016529
ukuthola	ukudla	0.016529
ukuthola	lokho	0.016529
ukuthola	isisombululo	0.016529
ukuthola	abantwana	0.016529
ukuthola	indlela	0.016529
ukuthola	lo	0.012397
ukuthola	ezinye	0.012397
ukuthola	iqiniso	0.012397
ukuthola	ulwazi	0.012397
ukuthola	imininingwane	0.012397
ukuthola	imvume	0.012397
ukuthola	kwakhe	0.012397
ukuthola	isikhathi	0.012397
ukuthola	indawo	0.012397
ukuthukuthela	kwakhe	0.500000
ukuthula	phakathi	0.078947
ukuthula	kusho	0.065789
ukuthula	emphakathini	0.052632
ukuthula	ezweni	0.052632
ukuthula	kepha	0.052632
ukuthula	okukhulu	0.039474
ukuthula	ukuthula	0.039474
ukuthula	emhlabeni	0.039474
ukuthula	kwami	0.039474
ukuya	ezweni	0.078947
ukuya	khona	0.078947
ukuya	e	0.065789
ukuya	esikoleni	0.052632
ukuya	emzini	0.039474
ukuya	kwakhe	0.039474
ukuya	endaweni	0.039474
ukuya	ku	0.039474
ukuya	endlini	0.039474
ukuya	enkantolo	0.039474
ukuya	kubo	0.039474
ukuya	kulo	0.039474
ukuya	phesheya	0.039474
ukuzwa	ukuthi	0.271605
ukuzwa	lokho	0.061728
ukuzwa	abantu	0.037037
ukuzwa	amazwi	0.037037
ukuzwa	izwi	0.037037
ukuzwa	ngayo	0.037037
ukwamukela	ukuthi	0.269231
ulwazi	kahle	0.103448
umakoti	ukuthi	0.114286
umakoti	uma	0.085714
umenzi	wami	0.300000
umfanekiso	wokuthi	0.136364
umhlaba	wonke	0.365385
umhlaba	ugcwele	0.038462
umhlaba	ukuthi	0.032051
umhlaba	wabo	0.025641
umhlaba	kodwa	0.025641
umhlaba	ngoba	0.019231
umhlalaphansi	u	0.444444
umhlambi	wakhe	0.250000
umhlangano	wathi	0.083333
umkhankaso	wakhe	0.142857
umlando	wakhe	0.148148
umlando	uthi	0.111111
umlayezo	wokuthi	0.210526
umngani	wakhe	0.389831
umngani	wami	0.152542
umngani	wayo	0.101695
umngani	wabo	0.050847
umngcwabo	wakhe	0.400000
umnikelo	wakhe	0.270270
umnikelo	wakho	0.162162
umnikelo	wami	0.081081
umnikelo	wayo	0.081081
umphefumulo	wami	0.550847
umphefumulo	wakhe	0.182203
umphefumulo	wakho	0.093220
umphefumulo	wabo	0.046610
umphefumulo	wethu	0.021186
umphefumulo	womuntu	0.016949
umphefumulo	wayo	0.016949
umphefumulo	noma	0.012712
umsolwa	ube	0.180180
umsolwa	kuthiwa	0.081081
umsolwa	u	0.045045
umsolwa	kuleli	0.045045
umsolwa	wokuqala	0.036036
umsolwa	uthi	0.036036
umsolwa	wenza	0.027027
umsolwa	lo	0.027027
umsolwa	naye	0.027027
umthethosisekelo	omusha	0.250000
umzabalazo	wabo	0.500000
umzimba	wakhe	0.326316
umzimba	wonke	0.126316
umzimba	wami	0.115789
umzimba	wakho	0.105263
umzimba	kodwa	0.063158
ungazi	ukuthi	0.611111
ungubani	wena	0.179487
ungubani	na	0.128205
unobhala	jikelele	0.920792
unobhala	uthi	0.029703
unyawo	lwami	0.272727
uphi	unkulunkulu	0.206897
uphi	na	0.206897
uphi	yena	0.172414
uqobo	lwakhe	0.315789
uqobo	lwayo	0.052632
uqobo	noma	0.039474
uqobo	lwami	0.039474
usana	lwakhe	0.545455
ushaka	ngoba	0.150000
usifundisa	ukuthi	0.900000
usihlalo	engekho	0.210526
usuku	lonke	0.291667
usuku	lwakhe	0.125000
usuku	nosuku	0.111111
usuku	lokuzalwa	0.076389
usuku	olulodwa	0.041667
usuku	oluhle	0.041667
usuku	lapho	0.027778
usuku	lwesibili	0.020833
usuku	lokuqala	0.020833
uthisha	kuthiwa	0.108696
uthisha	wase	0.065217
uthisha	lona	0.065217
uthola	ukuthi	0.180000
uthola	ukwelashwa	0.180000
uthola	umuntu	0.080000
uyise	noma	0.079208
uyise	wathi	0.069307
uyise	ka	0.039604
uyise	u	0.039604
uyise	ezweni	0.029703
uyise	ukuthi	0.029703
uyise	kepha	0.029703
uyise	kodwa	0.029703
uzalwa	ngu	0.214286
uzwane	uthe	0.515152
uzwane	uthi	0.303030
vuka	udle	0.357143
vuka	ekuseni	0.214286
vuka	vuka	0.214286
vula	amehlo	0.818182
wabiza	igama	0.125000
wabiza	u	0.075000
wabuyela	ekhaya	0.189189
wabuyela	endaweni	0.162162
wabuyela	emuva	0.135135
wabuza	ukuthi	0.315789
wabuza	wathi	0.131579
wacela	ukuba	0.272727
wacela	ukuthi	0.204545
wacela	usizo	0.068182
waduka	ngesikhathi	1.000000
wafa	endaweni	0.113636
wafa	ngenxa	0.090909
wafa	kanye	0.068182
wafa	wahlangana	0.068182
wafa	ke	0.068182
wafaka	isicelo	0.351351
wafaka	isandla	0.081081
wakho	ukuthi	0.046693
wakho	ngokuba	0.038911
wakho	na	0.038911
wakho	ezinye	0.038911
wakho	omuhle	0.038911
wakho	ongcwele	0.035019
wakho	wonke	0.035019
wakho	ukuba	0.031128
wakho	ku	0.031128
wakho	omkhulu	0.019455
wakho	uma	0.019455
wakho	thola	0.019455
wakho	kodwa	0.015564
wakho	lapho	0.015564
wakho	mkhulu	0.015564
wakho	uze	0.015564
wakho	ngayo	0.015564
wakho	noma	0.015564
wakho	ngenxa	0.011673
wakho	ekuseni	0.011673
wakho	abone	0.011673
wakho	ukuze	0.011673
wakho	baba	0.011673
wakhokha	imali	0.500000
wakhokha	u	0.375000
wami	ngokuba	0.052045
wami	ukuthi	0.052045
wami	kuze	0.022305
wami	na	0.018587
wami	futhi	0.018587
wami	kepha	0.018587
wami	phezu	0.018587
wami	kodwa	0.018587
wami	lo	0.018587
wami	ukuba	0.018587
wami	phakathi	0.018587
wami	kanye	0.014870
wami	uthi	0.014870
wami	lokhu	0.011152
wami	kusho	0.011152
wami	nje	0.011152
wami	inkosi	0.011152
wami	ugogo	0.011152
wami	ube	0.011152
wami	wokuqala	0.011152
wami	wathi	0.011152
wami	ngu	0.011152
wami	wokuthi	0.011152
wami	inhliziyo	0.011152
wangena	endlini	0.141304
wangena	emzini	0.086957
wangena	kuye	0.076087
wangena	esibhedlela	0.065217
wangena	kubo	0.032609
waphumela	kubo	0.428571
waqhuba	wathi	0.428571
waqhuba	ngokuthi	0.428571
wasala	enkundleni	0.250000
wase	ethi	0.173913
wase	ezama	0.072464
wase	ehamba	0.057971
wase	ebaleka	0.057971
washo	ukuthi	0.191489
washo	kanje	0.127660
washo	wathi	0.085106
washo	njalo	0.085106
washo	nokuthi	0.063830
washo	lokho	0.063830
wasuka	lapho	0.271429
wasuka	wahamba	0.128571
wasuka	waya	0.128571
wathokoza	kakhulu	0.333333
wathola	ukuthi	0.257732
wathola	ukulimala	0.082474
wathola	ucingo	0.041237
wathola	incwadi	0.030928
wathola	u	0.030928
wathola	amandla	0.030928
wathumela	indodana	0.184211
wayecabanga	ukuthi	0.777778
wayehambisa	izingane	1.000000
wayekhona	lapho	0.230769
wayethi	uma	0.500000
welula	isandla	0.642857
welula	izandla	0.214286
welulela	isandla	1.000000
wenza	okubi	0.188153
wenza	kahle	0.052265
wenza	umsebenzi	0.045296
wenza	ukuba	0.041812
wenza	lokhu	0.027875
wenza	okuhle	0.024390
wenza	njani	0.020906
wenza	iphutha	0.020906
wenza	izinto	0.020906
wenza	into	0.020906
wenza	konke	0.017422
wenza	lokho	0.017422
wenza	ke	0.017422
wenza	sengathi	0.013937
wenza	leli	0.013937
wenza	isono	0.013937
wenza	isivumelwano	0.013937
wenza	isithembiso	0.013937
wenza	njengoba	0.013937
wenza	isidlo	0.010453
wenza	lukhuni	0.010453
wenza	u	0.010453
wethu	kusho	0.064356
wethu	sonke	0.044554
wethu	ukuthi	0.044554
wethu	lo	0.039604
wethu	na	0.029703
wethu	thina	0.029703
wethu	ukuba	0.024752
wethu	kodwa	0.024752
wethu	lapha	0.024752
wethu	wokuqala	0.019802
wethu	kepha	0.019802
wethu	futhi	0.019802
wethu	u	0.019802
wethu	kanjalo	0.014851
wethu	ngokuba	0.014851
wethu	nenkosi	0.014851
weza	emzini	0.085106
weza	kimi	0.063830
weza	kuye	0.063830
weza	kubo	0.063830
wozani	ke	0.200000
yafika	inkosi	0.142857
yafika	ekhaya	0.107143
yakho	ukuthi	0.055961
yakho	ngokuba	0.046229
yakho	yonke	0.043796
yakho	na	0.041363
yakho	konke	0.036496
yakho	ukuba	0.031630
yakho	engcwele	0.026764
yakho	emva	0.017032
yakho	le	0.014599
yakho	leyo	0.014599
yakho	ukuze	0.014599
yakho	noma	0.012165
yakho	ngoba	0.012165
yakho	kepha	0.012165
yakho	ngokuthi	0.012165
yakho	manje	0.012165
yakho	yenza	0.009732
yakho	futhi	0.009732
yakho	inkosi	0.009732
yakho	kodwa	0.009732
yakho	lokhu	0.009732
yakho	ubaba	0.009732
yakho	kuze	0.009732
yakho	kimi	0.009732
yakho	yona	0.007299
yakho	lapho	0.007299
yakho	enhle	0.007299
yakho	ngenxa	0.007299
yakho	kanye	0.007299
yakho	njalo	0.007299
yakho	iyazi	0.007299
yami	inkosi	0.098321
yami	engcwele	0.045564
yami	nkosi	0.038369
yami	na	0.035971
yami	yonke	0.028777
yami	u	0.026379
yami	ukuba	0.023981
yami	ngoba	0.019185
yami	ukuthi	0.019185
yami	ngokuba	0.016787
yami	uma	0.016787
yami	kusho	0.016787
yami	lapho	0.016787
yami	ukuze	0.011990
yami	wena	0.011990
yami	ngenxa	0.009592
yami	ukwenza	0.009592
yami	futhi	0.009592
yami	enkulu	0.009592
yami	umusa	0.009592
yami	umfazi	0.009592
yami	hlala	0.009592
yami	kubo	0.007194
yami	kuze	0.007194
yami	abe	0.007194
yami	kube	0.007194
yami	ngiyazi	0.007194
yami	nje	0.007194
yami	ithi	0.007194
yami	kuwe	0.007194
yami	lapha	0.007194
yami	kodwa	0.007194
yami	phezu	0.007194
yami	lalela	0.007194
yami	ngabe	0.007194
yami	aphuze	0.007194
yami	phambi	0.007194
yami	yini	0.007194
yangena	endlini	0.333333
yaqala	njani	0.464286
yashiya	abantu	0.300000
yayazi	ukuthi	0.600000
yezemidlalo	i	0.300000
yingakho	nje	0.365079
yingakho	ke	0.079365
yingakho	ngithi	0.047619
yinkosi	esikhundleni	0.384615
yinkosi	phezu	0.100000
yinkosi	kwa	0.084615
yinkosi	yethu	0.069231
yinkosi	yase	0.030769
yinkosi	ukuba	0.023077
yinkosi	emva	0.023077
yodwa	ukuba	0.125000
yokuthi	uma	0.079498
yokuthi	kukhona	0.050209
yokuthi	le	0.033473
yokuthi	abantu	0.029289
yokuthi	umuntu	0.020921
yokuthi	kungani	0.016736
yokuthi	lo	0.016736
yokuthi	ummeli	0.012552
yokuthi	uhulumeni	0.012552
yokuthi	i	0.012552
yokuthi	lowo	0.012552
yokuthi	lezi	0.012552
yokuthi	unkulunkulu	0.012552
zabantu	bonke	0.127907
zabantu	abasha	0.058140
zabantu	abadala	0.058140
zabantu	bami	0.046512
zabantu	abaningi	0.046512
zabantu	base	0.046512
zabantu	uma	0.034884
zakho	zibe	0.075862
zakho	ezinhle	0.041379
zakho	zonke	0.041379
zakho	noma	0.034483
zakho	na	0.027586
zakho	ukuba	0.027586
zakho	mina	0.027586
zakho	ukuthi	0.020690
zakho	izinsuku	0.020690
zakho	ukuze	0.020690
zakho	konke	0.020690
zakho	ezweni	0.020690
zasendle	nezinyoni	0.307692
zazo	zonke	0.138889
zikhona	yini	0.147059
zikhona	ezinye	0.117647
zokuthi	kukhona	0.102941
zokuthi	abantu	0.058824
zokuthi	i	0.058824
zokuthi	lo	0.044118
zokuthi	le	0.044118
