авария	произошла	на	0.264706
авария	произошла	в	0.235294
авария	произошла	вечером	0.117647
авария	произошла	около	0.117647
акцент	был	сделан	1.000000
акцент	на	том	0.375000
американский	лидер	джо	0.600000
армии	в	районе	0.375000
без	внимания	и	0.666667
без	вреда	для	1.000000
без	жертв	и	0.555556
без	каких	либо	0.857143
без	признаков	жизни	1.000000
без	этого	не	0.500000
белого	дома	по	0.210526
белого	дома	джон	0.157895
би	би	си	1.000000
бизнес	в	россии	0.375000
бок	о	бок	1.000000
боль	в	груди	0.333333
больше	возможностей	для	0.666667
больше	времени	для	0.160000
больше	времени	и	0.160000
больше	времени	провести	0.120000
больше	времени	с	0.120000
больше	всего	в	0.133333
больше	всего	пострадал	0.050000
больше	всего	голосов	0.050000
больше	всего	на	0.050000
больше	десяти	лет	0.750000
больше	и	больше	0.388889
больше	информации	о	0.888889
больше	не	будет	0.171875
больше	не	будут	0.140625
больше	не	может	0.062500
больше	никогда	не	1.000000
больше	по	сравнению	0.857143
больше	похожа	на	1.000000
больше	похоже	на	1.000000
больше	чем	в	0.256881
больше	чем	за	0.137615
больше	чем	у	0.073394
больше	чем	годом	0.055046
больше	чем	на	0.055046
больше	чем	год	0.027523
больше	чем	путешествие	0.027523
больше	чем	его	0.027523
будем	делать	все	0.666667
будет	выступать	за	0.500000
будет	действовать	до	0.250000
будет	действовать	в	0.208333
будет	для	вас	0.666667
будет	днем	небольшая	0.857143
будет	еще	больше	0.333333
будет	играть	в	0.375000
будет	на	уровне	0.200000
будет	находиться	в	0.578947
будет	ночью	днем	0.800000
будет	означать	что	0.428571
будет	отвечать	за	0.857143
будет	очень	сложно	0.157895
будет	потому	что	1.000000
будет	представлять	собой	0.500000
будет	принято	решение	0.400000
будет	принято	в	0.300000
будет	продолжаться	до	0.333333
будет	проходить	в	0.214286
будет	проходить	на	0.214286
будет	работать	до	0.194444
будет	работать	в	0.166667
будет	работать	с	0.111111
будет	работать	на	0.111111
будет	связано	с	1.000000
будет	таким	же	1.000000
будет	только	расти	0.272727
будет	увидеть	в	0.384615
будет	участвовать	в	1.000000
будет	что	то	0.666667
буквально	на	днях	0.333333
была	какая	то	1.000000
быть	и	речи	0.250000
быть	на	связи	0.600000
быть	не	может	0.365854
быть	не	должно	0.146341
быть	не	только	0.073171
быть	не	менее	0.073171
быть	рядом	с	0.750000
быть	связано	с	0.916667
быть	что	то	1.000000
важный	шаг	в	0.833333
вдоль	всей	линии	1.000000
верить	в	победу	0.333333
вернуть	деньги	за	1.000000
вернуться	к	нормальной	0.272727
вероятность	того	что	1.000000
весь	прошлый	год	1.000000
взяли	под	контроль	1.000000
видно	как	мужчина	0.166667
видно	что	на	0.240000
во	время	войны	0.117647
во	время	встречи	0.101307
во	время	выступления	0.045752
во	время	его	0.032680
во	время	движения	0.026144
во	время	великой	0.026144
во	время	которого	0.026144
во	время	проверки	0.019608
во	время	разговора	0.019608
во	время	операции	0.019608
во	время	своего	0.019608
во	время	которой	0.019608
во	время	работы	0.016340
во	время	их	0.016340
во	время	поездки	0.016340
во	время	занятия	0.013072
во	время	игры	0.013072
во	время	ночной	0.013072
во	время	ее	0.013072
во	время	первой	0.013072
во	время	военных	0.013072
во	время	которых	0.013072
во	время	секса	0.009804
во	время	акции	0.009804
во	время	действия	0.009804
во	время	моего	0.009804
во	время	отдыха	0.009804
во	время	открытия	0.009804
во	время	последнего	0.009804
во	время	последней	0.009804
во	все	области	0.187500
во	всей	этой	0.375000
во	всем	мире	0.729167
во	всех	этих	0.200000
во	всех	остальных	0.120000
во	всяком	случае	1.000000
во	всём	этом	0.375000
во	вторник	в	0.103448
во	вторник	мая	0.103448
во	вторник	марта	0.091954
во	вторник	июня	0.080460
во	вторник	и	0.057471
во	вторник	сообщил	0.057471
во	вторник	июля	0.045977
во	вторник	на	0.045977
во	вторник	заявил	0.034483
во	вторник	сентября	0.034483
во	второй	половине	0.537500
во	второй	раз	0.175000
во	второй	день	0.050000
во	второй	мировой	0.037500
во	главе	с	0.829268
во	дворе	дома	0.363636
во	многих	местах	0.300000
во	многих	случаях	0.250000
во	многих	других	0.200000
во	многом	благодаря	0.185185
во	многом	зависит	0.111111
во	первых	это	0.114286
во	франции	в	0.258065
во	что	бы	0.266667
воды	в	городе	0.187500
возможность	встретиться	с	1.000000
возможность	принять	участие	1.000000
война	россии	против	0.666667
войска	в	ночь	0.500000
вот	в	чем	0.187500
вот	почему	мы	0.375000
вот	тебе	и	1.000000
вот	что	касается	0.200000
вот	это	все	0.176471
вошел	в	число	0.250000
вошел	в	состав	0.250000
вполне	вероятно	что	0.666667
вполне	возможно	что	0.500000
времени	с	семьей	0.428571
всегда	готовы	помочь	0.600000
вскоре	после	этого	0.428571
встретился	с	президентом	0.666667
вступить	в	силу	0.500000
втором	месте	в	0.375000
втором	месте	оказался	0.187500
выбора	кроме	как	1.000000
вывести	свои	войска	1.000000
выросла	в	раза	0.666667
выросла	с	до	0.750000
выхода	на	пенсию	0.500000
выхода	россии	из	0.800000
где	в	году	0.250000
где	встретился	с	1.000000
где	до	этого	1.000000
где	и	когда	0.400000
где	и	как	0.300000
где	люди	могут	0.333333
где	можно	получить	0.120000
где	можно	найти	0.120000
где	можно	было	0.120000
где	не	было	0.666667
где	один	из	1.000000
где	он	будет	0.103448
где	сейчас	находится	0.750000
где	то	в	0.216667
где	то	не	0.050000
где	то	еще	0.050000
где	у	него	0.428571
глава	комитета	по	0.800000
глава	офиса	президента	1.000000
говорит	о	том	0.696970
говорит	что	в	0.086957
говорит	что	на	0.065217
говорит	что	это	0.065217
говорить	о	том	0.333333
говорить	об	этом	0.666667
говорить	что	у	0.230769
года	в	год	0.096774
года	в	городе	0.086022
года	в	россии	0.043011
года	в	стране	0.043011
года	в	день	0.032258
года	в	котором	0.032258
года	в	париже	0.032258
года	выросла	на	0.800000
года	говорится	в	1.000000
года	для	всех	0.428571
года	и	по	0.079365
года	и	на	0.047619
года	и	является	0.047619
года	и	будет	0.047619
года	из	за	0.666667
года	их	количество	0.375000
года	когда	в	0.136364
года	на	территории	0.208333
года	назад	когда	0.130435
года	назад	и	0.130435
года	назад	но	0.130435
года	но	и	0.214286
года	осталось	дней	0.750000
года	по	данным	0.222222
года	после	начала	0.294118
года	после	того	0.235294
года	потому	что	1.000000
года	рождения	в	0.161290
года	рождения	и	0.129032
года	стало	известно	0.833333
года	то	есть	0.600000
года	у	нас	0.230769
года	цены	на	0.857143
году	в	россии	0.090909
году	в	сша	0.054545
году	в	день	0.054545
году	во	время	0.875000
году	до	в	0.444444
году	и	в	0.096774
году	из	за	1.000000
году	мира	и	1.000000
году	несмотря	на	1.000000
году	он	был	0.142857
году	по	сравнению	0.428571
году	это	г	0.500000
горжусь	тем	что	1.000000
градусов	а	днем	0.300000
градусов	а	по	0.300000
градусов	в	течение	1.000000
грозит	до	лет	0.650000
грозит	до	пяти	0.200000
двух	мужчин	в	0.750000
двух	раз	в	1.000000
двух	с	половиной	1.000000
двух	часов	ночи	0.500000
действий	в	отношении	0.300000
делу	в	отношении	0.833333
деньги	а	также	0.428571
десять	лет	назад	0.578947
детский	сад	на	0.230769
детьми	до	лет	0.750000
дней	в	неделю	0.421053
дней	из	за	1.000000
дней	после	того	0.285714
дней	с	момента	0.555556
дней	со	дня	1.000000
доказательств	того	что	1.000000
доказательства	того	что	1.000000
доказательство	того	что	1.000000
долгое	время	не	0.173913
должен	был	быть	0.114286
должен	быть	ниже	0.103448
должен	ли	он	1.000000
должен	понимать	что	0.750000
должно	быть	в	0.071429
должно	быть	не	0.071429
доллар	и	евро	0.800000
дороже	чем	в	0.375000
доступ	в	интернет	0.500000
другие	страны	в	0.150000
других	людей	и	0.750000
друзья	коллеги	и	1.000000
е	место	в	0.666667
ждать	не	стоит	0.750000
женщина	года	рождения	1.000000
женщина	и	ее	0.250000
женщина	находится	в	1.000000
женщина	рассказала	что	0.800000
женщины	и	дети	0.285714
живой	силе	и	0.785714
живой	силы	и	0.636364
жизни	в	россии	0.187500
жизни	в	том	0.187500
жизни	и	смерти	0.100000
жизни	на	земле	1.000000
жизни	ничего	не	1.000000
жизнью	и	смертью	0.500000
жителей	и	гостей	0.818182
жители	и	гости	0.428571
за	более	чем	1.000000
за	весь	период	0.400000
за	весь	прошлый	0.300000
за	весь	год	0.300000
за	восемь	месяцев	0.500000
за	время	войны	0.230769
за	все	время	0.600000
за	все	что	0.133333
за	все	годы	0.100000
за	всю	историю	0.633333
за	всю	свою	0.166667
за	выход	в	0.750000
за	год	в	0.090909
за	год	на	0.060606
за	год	и	0.060606
за	год	войны	0.060606
за	год	до	0.050505
за	год	работы	0.030303
за	границу	в	0.103448
за	данный	период	1.000000
за	два	года	0.423077
за	два	месяца	0.192308
за	два	дня	0.153846
за	две	недели	0.545455
за	девять	месяцев	0.666667
за	день	до	0.562500
за	десять	лет	0.750000
за	дней	до	0.500000
за	его	пределами	0.210526
за	его	жизнь	0.210526
за	ее	пределами	0.461538
за	жизнь	и	0.333333
за	контроль	над	1.000000
за	медицинской	помощью	1.000000
за	место	в	0.500000
за	место	под	0.500000
за	месяц	до	0.312500
за	месяцев	года	0.368421
за	миллионов	долларов	0.500000
за	минут	до	0.300000
за	мир	и	0.500000
за	нападение	на	0.800000
за	нарушение	правил	0.750000
за	неделю	до	0.173913
за	неделю	в	0.130435
за	несколько	дней	0.500000
за	несколько	часов	0.125000
за	несколько	минут	0.100000
за	несколько	недель	0.100000
за	несколько	лет	0.075000
за	один	день	0.294118
за	один	месяц	0.235294
за	один	раз	0.176471
за	отказ	от	0.428571
за	пару	минут	0.272727
за	пару	недель	0.272727
за	первую	половину	0.625000
за	первые	два	0.259259
за	первые	три	0.185185
за	первые	шесть	0.111111
за	первый	месяц	0.714286
за	период	с	0.789474
за	победу	в	0.571429
за	поддержку	и	0.625000
за	полгода	до	0.375000
за	помощь	в	0.875000
за	помощью	к	0.464286
за	помощью	в	0.428571
за	последнее	время	0.928571
за	последние	лет	0.230263
за	последние	годы	0.098684
за	последние	несколько	0.098684
за	последние	пять	0.072368
за	последние	сутки	0.052632
за	последние	два	0.046053
за	последние	три	0.039474
за	последние	месяцев	0.039474
за	последние	дней	0.039474
за	последние	полгода	0.026316
за	последние	года	0.026316
за	последние	шесть	0.019737
за	последние	двадцать	0.019737
за	последние	недели	0.019737
за	последние	дни	0.019737
за	последние	часа	0.019737
за	последний	год	0.800000
за	последний	месяц	0.160000
за	последнюю	неделю	0.857143
за	пределами	россии	0.230769
за	пределы	россии	0.307692
за	пределы	страны	0.230769
за	преступления	против	0.500000
за	проблем	с	0.750000
за	прошлый	год	0.916667
за	пять	лет	0.320000
за	пять	минут	0.160000
за	пять	месяцев	0.160000
за	пять	недель	0.120000
за	ребенком	до	0.363636
за	рулем	автомобиля	0.360000
за	рулем	которого	0.200000
за	свободу	и	0.625000
за	свои	деньги	0.235294
за	свои	слова	0.176471
за	свои	действия	0.176471
за	свои	преступления	0.176471
за	свой	счет	0.909091
за	свою	карьеру	0.238095
за	свою	работу	0.142857
за	свою	жизнь	0.142857
за	семь	месяцев	0.500000
за	собой	право	0.280000
за	собственные	средства	1.000000
за	сутки	на	0.171429
за	сутки	в	0.114286
за	сутки	произошло	0.085714
за	сутки	было	0.085714
за	сутки	враг	0.085714
за	счет	средств	0.262295
за	счет	этого	0.081967
за	счет	чего	0.065574
за	счет	того	0.065574
за	счёт	средств	0.300000
за	тем	чтобы	0.400000
за	тем	что	0.300000
за	то	что	0.731343
за	то	чтобы	0.194030
за	того	что	0.945946
за	тот	же	0.875000
за	третье	место	1.000000
за	три	года	0.413793
за	три	дня	0.275862
за	три	месяца	0.172414
за	тысяч	долларов	1.000000
за	тысячи	фунтов	0.500000
за	участие	в	0.700000
за	чего	в	0.195122
за	чего	у	0.121951
за	четыре	года	0.583333
за	четыре	месяца	0.250000
за	что	то	0.111111
за	шесть	месяцев	0.625000
за	эти	годы	0.352941
за	это	время	0.532468
за	это	ее	0.038961
за	этот	период	0.428571
за	этот	же	0.178571
за	этот	срок	0.107143
завтра	будет	практически	0.750000
заключается	в	том	0.818182
заметить	что	в	0.500000
запах	изо	рта	1.000000
записи	с	камер	1.000000
заявления	о	том	0.600000
значительно	больше	чем	0.500000
знаю	что	это	0.128205
знаю	что	у	0.076923
знают	об	этом	0.800000
знают	что	это	0.166667
идеально	подходит	для	1.000000
идет	не	только	0.583333
идет	о	том	0.096774
идет	о	возможности	0.096774
идет	работа	над	1.000000
идет	только	о	1.000000
известно	кто	будет	0.428571
известно	о	том	0.266667
известно	о	трех	0.200000
известно	что	в	0.225564
известно	что	на	0.075188
известно	что	он	0.022556
известно	что	у	0.022556
известно	что	женщина	0.022556
известно	что	после	0.022556
известно	что	ранее	0.022556
изменится	расписание	движения	1.000000
изменить	свою	жизнь	0.800000
изменить	ситуацию	в	0.500000
или	без	нее	0.750000
или	во	время	0.750000
или	все	же	0.750000
или	любой	другой	1.000000
или	нет	но	0.176471
или	около	тысяч	0.600000
или	хотя	бы	1.000000
или	что	то	0.470588
или	что	там	0.176471
им	а	с	0.500000
им	может	быть	1.000000
им	н	п	0.666667
им	не	хватает	0.166667
имеет	большое	значение	0.777778
имеет	в	виду	0.666667
имеет	важное	значение	1.000000
имеет	никакого	отношения	0.500000
имеет	ничего	общего	1.000000
имеет	отношения	к	1.000000
имеет	право	на	0.352941
имени	а	с	0.333333
имени	в	и	0.375000
имени	м	в	0.714286
информация	не	соответствует	0.571429
информация	о	том	0.560000
информация	об	этом	0.875000
использовать	его	как	0.400000
использовать	его	в	0.300000
исследования	показали	что	1.000000
исследования	показывают	что	1.000000
история	произошла	в	0.750000
июня	в	по	0.222222
июня	в	городе	0.111111
июня	года	в	0.214286
июня	по	июля	0.600000
июня	сообщили	в	1.000000
июня	стало	известно	1.000000
июня	этого	года	1.000000
й	и	й	0.900000
каждого	из	нас	0.333333
каждого	из	них	0.266667
кажется	что	это	0.206897
как	будет	выглядеть	0.454545
как	бы	ни	0.176471
как	было	в	0.300000
как	в	начале	0.089744
как	в	году	0.076923
как	в	детстве	0.051282
как	в	настоящее	0.038462
как	в	целом	0.038462
как	вести	себя	1.000000
как	всегда	в	0.333333
как	вы	считаете	0.115385
как	вы	знаете	0.115385
как	говорится	в	0.615385
как	говорится	на	0.076923
как	говорят	в	1.000000
как	же	я	0.142857
как	же	так	0.107143
как	же	это	0.107143
как	и	все	0.085106
как	и	другие	0.049645
как	и	прежде	0.049645
как	и	раньше	0.042553
как	и	во	0.042553
как	и	на	0.035461
как	и	для	0.035461
как	и	когда	0.021277
как	и	из	0.021277
как	и	было	0.021277
как	и	их	0.021277
как	и	многие	0.021277
как	из	за	0.500000
как	избавиться	от	1.000000
как	известно	на	0.148148
как	известно	в	0.148148
как	именно	это	0.384615
как	минимум	на	0.142857
как	минимум	до	0.111111
как	минимум	в	0.095238
как	минимум	два	0.063492
как	минимум	за	0.047619
как	можно	быстрее	0.230769
как	можно	больше	0.208791
как	можно	скорее	0.175824
как	можно	раньше	0.032967
как	можно	чаще	0.032967
как	можно	более	0.032967
как	можно	дольше	0.032967
как	можно	было	0.032967
как	можно	меньше	0.032967
как	мы	можем	0.107143
как	мы	и	0.107143
как	мы	видим	0.107143
как	ни	странно	0.363636
как	никто	другой	1.000000
как	он	хочет	0.068182
как	она	была	0.090909
как	они	могут	0.097561
как	они	будут	0.073171
как	по	мне	0.400000
как	понять	что	0.800000
как	правило	не	0.113636
как	правило	это	0.068182
как	правило	в	0.068182
как	право	на	1.000000
как	раз	в	0.133333
как	раз	таки	0.066667
как	раз	и	0.053333
как	раз	тот	0.040000
как	рассказали	в	1.000000
как	сделать	так	0.428571
как	себя	вести	0.833333
как	следует	из	0.727273
как	сообщили	в	0.979167
как	стало	известно	0.961538
как	то	не	0.083333
как	только	они	0.075472
как	только	в	0.075472
как	только	мы	0.075472
как	только	вы	0.056604
как	у	нас	0.103448
как	у	вас	0.103448
как	у	меня	0.103448
как	у	него	0.103448
как	уже	было	0.500000
как	хотелось	бы	1.000000
как	чувствует	себя	1.000000
как	это	было	0.135135
как	это	часто	0.067568
как	это	будет	0.040541
как	это	работает	0.040541
как	я	не	0.114286
как	я	уже	0.114286
как	я	могу	0.085714
какие	либо	другие	0.300000
какие	то	моменты	0.048387
какие	то	вопросы	0.048387
какие	у	них	0.300000
какие	у	нас	0.300000
какие	у	вас	0.300000
каким	то	образом	0.846154
качества	а	также	0.750000
качества	и	безопасности	0.500000
квартире	на	улице	0.500000
квартиру	в	которой	0.428571
километров	в	час	1.000000
км	в	час	0.444444
км	на	север	0.750000
км	от	границы	0.375000
км	ч	за	0.250000
комитет	принял	решение	1.000000
компании	в	том	0.166667
компании	рассказали	что	1.000000
компании	считают	что	1.000000
конечно	же	не	0.258065
конечно	это	не	0.235294
конечном	итоге	будет	0.300000
кто	бы	ни	0.500000
кто	в	этом	0.384615
кто	принимал	участие	1.000000
кто	сказал	что	1.000000
кто	следит	за	1.000000
кто	стоит	на	1.000000
кто	то	из	0.139130
кто	то	другой	0.060870
кто	то	в	0.043478
кто	то	не	0.043478
кто	то	хочет	0.034783
кто	то	будет	0.026087
кто	то	на	0.026087
кто	то	еще	0.026087
кто	то	что	0.026087
куда	можно	отправиться	0.500000
куда	нибудь	в	0.750000
курс	доллара	в	0.333333
лет	а	также	0.428571
лет	до	года	0.272727
лет	и	старше	0.280702
лет	и	более	0.052632
лет	назад	но	0.083333
лет	назад	в	0.069444
лет	назад	и	0.055556
лет	назад	был	0.041667
лет	назад	на	0.041667
лет	назад	его	0.041667
лет	победы	в	1.000000
лет	с	момента	0.444444
лет	со	дня	1.000000
лет	тюрьмы	с	0.600000
ли	вы	что	0.285714
ли	говорить	что	0.750000
ли	какие	то	1.000000
ли	у	них	0.300000
ли	это	что	0.227273
ли	это	так	0.136364
луна	проводит	день	1.000000
любой	из	сторон	0.428571
любой	точки	мира	1.000000
мало	того	что	0.909091
мальчик	и	девочка	1.000000
медицинской	помощи	и	0.133333
медицинской	помощи	с	0.100000
между	жизнью	и	1.000000
между	и	годами	0.500000
между	мужчиной	и	1.000000
между	ним	и	0.833333
между	ними	не	0.272727
между	собой	и	0.190476
между	сша	и	1.000000
между	тем	в	0.275000
между	тем	на	0.100000
между	тем	по	0.075000
место	в	россии	0.115385
месяца	после	того	0.500000
месяца	следующего	за	1.000000
миллионов	долларов	в	0.230769
миллионов	долларов	что	0.115385
министерство	обороны	россии	0.400000
министерство	труда	и	1.000000
минус	градусов	а	0.428571
мне	вот	интересно	0.833333
мне	кажется	что	0.380952
мне	казалось	что	0.750000
мне	нравится	что	0.333333
мне	нужно	было	0.375000
мне	очень	нравится	0.294118
мне	сказали	что	0.750000
можно	будет	увидеть	0.154639
можно	будет	только	0.051546
можно	будет	получить	0.041237
можно	будет	посмотреть	0.041237
можно	будет	говорить	0.041237
можно	будет	сделать	0.041237
можно	будет	на	0.030928
можно	будет	купить	0.030928
можно	будет	проводить	0.030928
можно	было	бы	0.356164
можно	в	течение	0.200000
можно	добавить	немного	0.500000
можно	заметить	что	0.750000
можно	и	нужно	0.214286
можно	и	нельзя	0.214286
можно	использовать	для	0.323529
можно	использовать	и	0.088235
можно	использовать	не	0.088235
можно	на	сайте	0.923077
можно	не	только	0.384615
можно	обратиться	в	0.454545
можно	обратиться	за	0.272727
можно	ожидать	что	0.375000
можно	по	телефону	0.714286
можно	подать	через	0.363636
можно	получить	в	0.217391
можно	получить	по	0.130435
можно	посмотреть	ниже	0.428571
можно	предположить	что	0.750000
можно	при	помощи	1.000000
можно	с	помощью	0.470588
можно	с	до	0.176471
можно	сделать	в	0.150000
можно	сказать	что	0.538462
можно	считать	что	0.375000
можно	только	в	0.277778
можно	только	с	0.222222
можно	увидеть	в	0.208333
можно	увидеть	как	0.166667
мой	взгляд	сейчас	0.136364
мужчина	вместе	с	0.750000
мужчина	во	время	1.000000
мужчина	года	рождения	1.000000
мужчина	за	рулем	1.000000
мужчина	и	женщина	0.454545
мужчина	несколько	раз	0.750000
мужчина	погиб	на	0.750000
мужчина	рассказал	что	1.000000
мужчина	сообщил	что	0.571429
над	тем	чтобы	0.850000
назначил	ему	наказание	0.714286
назначил	наказание	в	1.000000
наказание	в	виде	0.916667
намного	больше	чем	1.000000
намного	меньше	чем	1.000000
нападения	россии	на	1.000000
например	в	году	0.115385
например	во	время	1.000000
например	если	человек	0.272727
напрямую	влияет	на	1.000000
нарушение	правил	безопасности	0.500000
насилия	в	отношении	0.714286
настоящее	время	в	0.193103
настоящее	время	на	0.055172
настоящее	время	все	0.020690
настоящее	время	его	0.020690
настоящее	время	идет	0.020690
настоящее	время	он	0.020690
настоящее	время	там	0.020690
находился	в	км	0.235294
находился	в	состоянии	0.176471
находится	в	состоянии	0.173077
находится	в	больнице	0.096154
находится	в	зоне	0.057692
находится	в	центре	0.057692
находится	в	безопасности	0.057692
находится	в	городе	0.057692
находится	на	грани	0.116279
находится	на	территории	0.093023
находится	на	втором	0.069767
находится	на	уровне	0.069767
находится	на	стадии	0.069767
находится	недалеко	от	1.000000
находится	под	контролем	0.800000
находится	рядом	с	0.833333
находятся	в	центре	0.103448
находятся	в	зоне	0.103448
находятся	на	уровне	0.187500
находятся	на	территории	0.187500
находятся	под	контролем	0.600000
начинают	понимать	что	1.000000
начиная	с	года	0.370370
недалеко	от	города	0.200000
недалеко	от	границы	0.160000
недалеко	от	села	0.120000
нее	не	было	0.571429
нее	никогда	не	1.000000
независимо	от	того	0.566667
независимо	от	их	0.133333
ней	приняли	участие	1.000000
некоторых	из	них	1.000000
некоторых	случаях	это	0.285714
ниже	чем	в	0.500000
ниже	чем	у	0.181818
никаких	признаков	того	0.750000
никаких	сомнений	в	0.500000
никому	не	нужны	0.235294
никому	не	нужен	0.176471
никому	ничего	не	1.000000
никто	даже	не	0.750000
никто	и	не	0.750000
никто	из	них	0.555556
никто	не	пострадал	0.192308
никто	не	хочет	0.069231
никто	не	знает	0.038462
никто	не	будет	0.038462
никто	не	знал	0.038462
никто	не	может	0.030769
никто	не	станет	0.023077
никто	не	должен	0.023077
никто	ничего	не	1.000000
них	в	итоге	0.214286
них	есть	и	0.190476
них	заявил	что	1.000000
них	на	самом	0.600000
них	находятся	в	1.000000
них	не	было	0.103448
них	приняли	участие	1.000000
ничего	и	не	1.000000
ничего	не	угрожает	0.046729
ничего	не	было	0.046729
ничего	не	осталось	0.046729
ничего	не	происходит	0.037383
ничего	не	известно	0.037383
ничего	не	поделаешь	0.037383
ничего	не	изменилось	0.028037
ничего	не	значит	0.028037
ничего	общего	с	0.857143
новостей	сообщили	в	1.000000
новый	пакет	военной	0.750000
новый	пакет	помощи	0.250000
новых	рабочих	мест	1.000000
номер	телефона	и	0.714286
ночь	на	мая	0.200000
ночь	на	июня	0.162500
ночь	на	воскресенье	0.100000
ночь	на	июля	0.087500
ночь	на	субботу	0.075000
ночь	на	вторник	0.075000
ночь	на	четверг	0.062500
ночь	на	марта	0.062500
ночь	на	среду	0.062500
ночь	на	пятницу	0.050000
ночь	на	сентября	0.037500
ночь	с	на	0.894737
ну	а	если	0.181818
ну	и	конечно	0.172414
ну	и	плюс	0.068966
образ	жизни	и	0.500000
одна	и	та	1.000000
одна	из	самых	0.329412
одна	из	них	0.105882
одна	из	которых	0.058824
одна	из	лучших	0.047059
одна	из	причин	0.047059
одна	из	сторон	0.035294
одна	из	таких	0.035294
одна	из	первых	0.035294
одна	из	женщин	0.035294
одно	другому	не	1.000000
одно	и	то	0.909091
одно	из	самых	0.382353
одно	из	них	0.117647
одно	из	наиболее	0.117647
одной	из	самых	0.313433
одной	из	причин	0.104478
одной	из	сторон	0.074627
одной	из	наиболее	0.059701
одной	из	них	0.059701
одной	из	лучших	0.044776
одной	стороны	это	0.173913
одной	стороны	мы	0.130435
ожидать	не	стоит	1.000000
означает	что	он	0.081633
она	будет	действовать	0.136364
она	была	в	0.250000
она	вместе	с	0.800000
она	должна	быть	0.210526
она	и	не	0.307692
она	и	ее	0.230769
она	может	быть	0.222222
она	находится	под	0.363636
она	находится	в	0.272727
она	не	может	0.106061
она	не	имеет	0.075758
она	не	будет	0.060606
она	не	хотела	0.045455
она	не	была	0.045455
она	никогда	не	1.000000
она	ответила	что	0.750000
она	познакомилась	с	0.750000
она	поняла	что	1.000000
она	попала	в	0.714286
она	работает	в	0.375000
она	рассказала	что	0.636364
она	рассказала	о	0.181818
она	сказала	что	0.833333
она	состоит	из	1.000000
она	считает	что	0.833333
она	также	не	0.214286
они	больше	не	0.625000
они	будут	готовы	0.093023
они	будут	в	0.069767
они	говорили	что	0.571429
они	говорят	что	0.454545
они	до	сих	0.833333
они	должны	были	0.214286
они	должны	быть	0.178571
они	еще	не	0.600000
они	же	и	0.500000
они	знают	что	0.800000
они	играли	в	0.750000
они	могли	бы	0.388889
они	могут	быть	0.090909
они	могут	стать	0.060606
они	могут	получить	0.045455
они	находятся	под	0.428571
они	не	могут	0.103774
они	не	хотят	0.066038
они	не	имеют	0.056604
они	не	будут	0.047170
они	не	готовы	0.037736
они	не	станут	0.037736
они	не	были	0.037736
они	не	знают	0.028302
они	не	должны	0.028302
они	не	только	0.028302
они	не	очень	0.028302
они	никогда	не	0.714286
они	по	словам	0.500000
они	показали	что	0.428571
они	получили	в	0.230769
они	поняли	что	1.000000
они	просто	не	0.300000
они	работают	на	0.428571
они	с	удовольствием	0.222222
они	связаны	с	0.800000
они	сказали	что	0.600000
они	скорее	всего	1.000000
они	считают	что	0.750000
они	так	же	0.428571
они	уже	в	0.120000
они	хотят	чтобы	0.230769
они	это	делают	0.214286
они	этого	не	0.800000
операции	на	территории	0.400000
опыт	работы	с	0.454545
опыт	работы	на	0.272727
органов	власти	в	0.400000
особо	важных	дел	1.000000
оставить	на	минут	0.555556
остался	на	уровне	0.800000
ответа	на	вопрос	0.357143
ответил	на	вопросы	0.357143
ответил	на	вопрос	0.214286
ответил	что	в	0.200000
ответственности	за	нарушение	0.230769
отвлечь	внимание	от	0.833333
отдать	свой	голос	1.000000
относительно	евро	курс	0.857143
очень	больно	и	0.600000
очень	большое	количество	0.500000
очень	большой	в	0.500000
очень	большую	роль	1.000000
очень	важно	чтобы	0.200000
очень	важно	для	0.100000
очень	важно	что	0.075000
очень	и	очень	1.000000
очень	много	и	0.088235
очень	много	молодых	0.088235
очень	много	людей	0.088235
очень	надеюсь	что	0.800000
очень	похож	на	1.000000
очень	рада	что	0.625000
очень	сложно	сказал	0.272727
очень	то	и	1.000000
п	а	ч	0.750000
п	в	ч	1.000000
пару	лет	назад	0.583333
первой	же	возможности	0.666667
первой	и	второй	1.000000
первой	мировой	войны	0.750000
первой	половине	дня	0.416667
первой	половине	года	0.250000
первую	линию	обороны	1.000000
первую	очередь	на	0.080000
первую	очередь	это	0.080000
первую	очередь	эксперт	0.050000
первую	очередь	в	0.040000
первую	очередь	с	0.040000
первую	очередь	за	0.030000
первую	очередь	для	0.030000
первую	очередь	специалист	0.030000
первую	очередь	чтобы	0.030000
первую	помощь	и	0.600000
первый	день	работы	0.250000
первый	день	в	0.250000
первый	же	день	0.833333
первый	заместитель	директора	0.428571
первый	месяц	года	0.600000
первый	план	выходит	0.750000
первый	раз	в	0.217391
первый	случай	когда	0.833333
песни	военных	лет	1.000000
победу	в	этом	0.214286
погибла	на	месте	1.000000
подал	в	отставку	0.750000
подозреваемый	в	убийстве	0.750000
подходит	к	концу	0.375000
поздно	вечером	в	0.300000
пока	его	не	0.666667
пока	еще	не	0.571429
пока	известно	о	0.600000
пока	мы	не	0.416667
пока	не	известно	0.042105
пока	не	видно	0.031579
пока	не	будет	0.031579
пока	не	удалось	0.031579
пока	не	могут	0.031579
пока	не	принято	0.031579
пока	не	будут	0.031579
пока	не	готова	0.031579
пока	не	было	0.031579
пока	не	ясно	0.031579
пока	она	не	0.571429
пока	они	не	0.533333
пока	официально	не	1.000000
пока	что	нет	0.190476
пока	что	это	0.142857
показал	что	в	0.272727
покинуть	свои	дома	1.000000
поле	боя	в	0.173913
поле	весь	матч	1.000000
получают	доступ	к	1.000000
получили	разрешение	на	1.000000
получится	потому	что	1.000000
помощник	президента	инспектор	0.375000
помощь	и	поддержку	0.176471
помощь	из	за	1.000000
помощь	на	месте	0.428571
понимает	что	это	0.153846
понимать	что	если	0.078947
понимать	что	в	0.078947
понимают	что	такое	0.120000
понимают	что	происходит	0.120000
понять	в	чем	1.000000
понять	подходит	ли	1.000000
понять	что	не	0.096774
понять	что	он	0.096774
попала	в	больницу	0.250000
пор	находятся	в	1.000000
пор	не	понимаю	0.142857
пор	пока	не	0.294118
поражение	живой	силе	1.000000
поскольку	у	нас	0.300000
поскольку	у	них	0.300000
поскольку	это	не	0.230769
последствия	на	земле	1.000000
почувствовал	себя	плохо	1.000000
появилась	информация	что	0.481481
появилась	информация	о	0.481481
права	и	безопасность	0.272727
права	и	обязанности	0.272727
права	на	ошибку	0.136364
права	человека	и	0.500000
праздник	это	еще	1.000000
практически	во	всех	0.666667
практически	не	было	0.227273
практически	сразу	после	1.000000
представитель	белого	дома	1.000000
представитель	главного	управления	1.000000
президент	россии	подписал	0.190476
президент	россии	назвал	0.142857
президент	сша	джо	0.488889
президент	сша	дональд	0.177778
президента	и	его	0.428571
президента	инспектор	по	1.000000
президента	соединенных	штатов	1.000000
президента	сша	джо	0.382353
президента	сша	по	0.176471
президента	сша	и	0.088235
президентом	сша	джо	0.857143
преступление	произошло	в	0.571429
приведет	лишь	к	1.000000
привело	бы	к	1.000000
привело	к	тому	0.571429
привести	в	порядок	0.818182
привести	к	тому	0.454545
привести	себя	в	1.000000
приводит	к	тому	0.500000
признаки	того	что	1.000000
признаков	того	что	1.000000
пример	того	как	0.700000
пример	того	что	0.300000
примерно	в	км	0.166667
примерно	в	то	0.133333
примерно	в	утра	0.100000
примерно	в	раз	0.100000
примерно	так	же	0.600000
примерно	то	же	0.800000
примет	участие	в	0.750000
принимает	участие	в	0.833333
принимают	участие	в	0.357143
приняла	в	третьем	0.500000
приняла	решение	о	0.400000
приняла	участие	в	0.900000
причина	по	которой	1.000000
про	то	что	0.428571
про	то	как	0.428571
проблемы	с	сердцем	0.250000
проблемы	с	деньгами	0.166667
проблемы	с	которыми	0.166667
проблемы	со	сном	0.600000
провел	встречи	с	1.000000
провел	встречу	с	1.000000
провел	на	поле	0.750000
провел	переговоры	с	1.000000
провел	телефонный	разговор	1.000000
проверки	будет	принято	1.000000
проводит	день	в	1.000000
проводить	больше	времени	1.000000
проводить	время	с	1.000000
произошло	в	году	0.120000
произошло	в	результате	0.120000
произошло	во	время	0.800000
произошло	из	за	1.000000
пропал	без	вести	1.000000
протяжении	восьми	лет	1.000000
протяжении	всей	жизни	0.666667
протяжении	многих	лет	1.000000
протяжении	последних	лет	0.625000
пусть	и	не	0.428571
пятницу	и	субботу	0.800000
пять	лет	с	0.133333
пять	лет	назад	0.133333
пять	человек	погибли	0.230769
работ	на	территории	0.300000
работу	в	этом	0.173913
работу	в	качестве	0.130435
рабочие	места	и	0.428571
раз	больше	чем	0.500000
раз	в	неделю	0.132075
раз	в	год	0.132075
раз	в	месяц	0.084906
раз	в	день	0.056604
раз	в	несколько	0.056604
раз	в	жизни	0.037736
раз	в	дней	0.028302
раз	в	три	0.028302
раз	в	два	0.028302
раз	за	день	0.200000
раз	за	сутки	0.200000
раз	и	навсегда	0.250000
раз	из	за	1.000000
раз	об	этом	1.000000
раз	по	сравнению	0.571429
раза	больше	чем	0.705882
раза	в	неделю	0.482759
раза	в	год	0.206897
раза	в	день	0.172414
раза	дороже	чем	1.000000
раза	по	сравнению	1.000000
рассказал	в	эфире	0.352941
рассказал	в	своем	0.176471
рассказал	в	интервью	0.176471
рассказал	военный	эксперт	1.000000
рассказал	глава	города	1.000000
рассказал	о	том	0.228571
рассказал	о	своей	0.114286
рассказал	один	из	1.000000
рассказал	что	в	0.264463
рассказал	что	на	0.049587
рассказал	что	до	0.033058
рассказал	что	его	0.024793
рассказал	что	сейчас	0.024793
рассказали	о	том	0.307692
рассказали	что	в	0.104167
рассказали	что	за	0.083333
рассказали	что	на	0.062500
рассказывает	о	своей	0.375000
речи	не	идет	0.750000
решение	будет	принято	0.857143
решение	было	принято	0.941176
решение	в	пользу	0.333333
решение	вернуться	в	0.800000
решение	о	том	0.250000
решение	о	его	0.187500
решение	о	начале	0.187500
риск	того	что	0.800000
родилась	в	году	0.428571
руки	и	сердца	0.214286
рядом	с	ним	0.186047
рядом	с	вами	0.116279
рядом	с	ними	0.093023
рядом	с	домом	0.069767
рядом	с	местом	0.069767
рядом	с	ней	0.069767
с	более	чем	0.428571
с	в	году	0.333333
с	вами	в	0.178571
с	видом	на	0.666667
с	военной	точки	0.500000
с	военной	службы	0.500000
с	го	по	0.640000
с	говорится	в	1.000000
с	года	в	0.147826
с	года	и	0.086957
с	года	по	0.052174
с	года	он	0.034783
с	года	но	0.026087
с	года	до	0.026087
с	двумя	детьми	0.625000
с	двух	сторон	0.692308
с	детьми	и	0.130435
с	детьми	в	0.108696
с	детьми	из	0.086957
с	днем	рождения	0.473684
с	до	процентов	0.132353
с	до	в	0.088235
с	до	часов	0.073529
с	до	лет	0.058824
с	до	для	0.058824
с	до	по	0.044118
с	до	на	0.044118
с	другими	людьми	0.357143
с	другими	мужчинами	0.214286
с	другой	стороны	0.758621
с	другом	на	0.214286
с	друзьями	и	0.375000
с	друзьями	или	0.187500
с	его	помощью	0.470588
с	женой	и	0.214286
с	завтрашнего	дня	1.000000
с	из	за	0.600000
с	или	с	1.000000
с	информацией	о	0.750000
с	их	помощью	0.428571
с	их	стороны	0.357143
с	июля	по	0.375000
с	июля	года	0.375000
с	июня	по	0.434783
с	июня	года	0.304348
с	каждой	стороны	0.555556
с	каждым	годом	0.515152
с	каждым	днем	0.272727
с	каждым	днём	0.090909
с	кем	то	0.241379
с	конца	года	0.272727
с	которой	мы	0.190476
с	которой	он	0.190476
с	которой	у	0.142857
с	которым	он	0.120000
с	которым	у	0.120000
с	которыми	вы	0.117647
с	которыми	им	0.088235
с	которыми	мы	0.088235
с	которыми	приходится	0.088235
с	маленькими	детьми	1.000000
с	марта	года	0.315789
с	марта	по	0.210526
с	мая	года	0.434783
с	мая	по	0.347826
с	места	событий	0.375000
с	момента	начала	0.333333
с	момента	его	0.133333
с	момента	создания	0.100000
с	мужем	и	0.307692
с	на	июня	0.285714
с	на	марта	0.214286
с	нами	в	0.142857
с	начала	года	0.666667
с	начала	этого	0.065041
с	начала	войны	0.065041
с	начала	сезона	0.056911
с	начала	действия	0.024390
с	начала	мая	0.024390
с	начала	прошлого	0.024390
с	нашей	стороны	0.642857
с	ней	в	0.133333
с	ней	на	0.088889
с	нетерпением	ждут	0.272727
с	ним	и	0.096386
с	ним	в	0.048193
с	ним	на	0.048193
с	ним	можно	0.036145
с	ним	работают	0.036145
с	ним	к	0.036145
с	ними	на	0.061728
с	ними	в	0.049383
с	ними	и	0.049383
с	ними	все	0.037037
с	ними	делать	0.037037
с	новой	силой	0.571429
с	ног	до	0.666667
с	обеих	сторон	1.000000
с	одним	из	0.631579
с	одним	или	0.157895
с	одной	стороны	0.860465
с	оружием	и	0.461538
с	оружием	в	0.461538
с	первого	дня	0.333333
с	первого	раза	0.238095
с	первых	дней	0.611111
с	первых	минут	0.166667
с	по	год	0.243902
с	по	годы	0.162602
с	по	марта	0.113821
с	по	июня	0.105691
с	по	сентября	0.105691
с	по	июля	0.097561
с	по	мая	0.048780
с	половиной	года	0.125000
с	половиной	часов	0.125000
с	поля	боя	0.555556
с	помощью	которых	0.081081
с	помощью	этого	0.067568
с	помощью	которой	0.040541
с	помощью	средств	0.040541
с	президентом	россии	0.250000
с	президентом	сша	0.208333
с	президентом	франции	0.125000
с	прошлого	года	1.000000
с	прошлым	годом	0.916667
с	разных	сторон	0.800000
с	ребятами	из	0.625000
с	самого	начала	0.677419
с	самого	утра	0.161290
с	самого	детства	0.096774
с	сегодняшнего	дня	1.000000
с	семьей	и	0.357143
с	сентября	года	0.420000
с	сентября	по	0.160000
с	сентября	в	0.060000
с	сша	и	0.312500
с	сша	для	0.187500
с	тем	что	0.477419
с	тем	же	0.090323
с	тем	чтобы	0.058065
с	тем	в	0.051613
с	тем	он	0.045161
с	тем	как	0.019355
с	тем	на	0.019355
с	тем	кто	0.019355
с	теми	кто	0.520000
с	теми	же	0.280000
с	тех	пор	0.931818
с	того	что	0.458333
с	того	момента	0.208333
с	точки	зрения	1.000000
с	удовольствием	и	0.166667
с	утра	до	0.434783
с	чего	начать	0.400000
с	человеком	который	0.300000
с	чем	это	0.076923
с	чем	не	0.076923
с	этим	в	0.074766
с	этим	не	0.046729
с	этим	мы	0.037383
с	этим	вопросом	0.028037
с	этим	он	0.028037
с	этим	делать	0.028037
с	этого	года	0.333333
с	этого	дня	0.250000
с	этой	целью	0.222222
с	этой	проблемой	0.166667
само	по	себе	1.000000
самом	деле	это	0.090164
самом	деле	не	0.040984
самом	деле	они	0.032787
самом	деле	я	0.032787
самом	деле	все	0.024590
самом	деле	у	0.024590
самом	же	деле	1.000000
самые	большие	очереди	0.750000
самый	главный	вопрос	0.428571
сахара	в	крови	1.000000
сделаем	все	чтобы	0.571429
сделал	во	время	1.000000
сделать	все	чтобы	0.466667
сделать	все	возможное	0.200000
сделать	так	чтобы	0.846154
сделать	то	же	0.454545
сделать	что	то	0.750000
сделать	это	в	0.142857
сделать	это	можно	0.107143
семей	с	детьми	1.000000
серьезные	последствия	для	1.000000
серьезные	проблемы	со	0.428571
сети	а	также	0.750000
сети	появилось	видео	0.875000
сил	безопасности	и	0.500000
сил	и	средств	0.592593
сил	обороны	за	0.363636
сил	обороны	в	0.318182
сил	россии	на	0.500000
сих	пор	не	0.293103
сих	пор	в	0.034483
сих	пор	помню	0.034483
сих	пор	находятся	0.025862
сказал	в	интервью	0.428571
сказал	в	эфире	0.428571
сказал	во	время	1.000000
сказал	мне	что	0.666667
сказал	об	этом	1.000000
сказал	один	из	1.000000
сказал	он	в	0.555556
сказал	он	и	0.166667
сказал	что	это	0.054348
сказал	что	в	0.043478
сказал	что	ему	0.043478
сказал	что	он	0.043478
сказал	что	не	0.043478
сказал	что	если	0.032609
сказал	что	на	0.032609
сказал	что	его	0.032609
сказал	что	мы	0.032609
скоростью	м	с	0.500000
скоростью	м	c	0.500000
скоростью	метров	в	1.000000
следующий	день	после	0.241379
следующий	день	в	0.103448
слишком	много	времени	0.235294
службе	комитета	по	1.000000
службу	во	время	0.750000
службы	в	армии	0.272727
службы	работают	на	0.625000
службы	скорой	помощи	1.000000
сможет	принять	участие	0.750000
совета	безопасности	заявил	0.272727
совета	национальной	безопасности	1.000000
советник	президента	сша	0.600000
согласны	с	тем	0.428571
сомнений	в	том	1.000000
сообщения	о	том	0.555556
сообщить	об	этом	1.000000
состоит	в	том	0.900000
состоит	из	двух	0.473684
состоится	в	году	0.142857
состоится	июля	в	0.600000
союз	а	с	1.000000
способ	избавиться	от	1.000000
справиться	с	этой	0.538462
среду	и	четверг	0.666667
среду	июля	сообщили	0.600000
срок	до	лет	0.391304
срок	до	трех	0.130435
срок	от	до	0.833333
ставит	перед	собой	0.625000
стакан	воды	и	1.000000
станет	одним	из	1.000000
становятся	все	более	0.750000
станции	скорой	медицинской	0.800000
судя	по	всему	0.571429
судя	по	тому	0.171429
считают	что	в	0.085714
считают	что	это	0.057143
считают	что	их	0.057143
такое	заявление	сделал	0.416667
такое	заявление	в	0.250000
такое	мнение	в	0.700000
такое	ощущение	что	0.888889
такое	решение	принято	0.250000
такое	решение	было	0.200000
те	кто	не	0.129630
те	кто	хочет	0.055556
те	люди	которые	0.875000
те	события	которые	1.000000
территории	нашей	страны	1.000000
территории	россии	и	0.266667
то	больше	всего	0.750000
то	в	случае	0.058824
то	в	году	0.058824
то	в	чем	0.058824
то	время	как	0.571429
то	время	когда	0.079365
то	время	в	0.031746
то	время	не	0.031746
то	все	равно	0.230769
то	есть	на	0.055085
то	есть	в	0.046610
то	есть	это	0.046610
то	есть	с	0.042373
то	есть	по	0.038136
то	есть	они	0.029661
то	есть	если	0.021186
то	есть	как	0.021186
то	есть	нужно	0.021186
то	есть	люди	0.016949
то	есть	не	0.016949
то	есть	мы	0.016949
то	есть	у	0.016949
то	есть	до	0.012712
то	есть	для	0.012712
то	есть	все	0.012712
то	же	время	0.875000
то	же	самое	0.100610
то	и	дело	0.078947
то	и	другое	0.078947
то	и	мы	0.078947
то	из	них	0.200000
то	из	ребят	0.150000
то	к	концу	0.500000
то	как	они	0.088889
то	как	вы	0.066667
то	как	он	0.066667
то	ли	с	0.272727
то	не	так	0.152174
то	не	получается	0.065217
то	не	смогла	0.065217
то	ни	было	0.500000
то	ни	стало	0.400000
то	о	чем	1.000000
то	она	не	0.363636
то	они	будут	0.235294
то	пошло	не	0.750000
то	с	чем	0.357143
то	с	этим	0.214286
то	сейчас	он	0.375000
то	совершенно	новое	1.000000
то	так	и	0.500000
то	у	него	0.357143
то	у	нас	0.214286
то	хотя	бы	1.000000
то	что	в	0.072770
то	что	они	0.056338
то	что	он	0.039906
то	что	мы	0.037559
то	что	не	0.028169
то	что	вы	0.021127
то	что	у	0.018779
то	что	она	0.018779
то	что	было	0.018779
то	что	я	0.014085
то	что	происходит	0.011737
то	что	то	0.011737
то	что	это	0.011737
то	что	ты	0.011737
то	что	там	0.009390
то	что	нужно	0.009390
то	что	ему	0.009390
то	что	с	0.009390
то	что	будет	0.009390
то	что	люди	0.009390
то	что	президент	0.009390
то	что	им	0.009390
то	что	необходимо	0.007042
то	что	после	0.007042
то	что	и	0.007042
то	что	его	0.007042
то	что	сейчас	0.007042
то	что	по	0.007042
то	что	тот	0.007042
то	что	их	0.007042
то	чтобы	сделать	0.069767
то	это	не	0.075000
то	это	может	0.075000
то	это	будет	0.075000
тоже	не	было	0.111111
тоже	не	хочет	0.083333
трех	рабочих	дней	1.000000
трех	с	половиной	1.000000
три	года	назад	0.191489
три	года	в	0.063830
три	дня	назад	0.115385
три	из	которых	0.500000
три	из	четырех	0.375000
три	или	четыре	0.666667
три	месяца	года	0.150000
три	раза	в	0.238095
три	раза	за	0.142857
три	с	половиной	1.000000
уверены	в	своих	0.300000
уверены	что	это	0.111111
узнать	больше	о	0.857143
утверждает	что	в	0.131579
утверждает	что	это	0.105263
утро	и	день	0.800000
утро	июня	в	0.600000
участвовать	в	этом	0.157895
учился	в	школе	0.750000
хорошая	возможность	для	0.500000
хорошая	новость	для	1.000000
хоть	и	не	0.307692
хоть	как	то	0.909091
хоть	какие	то	1.000000
хоть	кто	то	1.000000
хоть	что	то	1.000000
хочется	верить	что	1.000000
центра	мой	бизнес	1.000000
центра	сил	обороны	1.000000
центре	города	и	0.230769
центре	контроля	и	1.000000
часть	из	них	0.625000
часть	из	которых	0.312500
чаще	всего	это	0.111111
чаще	всего	на	0.074074
чаще	всего	в	0.055556
чаще	всего	они	0.055556
чаще	чем	в	0.300000
человек	в	том	0.387755
человек	в	возрасте	0.061224
человек	в	день	0.061224
человек	говорится	в	1.000000
человек	из	них	0.518519
человек	из	которых	0.296296
человек	имеет	право	1.000000
человек	погиб	и	0.307692
человек	погибли	и	0.250000
человек	погибли	в	0.250000
человек	получили	травмы	1.000000
человек	среди	которых	0.600000
человек	среди	них	0.400000
человека	в	том	0.200000
человека	еще	получили	0.428571
человека	из	них	0.500000
человека	погибли	и	0.400000
человека	получили	травмы	1.000000
через	год	после	0.166667
через	года	после	0.500000
через	границу	с	0.600000
через	два	дня	0.312500
через	два	года	0.312500
через	два	месяца	0.187500
через	две	недели	0.727273
через	день	после	0.625000
через	какое	то	1.000000
через	лет	после	0.500000
через	личный	кабинет	1.000000
через	месяц	после	0.538462
через	минут	после	0.333333
через	неделю	после	0.230769
через	неделю	в	0.230769
через	некоторое	время	1.000000
через	несколько	дней	0.245614
через	несколько	часов	0.175439
через	несколько	месяцев	0.175439
через	несколько	лет	0.140351
через	несколько	недель	0.122807
через	несколько	минут	0.105263
через	пару	лет	0.272727
через	пару	дней	0.272727
через	пару	часов	0.272727
через	пять	лет	0.714286
через	три	месяца	0.400000
через	три	дня	0.300000
через	четыре	года	0.600000
честь	дня	рождения	0.666667
четыре	года	назад	0.217391
четыре	года	в	0.130435
четыре	из	них	0.750000
числа	месяца	следующего	0.750000
числа	рабочих	мест	1.000000
число	жертв	в	0.833333
чистая	прибыль	банка	0.750000
член	главного	совета	1.000000
член	комитета	по	1.000000
чтобы	в	этот	0.103448
чтобы	взять	на	0.600000
чтобы	все	это	0.230769
чтобы	все	было	0.230769
чтобы	дать	возможность	0.500000
чтобы	его	не	0.307692
чтобы	еще	больше	0.750000
чтобы	избавиться	от	1.000000
чтобы	им	было	0.750000
чтобы	иметь	возможность	0.750000
чтобы	их	можно	0.333333
чтобы	как	можно	0.571429
чтобы	как	то	0.285714
чтобы	кто	то	1.000000
чтобы	люди	были	0.300000
чтобы	можно	было	1.000000
чтобы	мы	могли	0.428571
чтобы	мы	смогли	0.107143
чтобы	не	допустить	0.166667
чтобы	не	было	0.125000
чтобы	не	дать	0.055556
чтобы	не	создавать	0.055556
чтобы	никто	не	0.600000
чтобы	обеспечить	безопасность	0.333333
чтобы	он	не	0.272727
чтобы	он	мог	0.181818
чтобы	она	могла	0.150000
чтобы	она	не	0.150000
чтобы	они	не	0.200000
чтобы	они	могли	0.200000
чтобы	они	работали	0.066667
чтобы	остаться	в	1.000000
чтобы	положить	конец	1.000000
чтобы	помочь	им	0.142857
чтобы	понять	что	0.363636
чтобы	попасть	в	0.666667
чтобы	принять	участие	0.714286
чтобы	справиться	с	1.000000
чтобы	убедиться	что	0.428571
чтобы	убедиться	в	0.428571
чтобы	это	не	0.375000
чтобы	этого	не	0.750000
шесть	лет	назад	0.230769
шесть	месяцев	года	0.363636
шоссе	в	районе	1.000000
эксперт	заявил	что	1.000000
эти	годы	мы	0.333333
эти	дни	в	0.214286
эти	и	другие	1.000000
эти	средства	на	0.272727
эти	цели	из	0.400000
этой	же	причине	0.666667
этой	меры	поддержки	1.000000
этой	неделе	в	0.133333
этой	стране	в	0.750000
этот	вопрос	не	0.133333
этот	вопрос	в	0.083333
этот	вопрос	на	0.083333
этот	вопрос	с	0.066667
этот	вопрос	будет	0.050000
этот	вопрос	и	0.050000
этот	год	в	0.187500
этот	день	в	0.042105
этот	день	не	0.042105
этот	день	будут	0.031579
этот	день	нельзя	0.031579
этот	день	следует	0.031579
этот	же	день	0.518519
этот	же	период	0.222222
этот	раз	в	0.098039
этот	раз	я	0.058824
являются	одним	из	1.000000
