abandonatu	egin	zuen	0.800000
aberastu	egin	zen	1.000000
abesti	bat	da	0.333333
abesti	berri	bat	0.750000
abesti	honen	bertsio	0.500000
abestu	zuen	eta	0.833333
abokatua	izan	zen	1.000000
adierazi	behar	da	0.375000
adierazi	nahi	da	0.312500
adierazi	nahi	du	0.187500
adierazi	zuen	eta	0.103448
adierazi	zuen	bere	0.068966
adierazi	zuen	ez	0.068966
adierazten	da	eta	0.333333
adierazten	du	eta	0.348837
adierazten	duen	bezala	0.222222
ageri	da	eta	0.142857
ageri	dira	eta	0.142857
agertu	baino	lehen	1.000000
agertu	izan	da	0.642857
agertu	izan	dira	0.214286
agertu	ohi	da	0.470588
agertu	ohi	dira	0.411765
agertu	zen	eta	0.172043
agertu	zen	lehen	0.107527
agertu	zen	bere	0.053763
agertu	zen	ko	0.043011
agertu	zen	an	0.043011
agertu	zen	baina	0.032258
agertu	zen	arren	0.032258
agertu	ziren	eta	0.135135
agertu	ziren	lehenengo	0.108108
agertu	zitzaien	eta	1.000000
agertzen	da	eta	0.197802
agertzen	da	bere	0.054945
agertzen	da	bertan	0.043956
agertzen	da	lehen	0.032967
agertzen	den	arte	0.100000
agertzen	dira	eta	0.101449
agertzen	dira	batez	0.043478
agertzen	ez	den	0.375000
agertzen	hasi	ziren	0.538462
agertzen	hasi	zen	0.461538
agertzen	zen	eta	0.272727
agindua	eman	zuen	0.558824
agindua	eman	zion	0.176471
agindua	ematen	dio	0.600000
agindua	jaso	zuen	0.666667
agindua	jaso	zuten	0.333333
ahaleginak	egin	zituen	0.571429
ahaleginak	egiten	ari	1.000000
ahalik	eta	gehien	0.188679
ahalik	eta	azkarren	0.132075
ahalik	eta	denbora	0.113208
ahalik	eta	zenbaki	0.056604
ahalik	eta	jende	0.056604
aintzat	hartu	behar	0.666667
aita	an	hil	1.000000
aita	bezala	eta	0.428571
aita	eta	alaba	0.214286
aita	eta	aitona	0.214286
aita	hil	ondoren	0.222222
aita	hil	zenean	0.222222
aita	hil	eta	0.166667
aita	izan	zen	0.666667
akordio	bat	sinatu	0.444444
akordio	batera	iritsi	0.444444
akordio	batera	iristeko	0.333333
alaba	bakarra	izan	0.500000
alaba	bat	izan	0.590909
alaba	izan	zituen	0.414286
alaba	izan	zituzten	0.342857
alaba	izan	zen	0.114286
albo	batera	utzi	0.800000
aldatu	behar	izan	0.272727
aldatu	da	eta	0.307692
aldatu	egin	zen	0.216216
aldatu	egin	da	0.189189
aldatu	egin	ziren	0.162162
aldatu	egin	zuen	0.135135
aldatu	egin	dira	0.081081
aldatu	egiten	da	0.648649
aldatu	egiten	dira	0.216216
aldatu	nahi	du	0.300000
aldatu	zen	eta	0.266667
aldatu	ziren	eta	0.400000
aldatu	zuen	eta	0.192308
aldatu	zuten	eta	0.428571
aldatzea	erabaki	zuen	0.545455
aldatzea	erabaki	zuten	0.363636
aldeko	agertu	zen	0.800000
aldeko	apustua	egiten	0.625000
aldeko	apustua	egin	0.375000
aldi	berean	eta	0.035294
aldi	berean	bere	0.023529
aldi	berean	beste	0.017647
aldi	berean	ez	0.017647
aldi	berean	hainbat	0.017647
aldi	berean	hiru	0.017647
aldi	berean	pertsona	0.017647
aldi	berean	edo	0.017647
aldia	izan	zen	0.800000
aldiz	agertu	zen	0.555556
aldiz	beste	batzuek	0.750000
aldiz	egin	zuen	0.750000
aldiz	ezkondu	zen	1.000000
aldiz	handiagoa	da	0.291667
aldiz	handiagoa	den	0.166667
aldiz	handiagoa	izango	0.125000
aldiz	irabazi	zuen	0.384615
aldiz	irabazi	du	0.307692
aldiz	izan	zen	0.500000
aldiz	izan	da	0.500000
ale	baino	gehiago	0.833333
ale	saldu	zituen	0.375000
ale	saldu	ziren	0.375000
an	amaitu	zen	0.727273
an	an	eta	0.500000
an	an	an	0.375000
an	argitaratu	zen	0.464286
an	argitaratu	zuen	0.178571
an	argitaratu	ziren	0.142857
an	aurkeztu	zen	0.750000
an	bere	lehen	0.187500
an	bigarren	mailara	0.300000
an	bihurtu	zen	1.000000
an	bukatu	zen	0.500000
an	egin	zuen	0.419355
an	egin	zen	0.193548
an	egin	zuten	0.193548
an	egin	ziren	0.161290
an	eman	zen	0.363636
an	eman	zuen	0.272727
an	eraiki	zen	0.705882
an	eraiki	zuen	0.176471
an	eta	an	0.223404
an	eta	bere	0.031915
an	eta	zenbait	0.031915
an	eta	hurrengo	0.031915
an	eta	bigarren	0.031915
an	gertatu	zen	0.600000
an	hasi	zen	0.586957
an	hasi	ziren	0.130435
an	hasi	eta	0.108696
an	hasi	zuen	0.065217
an	hil	zen	0.742857
an	hil	egin	0.057143
an	hil	ondoren	0.042857
an	hil	zenean	0.042857
an	hil	zuten	0.042857
an	idatzi	zuen	0.600000
an	ireki	zen	0.500000
an	ireki	zituen	0.375000
an	iritsi	zen	0.571429
an	iritsi	ziren	0.428571
an	itxi	zen	0.600000
an	itzuli	zen	0.666667
an	izan	zen	0.612903
an	izan	ziren	0.161290
an	izan	zuen	0.129032
an	jaio	zen	0.909091
an	jaioa	eta	1.000000
an	jarri	zen	0.625000
an	joan	zen	1.000000
an	jokatu	zuen	0.714286
an	kaleratu	zuen	0.411765
an	kaleratu	zen	0.411765
an	lehen	mailara	0.375000
an	lehen	aldiz	0.375000
an	lortu	zuen	0.800000
an	maila	galdu	1.000000
an	new	yorkeko	0.666667
an	onartu	zen	0.500000
an	ospatu	zen	0.600000
an	ospatzen	da	0.750000
an	sartu	zen	0.444444
an	sinatu	zen	0.600000
an	sortu	zen	0.681818
an	sortu	zuten	0.106061
an	sortu	zuen	0.060606
an	sortu	eta	0.045455
an	sortu	baitzen	0.045455
an	urte	zituela	0.900000
an	utzi	zuen	0.571429
animalia	eta	landare	0.833333
antz	handia	du	0.750000
antzekoak	dira	baina	0.533333
arau	batzuen	arabera	0.750000
arazoak	direla	eta	1.000000
arazoak	izan	zituen	0.500000
arazoak	sortzen	ditu	0.625000
argia	izan	zen	0.750000
arrakasta	handia	izan	0.710526
arrakasta	handia	lortu	0.210526
arrakasta	handirik	izan	0.500000
arrakasta	handiz	eta	0.600000
arrakasta	itzela	izan	0.875000
arrakasta	izan	zuen	0.622222
arrakasta	izan	zuten	0.088889
arrakasta	lortu	zuen	0.714286
arrakasta	zabala	izan	1.000000
arrakastatsua	izan	zen	0.750000
arrautza	jartzen	ditu	1.000000
artean	agertzen	den	0.600000
artean	aukeratu	behar	0.666667
artean	batez	ere	1.000000
artean	besteak	beste	1.000000
artean	bi	mota	0.500000
artean	dago	eta	0.333333
artean	egoten	da	1.000000
artean	eraiki	zen	0.687500
artean	eraiki	zuten	0.187500
artean	ez	dago	0.307692
artean	ez	zegoen	0.115385
artean	ez	zen	0.115385
artean	ezartzen	den	1.000000
artean	hauek	dira	1.000000
artean	honako	hauek	0.800000
artean	irauten	du	1.000000
artean	izan	zen	0.230769
artean	izan	ziren	0.230769
artean	jokatu	zen	1.000000
artean	kokatu	zen	0.500000
artikulu	eta	liburu	0.800000
artikulu	ugari	idatzi	0.500000
aske	utzi	zuten	0.400000
ateratzea	lortu	zuen	0.600000
ateratzen	da	eta	0.428571
ateratzen	dira	eta	0.538462
atxilotzeko	agindua	eman	0.666667
aukerak	izan	zituen	1.000000
aukeratzen	da	eta	0.333333
aurkako	kanpaina	bat	0.500000
aurkitu	ahal	izango	0.333333
aurkitu	dira	eta	0.227273
aurkitu	izan	dira	0.538462
aurkitu	zen	eta	0.307692
aurkitu	zituen	eta	0.312500
aurkitu	zituen	an	0.187500
aurkitu	zuen	eta	0.142857
aurkitu	zuen	an	0.142857
aurkitu	zuen	ko	0.085714
aurkitu	zuten	eta	0.272727
aurre	egin	behar	0.421053
aurre	egin	beharko	0.073684
aurre	egin	zion	0.063158
aurre	egin	zien	0.063158
aurre	egin	ahal	0.063158
aurre	egin	eta	0.063158
aurre	egin	zioten	0.042105
aurre	egin	zieten	0.031579
aurre	egingo	die	0.500000
aurre	egitea	erabaki	0.272727
aurre	egiteko	eta	0.080000
aurre	egiteko	gai	0.066667
aurre	egiteko	baina	0.040000
aurre	egiteko	prest	0.040000
aurre	egiten	dio	0.115385
aurre	egiten	diote	0.115385
aurre	egiten	dien	0.115385
aurreko	eta	atzeko	0.500000
aurreko	eta	ondorengo	0.375000
aurreko	ezkontza	batetik	1.000000
aurreko	urtean	baino	0.333333
aurreko	zein	atzeko	0.600000
aurrez	aurre	jartzen	0.227273
aurrez	aurre	jarri	0.181818
azaltzen	da	eta	0.217391
azaltzen	dira	eta	0.500000
azaltzen	du	eta	0.200000
azkenean	baztertu	egin	1.000000
azkenean	ez	zuen	0.428571
azpian	dago	eta	1.000000
aztarnak	aurkitu	dira	0.500000
aztarnak	aurkitu	zituzten	0.214286
aztarnak	baino	ez	1.000000
aztarnak	ere	aurkitu	0.750000
aztertzen	ditu	eta	0.428571
babestu	eta	zaintzeko	0.500000
baita	ere	azken	0.048387
bakar	bat	ere	0.258621
bakar	bat	izan	0.068966
bakar	bat	baino	0.051724
bakar	bat	osatzen	0.051724
bakar	batek	ere	0.238095
bakar	batek	ez	0.142857
bakar	baten	ere	0.166667
bakarra	da	hau	0.178571
bakarra	da	eta	0.142857
bakarra	da	baina	0.107143
bakarra	du	eta	0.333333
bakarra	du	kaleko	0.266667
bakarra	egin	zuen	0.750000
bakarra	izan	zen	0.512195
bakarra	izan	zuen	0.121951
bakarra	zen	eta	0.500000
barnean	kaleratu	zuen	0.571429
barnean	kaleratu	zuten	0.428571
barnean	sartzen	dira	0.500000
barnean	sartzen	da	0.375000
barruan	herri	hauek	1.000000
barruan	sartzen	dira	0.454545
barruan	sartzen	da	0.272727
batetik	bestera	eta	0.098039
batetik	bestera	mugitzen	0.078431
batetik	bestera	joateko	0.058824
batetik	bestera	asko	0.058824
batetik	eta	bestetik	0.250000
bati	aurre	egin	0.454545
bati	buruz	hitz	0.428571
bati	ekin	zion	0.500000
bati	ekingo	dio	0.666667
bati	eman	zion	0.600000
bati	hasiera	eman	0.500000
baztertu	egin	zuen	0.285714
baztertu	egin	zen	0.190476
baztertu	egin	zuten	0.190476
baztertu	egiten	du	0.300000
baztertu	zituen	eta	0.600000
baztertu	zuen	eta	0.333333
baztertzen	joan	zen	1.000000
bazuen	ere	bere	0.114286
bazuen	ere	ez	0.114286
behar	baizik	eta	1.000000
behar	bezala	funtzionatzen	0.125000
behar	da	eta	0.125000
behar	da	hau	0.031250
behar	da	bere	0.031250
behar	da	kontuan	0.026042
behar	da	baita	0.026042
behar	da	horretarako	0.020833
behar	da	ez	0.015625
behar	da	baina	0.015625
behar	da	honen	0.015625
behar	dela	eta	0.136364
behar	den	bezala	0.119048
behar	den	denbora	0.119048
behar	dira	eta	0.105263
behar	dira	kontuan	0.052632
behar	dira	gutxienez	0.039474
behar	direla	dio	0.230769
behar	direla	esaten	0.230769
behar	ditu	eta	0.115385
behar	dituzte	eta	0.190476
behar	du	eta	0.233333
behar	du	bere	0.066667
behar	du	horretarako	0.033333
behar	du	hau	0.033333
behar	du	izan	0.033333
behar	du	baina	0.033333
behar	duen	denbora	0.173913
behar	duen	bide	0.130435
behar	dute	eta	0.240000
behar	dute	ez	0.060000
behar	dute	baina	0.060000
behar	izan	zuen	0.353488
behar	izan	zuten	0.155814
behar	izan	zituen	0.102326
behar	izan	zituzten	0.062791
behar	izan	zion	0.051163
behar	izan	ziren	0.048837
behar	izan	zien	0.027907
behar	izan	zen	0.027907
behar	izan	dute	0.011628
behar	izan	zioten	0.011628
behar	izan	ditu	0.009302
behar	izan	du	0.009302
behar	izan	da	0.009302
behar	izan	dira	0.006977
behar	izan	zuena	0.006977
behar	izanez	gero	1.000000
behar	izaten	da	0.188679
behar	izaten	dute	0.132075
behar	izaten	zituzten	0.094340
behar	izaten	zuten	0.094340
behar	izaten	ditu	0.094340
behar	izaten	ziren	0.094340
behar	izaten	du	0.075472
behar	izaten	dira	0.056604
behar	zaie	eta	0.333333
behar	zela	eta	0.227273
behar	zela	esan	0.136364
behar	zen	eta	0.264706
behar	ziren	eta	0.470588
behar	zituzten	eta	0.500000
behar	zuela	eta	0.210526
behar	zuela	uste	0.210526
behar	zuela	iragarri	0.157895
behar	zuen	eta	0.127273
behar	zuen	baina	0.072727
behar	zuten	eta	0.200000
beharrean	izan	zen	0.777778
beharrezkoa	izan	zen	0.363636
beharrezkoa	izango	da	0.600000
berak	bere	burua	0.333333
berak	egin	zuen	0.600000
berak	esan	zuen	0.625000
berak	eta	bere	0.636364
berak	ez	zuen	0.363636
berak	idatzi	zuen	0.375000
berak	ikusi	zuen	1.000000
berak	proposatu	zuen	1.000000
berak	uko	egin	1.000000
berdea	eta	urdina	0.500000
berdea	gorria	eta	1.000000
berdina	da	baina	0.500000
berdina	izango	da	0.400000
berehala	egin	zuen	0.600000
berehala	hasi	zen	0.636364
berehala	hasi	ziren	0.272727
berehala	iritsi	ziren	0.800000
bereziki	garrantzitsua	da	1.000000
berria	da	eta	0.416667
berria	eman	zion	0.333333
berria	eraiki	eta	0.266667
berria	eraiki	zuen	0.200000
berria	ezarri	zuen	1.000000
berria	sortu	zen	0.416667
bestalde	gaur	egun	1.000000
besteak	beste	san	0.031915
bezain	laster	bere	0.214286
biak	ala	biak	1.000000
bidaia	egin	zituen	0.555556
bidea	egiten	du	0.428571
bidea	hartu	zuen	0.368421
bidea	hartu	zuten	0.263158
bidea	hartu	behar	0.210526
bidea	ireki	zion	0.555556
bidea	jarraitu	zuen	1.000000
bigarren	aldiz	jarraian	0.400000
bigarren	aukera	bat	0.600000
bigarren	b	mailara	0.466667
bigarren	b	mailan	0.400000
bigarren	edo	hirugarren	0.750000
bigarren	egin	zuen	0.714286
bigarren	eta	hirugarren	0.809524
bigarren	filma	da	1.000000
bigarren	maila	batean	0.600000
bigarren	mailan	aritu	0.130435
bigarren	mailan	egin	0.130435
bigarren	mailara	igo	0.250000
bigarren	mailara	igotzea	0.250000
bigarren	mundu	gerran	0.400000
bigarren	mundu	gerra	0.272727
bigarren	mundu	gerraren	0.200000
bigarren	mundu	gerrako	0.090909
bigarren	postua	eskuratu	0.444444
bigarrena	izan	zen	1.000000
bihurtu	baino	lehen	0.800000
bihurtu	da	eta	0.181818
bihurtu	dira	dagoeneko	0.500000
bihurtu	nahi	zuen	0.750000
bihurtu	zen	eta	0.230159
bihurtu	zen	an	0.071429
bihurtu	zen	hainbat	0.023810
bihurtu	zen	baina	0.023810
bihurtu	zen	bere	0.023810
bihurtu	ziren	eta	0.388889
bihurtzen	da	eta	0.550000
bihurtzen	da	bere	0.150000
bikain	bat	da	0.500000
bikoiztu	egin	zen	0.750000
bildu	eta	argitaratu	0.230769
bildu	izendatu	zuten	1.000000
bildu	zuen	eta	0.750000
biltzea	lortu	zuen	1.000000
biluzik	agertzen	ziren	0.750000
bisitatu	zuen	eta	0.272727
bisitatu	zuen	bere	0.272727
bizia	izaten	da	1.000000
bizirik	atera	zen	0.411765
bizirik	atera	ziren	0.235294
bizirik	iraun	zuen	0.307692
borroka	egin	zuen	0.500000
borroka	egin	zuten	0.300000
borroka	sortu	zen	1.000000
boterea	galdu	zuen	0.750000
boterea	hartu	zuen	0.600000
bukatu	baino	lehen	1.000000
bukatu	eta	gero	0.230769
bukatu	zen	eta	0.300000
buruan	jarri	zuen	0.600000
buruaz	beste	egin	0.529412
buruaz	beste	egiten	0.137255
buruaz	beste	egiteko	0.117647
buruaz	beste	egitea	0.078431
buruzkoa	da	beste	0.833333
d	c	ko	1.000000
da	ahalik	eta	1.000000
da	ahaztu	behar	0.833333
da	alde	batetik	0.642857
da	aldez	aurretik	1.000000
da	aldi	berean	0.636364
da	an	sortu	0.185185
da	an	sortua	0.148148
da	askorik	ezagutzen	0.833333
da	azken	urteotan	0.230769
da	azken	hau	0.115385
da	azken	urteetan	0.115385
da	azken	honek	0.115385
da	azken	batean	0.115385
da	bai	eta	0.545455
da	baina	ez	0.145374
da	baina	bere	0.035242
da	baina	beste	0.030837
da	baina	baita	0.030837
da	baina	askotan	0.022026
da	baina	kasu	0.017621
da	baina	oraindik	0.017621
da	baina	an	0.013216
da	baina	berehala	0.013216
da	baita	ere	0.622222
da	baldin	eta	1.000000
da	bat	batean	0.666667
da	batez	ere	0.937500
da	batez	beste	0.062500
da	bere	inguruan	0.024590
da	bere	lehen	0.024590
da	berriro	ere	0.571429
da	berriz	ere	0.500000
da	bertan	eta	0.081081
da	beste	hainbat	0.088235
da	besteak	beste	1.000000
da	beti	ere	0.222222
da	beti	eta	0.083333
da	bi	aldiz	0.103448
da	c	eta	0.375000
da	denboran	zehar	1.000000
da	duela	milioi	0.375000
da	egin	behar	1.000000
da	ekonomia	jarduera	0.777778
da	emakumeen	eta	0.428571
da	era	berean	0.400000
da	erabat	eta	0.428571
da	ere	bai	0.272727
da	esan	bezala	0.333333
da	estatu	batuetako	0.500000
da	eta	ez	0.049433
da	eta	bere	0.043760
da	eta	beste	0.024311
da	eta	beraz	0.022690
da	eta	bertan	0.021070
da	eta	ondorioz	0.014587
da	eta	horregatik	0.012156
da	eta	bi	0.012156
da	eta	oso	0.012156
da	eta	ondoren	0.012156
da	eta	horrek	0.012156
da	eta	hainbat	0.011345
da	eta	haren	0.010535
da	eta	hau	0.009724
da	eta	baita	0.009724
da	eta	gaur	0.009724
da	eta	horrela	0.008914
da	eta	gero	0.008914
da	eta	hori	0.008104
da	eta	honen	0.007293
da	eta	honek	0.007293
da	eta	ezin	0.006483
da	eta	hortik	0.006483
da	eta	gainera	0.005673
da	eta	an	0.005673
da	eta	hiru	0.005673
da	eta	horri	0.004862
da	eta	horren	0.004862
da	eta	kasu	0.004862
da	eta	lau	0.004862
da	ez	da	0.151163
da	ez	du	0.093023
da	ez	dagoela	0.058140
da	ez	dira	0.046512
da	ez	dela	0.046512
da	ez	dago	0.046512
da	ez	bakarrik	0.034884
da	ez	zela	0.034884
da	ez	bada	0.034884
da	ez	dute	0.034884
da	ezagutzen	den	0.214286
da	ezagutzen	baina	0.214286
da	garai	hartako	0.230769
da	gaur	egun	0.784615
da	gaur	egungo	0.061538
da	gauza	erraza	0.333333
da	gehien	bat	0.416667
da	gero	eta	0.714286
da	goi	mailako	0.750000
da	gutxi	gorabehera	0.571429
da	gutxi	gora	0.428571
da	guztira	ko	0.300000
da	haien	arteko	0.272727
da	hain	zuzen	0.583333
da	hain	justu	0.083333
da	hainbat	aldiz	0.333333
da	hala	nola	0.470588
da	hala	ere	0.235294
da	hau	da	0.808000
da	haur	eta	0.500000
da	historian	zehar	1.000000
da	izan	ere	0.807018
da	k	a	0.714286
da	kasu	honetan	0.357143
da	km	ko	0.600000
da	kontuan	hartzen	0.750000
da	lehen	aldiz	0.750000
da	m	ko	0.272727
da	mundu	osoan	0.631579
da	mundu	mailan	0.157895
da	nagusi	eta	0.272727
da	nahiz	eta	1.000000
da	ondo	ezagutzen	0.375000
da	orain	arte	0.500000
da	oraindik	ere	0.533333
da	oro	har	1.000000
da	oso	handia	0.081633
da	oso	ezaguna	0.061224
da	oso	zehatza	0.061224
da	pertsona	bat	0.187500
da	soilik	eta	0.272727
da	tik	aurrera	0.750000
da	ura	eta	0.300000
da	uretan	eta	0.750000
da	urteko	batez	0.300000
da	zalantzarik	gabe	1.000000
da	zein	den	0.600000
da	zenbat	eta	0.750000
da	zer	nolako	0.333333
da	zeren	eta	0.666667
dagoela	esaten	da	0.666667
dagoela	uste	da	0.571429
data	horretatik	aurrera	1.000000
datu	base	bat	0.555556
daude	baina	ez	0.217391
daude	batez	ere	1.000000
daude	eta	ez	0.053571
daude	eta	beste	0.044643
daude	eta	horiek	0.035714
daude	eta	horietako	0.035714
daude	eta	bi	0.026786
daude	eta	horregatik	0.026786
daude	eta	horrek	0.026786
daude	gaur	egun	1.000000
daude	hala	nola	0.888889
daude	hau	da	1.000000
dauzka	eta	metroko	0.250000
deitu	izan	zaio	0.476190
deitu	zion	eta	0.428571
deitu	zioten	eta	0.538462
dela	adierazi	zuen	0.555556
dela	adierazten	du	0.636364
dela	aipatzen	du	0.800000
dela	erakusten	du	0.750000
dela	esan	daiteke	0.357143
dela	esan	nahi	0.154762
dela	esan	dezakegu	0.083333
dela	esan	ohi	0.059524
dela	esan	da	0.047619
dela	esan	izan	0.047619
dela	esan	behar	0.035714
dela	esan	liteke	0.035714
dela	esaten	da	0.760563
dela	esaten	dute	0.056338
dela	eta	bere	0.042802
dela	eta	ez	0.042802
dela	eta	an	0.019455
dela	eta	oso	0.019455
dela	eta	sistema	0.019455
dela	eta	askotan	0.019455
dela	eta	gaur	0.015564
dela	eta	beste	0.015564
dela	eta	zenbait	0.011673
dela	eta	batzuetan	0.011673
dela	gaur	egun	0.800000
dela	gutxi	arte	0.714286
dela	hau	da	0.833333
dela	ikusi	da	0.800000
dela	ikusten	du	0.428571
dela	jakiten	du	0.571429
dela	milioi	urte	0.875000
dela	pentsatzen	da	0.428571
dela	urte	batzuk	0.400000
dela	uste	da	0.439024
dela	uste	dute	0.268293
dela	uste	du	0.146341
dena	baino	askoz	0.600000
dena	dela	ez	0.070588
dena	dela	gaur	0.058824
dena	dela	bere	0.035294
dena	den	ez	0.037383
dena	den	an	0.028037
dena	den	bere	0.028037
dena	eta	bestea	0.135135
dena	eta	bere	0.081081
dena	ez	da	0.800000
dena	hain	zuzen	1.000000
denean	ez	da	0.500000
denean	ez	du	0.375000
denean	m	ko	1.000000
desegin	egin	zen	0.666667
desegin	zen	arte	0.333333
deskribatzen	du	bere	0.428571
diote	eta	bere	0.272727
diskoa	argitaratu	zuen	0.571429
diskoa	atera	zuen	0.444444
diskoa	izan	zen	1.000000
diskoa	kaleratu	zuten	0.416667
diskoa	kaleratu	zuen	0.250000
dituzte	batez	ere	0.750000
dituzte	egunetan	zehar	1.000000
dituzte	eta	horiek	0.061856
dituzte	eta	ez	0.051546
dituzte	eta	beste	0.041237
dituzte	eta	baita	0.030928
dituzte	eta	horren	0.030928
dituzte	eta	horri	0.030928
dituzte	eta	bertan	0.030928
dituzte	hala	nola	0.687500
dituzte	hala	ere	0.312500
dituzte	hau	da	0.875000
dituzte	nahiz	eta	1.000000
doktore	izendatu	zuten	0.500000
doktore	izendatu	zuen	0.500000
du	aldi	berean	1.000000
du	azken	urteetan	0.307692
du	azken	honek	0.230769
du	bai	eta	0.611111
du	baina	ez	0.177570
du	baina	bere	0.028037
du	baita	ere	0.307692
du	batez	ere	0.846154
du	bere	burua	0.148148
du	bere	gain	0.046296
du	bere	izena	0.037037
du	bere	lana	0.037037
du	bere	obra	0.027778
du	besteak	beste	0.818182
du	esan	nahi	1.000000
du	eta	bere	0.077568
du	eta	ez	0.033543
du	eta	horrek	0.027254
du	eta	beraz	0.027254
du	eta	beste	0.018868
du	eta	bi	0.018868
du	eta	honek	0.016771
du	eta	ondorioz	0.014675
du	eta	haren	0.014675
du	eta	lau	0.014675
du	eta	bertan	0.012579
du	eta	horregatik	0.010482
du	eta	horren	0.010482
du	eta	horrela	0.010482
du	eta	zenbait	0.008386
du	eta	ezin	0.008386
du	eta	ko	0.008386
du	eta	hortik	0.008386
du	eta	hainbat	0.008386
du	eta	baita	0.008386
du	eta	gaur	0.008386
du	eta	a	0.006289
du	eta	horretarako	0.006289
du	eta	gero	0.006289
du	eta	hori	0.006289
du	eta	ondoren	0.006289
du	eta	talde	0.006289
du	eta	honen	0.006289
du	garrantzi	handirik	0.600000
du	gaur	egun	0.823529
du	gutxi	gorabehera	1.000000
du	hain	zuzen	1.000000
du	hala	nola	0.785714
du	hau	da	0.882353
du	helburu	eta	0.363636
du	historian	zehar	0.800000
du	izan	ere	0.875000
du	izen	hau	0.375000
du	kasu	honetan	0.750000
du	km	ko	1.000000
du	kontuan	hartzen	0.750000
du	lanik	egiten	0.750000
du	nahiz	eta	1.000000
du	oraindik	ere	0.500000
du	zeren	eta	1.000000
duena	da	eta	0.500000
duena	hau	da	1.000000
duena	kontatzen	da	1.000000
duena	zera	da	1.000000
edo	bat	baino	0.500000
edo	beste	modu	0.048387
edo	beste	ere	0.048387
edo	beste	edozein	0.048387
edo	beste	proiektu	0.048387
edo	beste	material	0.048387
edo	besterik	gabe	0.800000
edo	erakunde	batek	0.333333
edo	ez	jakiteko	0.135135
edo	ez	erabakitzeko	0.081081
edo	gaur	egun	1.000000
edo	gauza	bera	0.800000
edo	gehiago	izan	0.195122
edo	gehiago	zeuden	0.121951
edo	gehiago	zituen	0.097561
edo	hala	ihes	0.230769
edo	oro	har	1.000000
edo	talde	baten	0.300000
edo	txikiagoa	izango	1.000000
eduki	behar	da	0.130435
eduki	ohi	dute	0.500000
egin	ahal	izateko	0.492308
egin	ahal	izan	0.230769
egin	ahal	ziren	0.046154
egin	ahala	eta	0.181818
egin	baino	lehen	1.000000
egin	bazuen	ere	1.000000
egin	behar	izan	0.326460
egin	behar	da	0.144330
egin	behar	dira	0.051546
egin	behar	du	0.037801
egin	behar	dute	0.034364
egin	behar	zela	0.027491
egin	behar	izaten	0.027491
egin	behar	duen	0.024055
egin	behar	dela	0.020619
egin	behar	dituzte	0.017182
egin	behar	zuen	0.017182
egin	behar	zuten	0.017182
egin	behar	zen	0.013746
egin	behar	duzu	0.010309
egin	behar	diote	0.010309
egin	behar	den	0.010309
egin	behar	ziren	0.010309
egin	behar	dio	0.010309
egin	behar	dugu	0.010309
egin	behar	dituen	0.010309
egin	beharko	du	0.173913
egin	beharko	dute	0.086957
egin	beharko	dira	0.086957
egin	beharko	da	0.086957
egin	beharko	lukete	0.065217
egin	beharko	dio	0.065217
egin	da	eta	0.205882
egin	daiteke	baina	0.120000
egin	dira	eta	0.175000
egin	dira	baina	0.075000
egin	ditu	hainbat	0.157895
egin	du	lan	0.173077
egin	du	eta	0.115385
egin	du	batez	0.057692
egin	du	baina	0.057692
egin	eta	gero	0.084112
egin	gabe	eta	0.214286
egin	izan	dira	0.171429
egin	izan	du	0.142857
egin	izan	da	0.142857
egin	izan	ditu	0.142857
egin	izan	zituen	0.085714
egin	nahi	izan	0.142857
egin	nahi	zuen	0.107143
egin	nahi	du	0.089286
egin	nahi	zuten	0.071429
egin	nahi	ez	0.071429
egin	ohi	da	0.181818
egin	ohi	dira	0.113636
egin	ohi	du	0.113636
egin	ohi	ditu	0.090909
egin	ohi	zuten	0.090909
egin	ohi	zituen	0.068182
egin	omen	zuen	0.416667
egin	omen	zuten	0.250000
egin	ondoren	an	0.061224
egin	ondoren	eta	0.061224
egin	zela	eta	0.428571
egin	zen	eta	0.357934
egin	zen	ezagun	0.033210
egin	zen	baina	0.033210
egin	zen	ko	0.029520
egin	zen	ezaguna	0.022140
egin	zen	bere	0.018450
egin	zen	ospetsu	0.018450
egin	zen	haren	0.014760
egin	zen	bertan	0.014760
egin	zen	urte	0.011070
egin	zen	lehenengo	0.011070
egin	zien	eta	0.454545
egin	zion	eta	0.290909
egin	zion	bere	0.145455
egin	zion	an	0.054545
egin	zioten	eta	0.333333
egin	zioten	parte	0.090909
egin	ziren	eta	0.330769
egin	ziren	baina	0.053846
egin	ziren	baita	0.023077
egin	ziren	ko	0.023077
egin	zituen	eta	0.219409
egin	zituen	ikasketak	0.113924
egin	zituen	bere	0.092827
egin	zituen	bertan	0.037975
egin	zituen	lehen	0.021097
egin	zituen	baina	0.021097
egin	zituen	lehenengo	0.021097
egin	zituen	beste	0.012658
egin	zituen	ondoren	0.012658
egin	zituen	apaiz	0.012658
egin	zituen	hala	0.012658
egin	zituen	batez	0.012658
egin	zituen	oro	0.012658
egin	zituzten	eta	0.217391
egin	zituzten	baina	0.086957
egin	zitzaien	eta	0.300000
egin	zitzaion	eta	0.333333
egin	zuen	eta	0.211314
egin	zuen	lan	0.051581
egin	zuen	bere	0.044925
egin	zuen	baina	0.039933
egin	zuen	lehen	0.021631
egin	zuen	an	0.019967
egin	zuen	ko	0.014975
egin	zuen	lana	0.013311
egin	zuen	batez	0.011647
egin	zuen	eko	0.009983
egin	zuen	arte	0.009983
egin	zuen	ihes	0.008319
egin	zuen	non	0.008319
egin	zuen	baita	0.008319
egin	zuen	berriro	0.008319
egin	zuen	bertan	0.008319
egin	zuen	gero	0.008319
egin	zuen	lehenengo	0.006656
egin	zuen	moduan	0.006656
egin	zuen	azken	0.006656
egin	zuen	behera	0.004992
egin	zuen	bidaia	0.004992
egin	zuen	aurrera	0.004992
egin	zuen	besteak	0.004992
egin	zuen	topo	0.004992
egin	zuen	luis	0.004992
egin	zuten	eta	0.218274
egin	zuten	baina	0.040609
egin	zuten	ihes	0.025381
egin	zuten	lan	0.025381
egin	zuten	ko	0.020305
egin	zuten	an	0.015228
egin	zuten	aurrera	0.015228
egin	zuten	arren	0.015228
egin	zuten	ia	0.015228
eginak	daude	eta	0.600000
eginda	dago	eta	1.000000
egingo	da	eta	0.263158
egingo	dira	eta	0.363636
egingo	du	eta	0.130435
egingo	dute	eta	0.363636
egiteari	ekin	zion	0.625000
egitera	eraman	zuen	1.000000
egitera	gonbidatu	zuten	1.000000
egitera	joan	zen	0.600000
egoerak	okerrera	egin	0.857143
egon	ahal	izateko	0.833333
egon	bazen	ere	1.000000
egon	behar	du	0.277778
egon	behar	da	0.122222
egon	behar	dira	0.122222
egon	behar	dute	0.100000
egon	behar	izan	0.066667
egon	behar	duela	0.044444
egon	behar	dela	0.033333
egon	da	eta	0.240000
egon	daitezke	baina	0.157895
egon	daitezke	edo	0.157895
egon	eta	gero	0.437500
egon	izan	da	0.357143
egon	ohi	dira	0.471698
egon	ohi	da	0.320755
egon	ohi	zen	0.094340
egon	ondoren	hil	0.166667
egon	zen	eta	0.126761
egon	zen	bitartean	0.056338
egon	zen	baina	0.049296
egon	zen	denbora	0.035211
egon	zen	tik	0.028169
egon	zen	lehen	0.021127
egon	zen	an	0.021127
egon	zen	arte	0.021127
egon	zen	bi	0.021127
egon	zen	hiru	0.021127
egon	zen	bere	0.021127
egon	zen	han	0.021127
egon	ziren	eta	0.100000
egon	ziren	urte	0.050000
egongo	da	eta	0.210526
egongo	dira	eta	0.333333
egongo	ez	balitz	1.000000
eh	bildu	izendatu	0.500000
ekialdera	begira	dago	0.600000
ekitaldia	izan	zen	1.000000
eleberri	idatzi	zituen	1.000000
eliza	eraiki	zen	0.500000
eliza	esan	nahi	1.000000
elkartu	egin	ziren	1.000000
elkartu	egiten	dira	1.000000
elkartu	ziren	eta	0.272727
emakume	bat	bere	0.166667
emakume	talde	bat	0.666667
emakumeak	eta	bakarrik	0.791209
emakumeak	eta	seme	0.109890
emakumeak	seme	alabak	1.000000
emakumeen	eskubideen	aldeko	0.625000
emakumeen	eta	gizonen	0.900000
eman	ahal	izateko	0.400000
eman	ahal	izango	0.200000
eman	behar	izan	0.261905
eman	behar	dira	0.071429
eman	behar	du	0.071429
eman	diote	eta	0.500000
eman	duena	kontatzen	1.000000
eman	eta	gero	0.181818
eman	nahi	izan	0.625000
eman	ohi	da	0.333333
eman	zen	eta	0.384615
eman	zion	eta	0.144444
eman	zion	an	0.055556
eman	zion	bere	0.044444
eman	zion	ospea	0.044444
eman	zion	arte	0.033333
eman	zion	hasiera	0.033333
eman	zioten	eta	0.132353
eman	zioten	baina	0.073529
eman	zioten	hasiera	0.044118
eman	zituen	lehen	0.128205
eman	zituen	lanean	0.076923
eman	zituen	zenbait	0.076923
eman	zituen	bere	0.076923
eman	zitzaion	eta	0.200000
eman	zuen	bere	0.168421
eman	zuen	eta	0.157895
eman	zuen	izena	0.042105
eman	zuen	baina	0.042105
eman	zuen	an	0.031579
eman	zuten	eta	0.120000
emaztea	eta	alaba	0.250000
en	jaio	zen	1.000000
en	kasuan	bezala	1.000000
enperadorea	izan	zen	1.000000
enpresak	ditu	trenak	1.000000
enpresak	erosi	zuen	1.000000
entzun	ahal	izateko	0.500000
entzun	ahal	izan	0.500000
erabaki	behar	da	0.375000
erabaki	zen	eta	0.250000
erabaki	zuen	eta	0.235294
erabaki	zuen	baina	0.073529
erabaki	zuen	bere	0.058824
erabaki	zuten	eta	0.357143
erabaki	zuten	baina	0.107143
erabakia	hartu	zuen	0.352941
erabakia	hartu	zuten	0.176471
erabakia	hartu	zen	0.176471
erabatekoa	izan	zen	0.428571
erabil	daitezke	baina	0.375000
erabilera	ez	da	0.750000
erabili	ahal	izateko	0.550000
erabili	ahal	izango	0.200000
erabili	behar	dira	0.230769
erabili	behar	da	0.115385
erabili	behar	izan	0.096154
erabili	behar	dela	0.076923
erabili	behar	den	0.057692
erabili	izan	da	0.423077
erabili	izan	dira	0.089744
erabili	izan	dute	0.076923
erabili	izan	den	0.064103
erabili	izan	ditu	0.064103
erabili	izan	ziren	0.051282
erabili	ohi	da	0.400000
erabili	ohi	dira	0.271429
erabili	ohi	dituzte	0.071429
erabili	ohi	dute	0.042857
erabili	ohi	du	0.042857
erabili	zen	lehen	0.136364
erabili	ziren	eta	0.272727
erabili	zuen	eta	0.212766
erabili	zuen	bere	0.170213
erabili	zuen	lehen	0.106383
erabiltzen	ari	dira	0.333333
erabiltzen	bada	ere	0.800000
erabiltzen	da	eta	0.134921
erabiltzen	da	gaur	0.039683
erabiltzen	da	baina	0.039683
erabiltzen	da	baita	0.023810
erabiltzen	da	bai	0.023810
erabiltzen	da	batez	0.023810
erabiltzen	da	gehienbat	0.023810
erabiltzen	da	hala	0.023810
erabiltzen	den	izena	0.054545
erabiltzen	den	beste	0.054545
erabiltzen	den	materiala	0.054545
erabiltzen	dira	eta	0.150000
erabiltzen	dira	adibidez	0.075000
erabiltzen	dira	batez	0.050000
erabiltzen	dira	baina	0.050000
erabiltzen	dira	hala	0.050000
erabiltzen	dira	bereziki	0.037500
erabiltzen	dira	gehien	0.037500
erabiltzen	ditu	eta	0.333333
erabiltzen	dituzte	eta	0.178571
erabiltzen	du	eta	0.147059
erabiltzen	du	bere	0.147059
erabiltzen	dute	eta	0.192308
erabiltzen	dute	baina	0.115385
erabiltzen	ez	diren	0.120000
erabiltzen	ez	den	0.120000
erabiltzen	hasi	ziren	0.400000
erabiltzen	hasi	zen	0.300000
erabiltzen	hasi	dira	0.125000
erabiltzen	hasi	zirenean	0.075000
erabiltzen	jarraitu	zuten	0.600000
erabiltzen	zen	eta	0.285714
erabiltzen	ziren	eta	0.176471
erabiltzen	zituzten	eta	0.176471
erabiltzen	zuen	eta	0.272727
eragin	dezake	eta	0.555556
eragin	handia	izan	0.761194
eragin	handia	du	0.052239
eragin	handia	izango	0.029851
eragin	handia	dute	0.022388
eragin	handiagoa	izan	0.444444
eragin	handiagoa	dute	0.333333
eragin	handiena	izan	0.800000
eragin	sakona	izan	0.600000
eragin	zituen	eta	0.272727
eragin	zuen	eta	0.093750
eragin	zuzena	izan	0.352941
eragin	zuzena	du	0.176471
eraiki	behar	zela	0.300000
eraiki	zen	eta	0.283582
eraiki	zen	baina	0.059701
eraiki	zen	bertan	0.044776
eraiki	ziren	eta	0.318182
eraiki	zuen	eta	0.285714
eraiki	zuen	an	0.119048
eraiki	zuen	bere	0.071429
eraiki	zuen	william	0.071429
eraiki	zuten	eta	0.250000
eraso	egin	zuen	0.150000
eraso	egin	zieten	0.150000
eraso	egiten	die	0.500000
erasoak	izan	ziren	1.000000
erdia	baino	gehiago	0.642857
erdia	gutxi	gorabehera	1.000000
erdian	dago	eta	0.750000
ere	adierazi	zuen	0.600000
ere	adierazten	du	0.500000
ere	ageri	da	0.333333
ere	ageri	dira	0.333333
ere	agertu	ziren	0.285714
ere	agertu	da	0.214286
ere	agertzen	da	0.583333
ere	agertzen	dira	0.333333
ere	aipatu	behar	0.250000
ere	aldatu	egin	0.214286
ere	alde	batera	0.300000
ere	alde	egin	0.300000
ere	aldi	berean	0.750000
ere	antolatzen	dira	0.400000
ere	antzeztu	zuen	1.000000
ere	apur	bat	1.000000
ere	arduratu	zen	1.000000
ere	argitaratu	zuen	0.333333
ere	aritu	zen	0.484848
ere	aritu	da	0.303030
ere	aritu	izan	0.121212
ere	atera	zuen	0.375000
ere	aurki	daitezke	0.555556
ere	aurki	dezakegu	0.333333
ere	aurkitu	dira	0.230769
ere	aurkitu	zituen	0.230769
ere	aurkitu	dituzte	0.115385
ere	aurkitzen	dira	0.666667
ere	aurre	egin	1.000000
ere	azaltzen	dira	0.625000
ere	aztertu	zituen	0.444444
ere	aztertu	zuen	0.333333
ere	bada	eta	0.281250
ere	badaude	eta	0.125000
ere	badu	bere	0.260870
ere	bai	eta	0.212121
ere	balio	du	0.333333
ere	balio	dute	0.200000
ere	barne	hartzen	0.666667
ere	bere	burua	0.064516
ere	bere	izaera	0.048387
ere	bereizten	dira	0.666667
ere	bertan	dago	0.146341
ere	bertan	daude	0.097561
ere	bertan	zeuden	0.073171
ere	bertan	behera	0.073171
ere	bertan	zegoen	0.073171
ere	bertan	ezarri	0.073171
ere	beste	hainbat	0.172414
ere	beste	zenbait	0.103448
ere	besteak	beste	1.000000
ere	bilakatu	zen	0.750000
ere	biltzen	ditu	0.500000
ere	deitu	izan	0.363636
ere	deitzen	zaio	0.550000
ere	deitzen	zaie	0.250000
ere	egin	zituen	0.195804
ere	egin	zuen	0.167832
ere	egin	daiteke	0.090909
ere	egin	ditu	0.076923
ere	egin	ziren	0.062937
ere	egin	zituzten	0.048951
ere	egin	izan	0.041958
ere	egin	du	0.027972
ere	egin	zen	0.027972
ere	egin	daitezke	0.027972
ere	egin	zioten	0.020979
ere	egin	dira	0.020979
ere	egin	gabe	0.020979
ere	egiten	ditu	0.204545
ere	egiten	du	0.136364
ere	egiten	dira	0.136364
ere	egiten	da	0.113636
ere	egiten	ziren	0.090909
ere	egon	zen	0.277778
ere	egon	daitezke	0.166667
ere	egon	ziren	0.166667
ere	ekar	dezake	1.000000
ere	ekarri	zuen	0.500000
ere	eman	zioten	0.142857
ere	erabil	daiteke	0.500000
ere	erabil	daitezke	0.363636
ere	erabili	izan	0.240741
ere	erabili	zuen	0.148148
ere	erabili	ohi	0.129630
ere	erabili	zen	0.055556
ere	erabili	zituen	0.055556
ere	erabiltzen	da	0.488372
ere	erabiltzen	dira	0.174419
ere	erabiltzen	dute	0.058140
ere	erabiltzen	dituzte	0.058140
ere	erabiltzen	zen	0.058140
ere	erabiltzen	ditu	0.034884
ere	erabiltzen	du	0.034884
ere	eragin	handia	0.357143
ere	eragina	izan	0.538462
ere	eragina	dute	0.230769
ere	eraiki	zen	0.250000
ere	eraiki	zituen	0.250000
ere	erakusten	ditu	0.428571
ere	erakutsi	zuen	0.600000
ere	esan	nahi	0.277778
ere	esaten	zaio	0.428571
ere	esaten	da	0.238095
ere	esaten	zaie	0.142857
ere	eskaintzen	dute	0.266667
ere	eskaintzen	du	0.200000
ere	eskaintzen	dituzte	0.200000
ere	eskatu	zuen	0.750000
ere	eskuratu	zituen	0.600000
ere	existitzen	da	0.428571
ere	ez	zuen	0.129921
ere	ez	da	0.114173
ere	ez	zen	0.102362
ere	ez	dago	0.102362
ere	ez	zuten	0.070866
ere	ez	du	0.070866
ere	ez	ziren	0.043307
ere	ez	dira	0.035433
ere	ez	dute	0.035433
ere	ez	zion	0.023622
ere	ez	zituen	0.011811
ere	ez	dugu	0.011811
ere	ez	zela	0.011811
ere	ezagun	egin	0.750000
ere	ezaguna	da	0.500000
ere	ezaguna	dena	0.078947
ere	ezaguna	eta	0.078947
ere	ezagutzen	da	0.666667
ere	ezagutzen	dira	0.111111
ere	ezagutzen	zen	0.047619
ere	ezarri	zuen	0.250000
ere	ezin	da	0.277778
ere	ezin	izan	0.166667
ere	garai	hartan	0.407407
ere	garai	hartako	0.148148
ere	garrantzi	handia	0.769231
ere	garrantzitsua	da	0.714286
ere	gaur	egun	0.805556
ere	gaur	egungo	0.166667
ere	gauza	bera	0.428571
ere	gehitu	ziren	0.333333
ere	gero	eta	1.000000
ere	gerta	daiteke	0.777778
ere	gertatzen	da	0.444444
ere	gora	egin	0.571429
ere	hala	nola	0.666667
ere	handik	gutxira	0.600000
ere	handitu	egiten	0.600000
ere	hartu	zuen	0.363636
ere	hartu	zuten	0.136364
ere	hartzen	du	0.464286
ere	hartzen	ditu	0.178571
ere	hartzen	dute	0.107143
ere	hasi	zen	0.466667
ere	hasi	dira	0.200000
ere	hil	zen	0.166667
ere	hil	egin	0.166667
ere	hil	ondoren	0.166667
ere	historian	zehar	0.800000
ere	horrek	ez	0.777778
ere	idatzi	zituen	0.448276
ere	idatzi	zuen	0.275862
ere	idatzi	ditu	0.103448
ere	idatzi	du	0.051724
ere	ikus	daiteke	0.500000
ere	ikus	daitezke	0.250000
ere	ikusi	izan	0.333333
ere	indar	handia	1.000000
ere	irabazi	zuen	0.352941
ere	irabazi	ditu	0.294118
ere	irabazi	zituen	0.176471
ere	iritsi	zen	0.400000
ere	izan	zen	0.456410
ere	izan	da	0.082051
ere	izan	daitezke	0.056410
ere	izan	ziren	0.056410
ere	izan	zuen	0.051282
ere	izan	zituen	0.051282
ere	izan	daiteke	0.046154
ere	izan	ohi	0.025641
ere	izan	dira	0.020513
ere	izan	dezake	0.020513
ere	izan	ditu	0.015385
ere	izan	dezakete	0.015385
ere	izan	ere	0.015385
ere	izaten	da	0.357143
ere	izaten	dira	0.214286
ere	izaten	ditu	0.107143
ere	izaten	dituzte	0.107143
ere	izendatu	zuten	0.714286
ere	izendatzen	dira	0.600000
ere	jardun	zuen	0.454545
ere	jardun	du	0.272727
ere	jaso	zuen	0.375000
ere	jaso	zituen	0.187500
ere	jaso	da	0.187500
ere	jasotzen	ditu	0.266667
ere	jasotzen	du	0.200000
ere	jaten	da	0.500000
ere	jaten	ditu	0.300000
ere	jo	zuen	0.500000
ere	joan	zen	0.750000
ere	jokatu	zuen	0.375000
ere	k	a	1.000000
ere	kaleratu	zuten	0.800000
ere	kontuan	hartu	0.343750
ere	kontuan	izan	0.156250
ere	kontuan	hartuz	0.125000
ere	kontuan	hartzen	0.125000
ere	kontuan	hartuta	0.093750
ere	kontutan	hartu	0.500000
ere	lagundu	zuen	0.250000
ere	lagundu	zion	0.250000
ere	laguntzen	du	1.000000
ere	lan	egin	0.454545
ere	lan	egiten	0.121212
ere	landu	zuen	0.416667
ere	landu	zituen	0.166667
ere	lortu	zuen	0.428571
ere	lortu	zituen	0.214286
ere	mundu	osoko	0.428571
ere	nahiz	eta	0.888889
ere	ohikoa	da	0.800000
ere	onartu	zuten	0.600000
ere	oraindik	ez	0.428571
ere	ordura	arte	1.000000
ere	oro	har	1.000000
ere	oso	ezaguna	0.068182
ere	oso	luzea	0.068182
ere	ospe	handia	0.600000
ere	parte	hartu	0.763158
ere	parte	hartzen	0.184211
ere	sartu	zuten	0.222222
ere	sartzen	da	0.444444
ere	sortu	zuen	0.269231
ere	sortu	ziren	0.115385
ere	sortu	du	0.115385
ere	sortu	zen	0.115385
ere	sortzen	dira	0.300000
ere	tik	aurrera	0.600000
ere	topa	ditzakegu	0.500000
ere	txikiagoa	da	0.500000
ere	urtera	arte	1.000000
eredu	bat	da	0.307692
eredu	berri	bat	0.428571
erraza	da	baina	0.176471
erregea	izan	zen	0.750000
errenditu	beharra	izan	1.000000
esaten	da	baina	0.119048
esaten	da	eta	0.119048
esaten	da	nahiz	0.071429
esaten	da	bere	0.071429
esaten	den	bezala	0.600000
esaten	dio	eta	0.214286
esaten	dio	baina	0.178571
esaten	duen	bezala	0.500000
esaten	zaio	eta	0.380952
eskola	bat	eta	0.136364
eskola	bat	izan	0.136364
eskola	bat	sortu	0.136364
eskola	bat	ere	0.136364
eskola	sortu	ziren	0.272727
eskola	sortu	zuen	0.272727
eskola	utzi	eta	0.750000
eskolako	irakaslea	da	1.000000
eskualde	bat	da	0.444444
eskualdeko	beste	hainbat	1.000000
eskubideak	erosi	zituen	0.600000
eskubideak	jaso	zituen	1.000000
eskutik	etorri	zen	0.750000
estalita	daude	eta	1.000000
estatu	batuak	eta	0.214286
estatu	batuetako	gobernuak	0.073171
estatu	batuetako	itsas	0.073171
estatu	batuetako	alderdi	0.036585
estatu	batuetako	eta	0.036585
estatu	batuetako	ipar	0.036585
estatu	batuetan	eta	0.149254
estatu	batuetan	ere	0.059701
estatu	batuetan	egin	0.044776
estatu	kolpea	eman	0.307692
estatu	kolpea	jo	0.230769
estatua	izan	zen	1.000000
eten	egin	zen	0.555556
eten	egiten	da	0.500000
etxea	sortu	zuen	1.000000
etxebizitza	guzti	hauek	1.000000
etxeko	lanak	egiten	0.666667
etxera	itzuli	zen	0.352941
etxera	itzuli	eta	0.176471
etxera	itzuliko	da	1.000000
euri	asko	egiten	0.600000
existitzen	ez	den	0.375000
ezagunak	dira	eta	0.214286
ezagunak	egin	dira	0.333333
ezagunak	egin	ziren	0.333333
ezagunak	izan	ziren	0.428571
ezagutzera	eman	zuen	0.500000
ezezkoa	eman	zion	0.500000
ezin	hobea	da	0.266667
ezin	izan	zuen	0.403846
ezin	izan	zuten	0.125000
ezin	izan	zen	0.105769
ezin	izan	zituen	0.057692
ezin	izan	zituzten	0.048077
ezin	izan	zion	0.038462
ezin	izan	dira	0.028846
ezin	izango	dira	0.240000
ezin	izango	da	0.200000
ezin	izango	du	0.160000
ezkondu	egin	zen	0.500000
ezkondu	egin	ziren	0.500000
ezkondu	eta	gero	0.170732
ezkondu	eta	alaba	0.097561
ezkondu	eta	bi	0.073171
ezkondu	zen	eta	0.442623
ezkondu	zen	an	0.131148
eztanda	egin	zuen	0.750000
film	egin	zituen	0.600000
film	luze	bat	0.500000
frantsesez	eta	ingelesez	0.750000
funtzionatzen	ez	duenean	0.600000
g	e	g	0.666667
g	kide	sortzailea	1.000000
gaitasuna	dela	eta	1.000000
gaitasuna	du	eta	0.833333
gaitasuna	dute	eta	0.750000
galtzen	ari	da	0.363636
galtzen	da	eta	0.500000
galtzen	du	eta	0.363636
galtzen	dute	eta	0.500000
galtzen	hasi	zen	0.571429
galtzen	joan	zen	0.750000
garai	batetik	bestera	0.750000
garai	hartan	hasi	0.034483
garai	hartan	eta	0.025862
garai	hartan	hain	0.025862
garai	hartan	ere	0.025862
garai	hartan	ez	0.025862
garai	hartan	hainbat	0.025862
garai	horretan	ez	0.115385
garbi	erakutsi	zuen	1.000000
garbi	ikusten	da	1.000000
garrantzia	hartu	zuen	0.500000
garrantzia	izan	zuen	0.461538
garrantzia	izan	zuten	0.230769
garrantzitsuak	egin	zituen	0.384615
garrantzitsuak	izan	ziren	0.230769
garrantzitsuena	da	eta	0.555556
garrantzitsuena	izan	zen	0.750000
gauza	askoren	artean	0.750000
gauza	bat	da	0.444444
gauza	bera	gertatzen	0.215686
gauza	bera	egin	0.137255
gauza	bera	gertatu	0.058824
gauza	bera	dena	0.058824
gauza	jakina	da	0.714286
gauza	segurua	da	1.000000
gauzak	ez	ziren	0.375000
gauzak	ez	dira	0.375000
gaztea	ezagutuko	du	1.000000
gehiago	daude	eta	0.600000
gehiago	edo	gutxiago	1.000000
gehiago	egin	behar	0.250000
gehiago	egin	zituen	0.250000
gehiago	egon	daitezke	0.250000
gehiago	eskatzen	zuen	0.500000
gehiago	hil	ziren	0.375000
gehiago	idatzi	zituen	0.800000
gehiago	izan	ziren	0.111111
gehiago	izan	dira	0.111111
gehiago	izan	ditzake	0.111111
gehiago	izan	zuen	0.083333
gehiago	izatera	iritsi	1.000000
gehiago	jaso	zituen	0.428571
gehiago	saldu	zituen	0.545455
gehiago	saldu	ditu	0.272727
gehienek	ez	dute	0.388889
gehienek	ez	bezala	0.222222
geratzea	erabaki	zuen	0.600000
geroago	hil	zen	0.636364
geroago	hil	egin	0.272727
gerta	ez	dadin	0.600000
gisa	agertzen	da	0.571429
gisa	aritu	zen	0.777778
gisa	aritu	da	0.166667
gisa	aurkezten	da	0.333333
gisa	babestuta	dago	1.000000
gisa	baina	bere	0.428571
gisa	balio	du	0.333333
gisa	deskribatu	zuen	0.444444
gisa	egin	zuen	0.727273
gisa	egin	zen	0.272727
gisa	erabil	daiteke	0.428571
gisa	erabili	zuen	0.172414
gisa	erabili	izan	0.137931
gisa	erabili	ohi	0.137931
gisa	erabili	zen	0.137931
gisa	erabili	zuten	0.103448
gisa	erabiltzen	da	0.242424
gisa	erabiltzen	du	0.151515
gisa	ere	aritu	0.103448
gisa	ezagutzen	da	0.222222
gisa	ezagutzen	dira	0.222222
gisa	ezagutzen	den	0.166667
gisa	ezarri	zen	1.000000
gisa	har	daiteke	0.444444
gisa	hartu	zuen	0.461538
gisa	hartu	zuten	0.230769
gisa	hartzen	da	0.388889
gisa	hartzen	dira	0.166667
gisa	hasi	zen	0.812500
gisa	ikusten	da	0.214286
gisa	jardun	zuen	1.000000
gisa	jokatzen	du	0.666667
gisa	lan	egin	0.823529
gisa	lan	egiten	0.088235
gisa	sortu	zen	0.750000
gisa	uler	daiteke	0.750000
gisa	ulertu	behar	0.500000
gisa	ulertzen	da	0.428571
giza	eskubideen	aldeko	0.481481
giza	eskubideen	alde	0.111111
gizarte	eta	kultura	0.235294
gizarte	eta	komunikazio	0.176471
gizarte	eta	ekonomia	0.176471
gizonak	eta	bakarrik	0.963048
gizonak	eta	seme	0.016166
gizonak	eta	emakumeak	0.011547
gizonak	seme	alabak	1.000000
gobernatu	zuen	eta	0.375000
gogoan	izan	behar	0.750000
gogorra	izan	zen	0.666667
gorria	berdea	eta	1.000000
gorria	esan	nahi	1.000000
gotorleku	bat	eraiki	0.375000
grabatu	zituen	eta	0.250000
grabatu	zuen	lehen	0.187500
grabatu	zuten	eta	0.272727
grabatzen	hasi	zen	0.600000
gure	esku	dago	1.000000
guzti	hauek	etxeak	0.783333
guztien	a	eta	0.454545
guztien	eta	boto	0.793103
guztien	parte	hartzea	0.833333
guztira	a	eta	1.000000
guztira	boto	lortu	0.600000
guztira	partida	jokatu	1.000000
guztira	pertsona	hil	0.600000
guztira	saio	ospatu	0.600000
guztira	solairu	dauzka	0.600000
haien	arteko	harremana	0.571429
halere	gaur	egun	0.750000
hamabi	urte	zituela	0.571429
handi	bat	da	0.077465
handi	bat	eta	0.056338
handi	bat	eraiki	0.049296
handi	bat	du	0.042254
handi	bat	ere	0.035211
handi	bat	dago	0.028169
handi	bat	osatzen	0.028169
handi	bat	erabiltzen	0.021127
handi	bat	egon	0.021127
handi	bat	sortu	0.021127
handi	bat	izan	0.021127
handi	bat	zen	0.021127
handi	bat	hartzen	0.021127
handirik	izan	eta	0.454545
handitzen	edo	txikitzen	1.000000
handitzen	hasi	zen	1.000000
handitzen	joan	zen	0.600000
haren	helburua	zen	0.500000
haren	lan	nagusia	0.454545
harik	eta	an	0.379310
harreman	estua	izan	0.235294
harreman	mota	bat	1.000000
harreman	onak	izan	0.500000
harreman	oso	ona	1.000000
harremanetan	hasi	zen	0.750000
harremanetan	jarri	zen	0.545455
harrigarria	bada	ere	1.000000
hartzea	erabaki	zuen	0.454545
hartzea	erabaki	zuten	0.454545
hartzea	lortu	zuten	0.444444
hartzea	lortu	zuen	0.444444
hasiera	batean	ez	0.083333
hasiera	batean	eta	0.059524
hasiera	batean	baina	0.035714
hasiera	batean	bi	0.035714
hasiera	eman	zion	0.533333
hasiera	ematen	dio	0.444444
hasiera	eta	bukaera	0.600000
hasiera	izan	zen	0.625000
hasieran	esan	bezala	0.750000
hasieran	hasi	zen	0.600000
hasieran	heltzen	dira	1.000000
hasten	da	eta	0.294118
hasten	da	baina	0.073529
hasten	dira	eta	0.526316
hautatu	zuten	alkate	0.277778
hautatu	zuten	eta	0.166667
hautatu	zuten	berriro	0.083333
hautatu	zuten	lehen	0.083333
hauxe	izan	zen	0.750000
hazi	egin	zen	0.500000
hazi	egin	dira	0.250000
hazi	egiten	da	0.500000
hazi	zen	eta	0.285714
hazi	zen	batez	0.107143
hazten	ari	da	0.307692
hazten	ari	den	0.230769
hazten	da	eta	0.368421
hazten	dira	eta	0.428571
hegoaldean	dago	eta	0.500000
hegoaldean	eta	mendebaldean	0.272727
helburu	nagusia	da	0.125000
herri	bat	da	0.500000
herri	eta	hiri	0.384615
herri	eta	kultura	0.230769
herri	garrantzitsua	izan	1.000000
herri	hauek	daude	0.416667
herri	hauek	hartzen	0.375000
herri	osoan	zehar	0.333333
herri	txiki	bat	0.384615
herri	txiki	bateko	0.307692
hil	baino	lehen	0.562500
hil	egin	zen	0.472527
hil	egin	zuten	0.109890
hil	egin	zuen	0.087912
hil	egin	ziren	0.087912
hil	egin	zituzten	0.032967
hil	egin	behar	0.032967
hil	egingo	da	0.238095
hil	egingo	dute	0.142857
hil	egiten	da	0.400000
hil	egiten	du	0.300000
hil	eta	gero	0.377778
hil	eta	beste	0.088889
hil	ondoren	bere	0.142857
hil	ondoren	argitaratu	0.142857
hil	ondoren	ere	0.095238
hil	ondoren	an	0.047619
hil	zen	arte	0.194444
hil	zen	eta	0.183333
hil	zen	ko	0.083333
hil	zen	urte	0.077778
hil	zen	an	0.061111
hil	zen	bere	0.033333
hil	zen	baina	0.016667
hil	zen	eko	0.016667
hil	zen	parisen	0.016667
hil	zenean	bere	0.129032
hil	ziren	eta	0.318182
hil	zituen	eta	0.333333
hil	zituzten	eta	0.230769
hil	zitzaion	eta	0.500000
hil	zuen	eta	0.250000
hil	zuten	eta	0.500000
hiria	eta	bere	0.250000
hiria	izan	zen	0.857143
hirugarrena	izan	zen	0.750000
historian	izan	diren	0.500000
historian	zehar	izan	0.080000
historian	zehar	hainbat	0.060000
historian	zehar	zenbait	0.060000
hizkuntza	eta	kultura	0.692308
hizkuntza	hitz	egiten	0.833333
hizkuntza	ikasi	zituen	1.000000
hobeak	izan	ziren	1.000000
hobetu	zuen	eta	0.750000
honen	adibide	bat	0.333333
honen	arabera	ezin	0.107143
honen	ezaugarri	nagusia	0.636364
honen	ondorioz	beste	0.075000
honetan	ez	da	0.388889
honetan	hasi	zen	0.750000
honetan	hau	da	1.000000
honetan	oinarritzen	da	0.600000
honetan	parte	hartu	0.500000
horrek	adierazten	du	0.500000
horrek	aldi	berean	1.000000
horrek	bultzatu	zuen	0.600000
horrek	ematen	dio	0.600000
horrek	eragin	handia	0.571429
horrek	eragin	zuen	0.214286
horrek	erakusten	du	0.714286
horrek	esan	nahi	1.000000
horrek	ez	du	0.528302
horrek	ez	zuen	0.207547
horrek	ez	zituen	0.075472
horrek	ez	ditu	0.056604
horrek	mundu	osoko	1.000000
horren	adibide	da	0.444444
horren	adibide	dira	0.277778
horren	arrazoia	izan	0.375000
horren	aukera	pertsonala	1.000000
horren	barruan	sartzen	0.384615
horren	guztiaren	ondorioz	0.454545
horren	helburu	nagusia	1.000000
horren	ordez	bere	0.214286
horren	zati	bat	0.800000
horretan	egon	zen	0.666667
horretan	iraun	zuen	0.750000
horretan	jardun	zuen	1.000000
horretan	jarraitu	zuen	1.000000
horretan	parte	hartzen	0.500000
horri	aurre	egiteko	0.700000
horri	aurre	egin	0.300000
horri	ekin	zion	1.000000
hura	ez	zen	0.500000
hura	izan	zen	0.833333
hutsik	egin	gabe	1.000000
i	a	k	0.103448
i	a	erregearen	0.103448
i	aren	semea	0.187500
ia	bi	urte	0.500000
ia	desagertu	egin	0.500000
ia	desagertu	da	0.500000
ia	ez	zen	0.176471
ia	ezinezkoa	da	0.625000
idazlea	ere	izan	0.375000
idazlea	izan	zen	1.000000
ideia	izan	zen	0.625000
ideia	izan	zuen	0.375000
ikertu	zituen	eta	0.500000
ikertzen	jarraitu	zuen	0.750000
ikusi	ahal	izan	0.419355
ikusi	ahal	izateko	0.354839
ikusi	ahal	izango	0.096774
ikusi	behar	da	0.444444
ikusi	den	bezala	0.750000
ikusi	eta	ez	0.160000
ikusi	izan	dira	0.500000
ikusi	zituen	eta	0.333333
ikusi	zituen	bere	0.250000
ikusi	zuen	eta	0.302326
ikusi	zuen	bere	0.093023
indarra	galdu	zuen	1.000000
indarra	hartu	zuen	0.454545
indarra	hartzen	hasi	0.500000
indartsua	izan	zen	0.555556
indartsua	osatu	zuen	0.666667
indartsua	zen	eta	0.571429
inguruan	eraiki	zen	0.500000
inguruan	gertatu	zen	1.000000
inguruan	hasi	zen	0.600000
inguruan	hitz	egiten	0.583333
inguruan	sortu	zen	0.500000
inolako	zalantzarik	gabe	1.000000
inolaz	ere	ez	0.384615
inongo	zalantzarik	gabe	1.000000
inor	ez	da	0.250000
institutuan	egin	zituen	1.000000
interes	handia	erakutsi	0.375000
irabazi	asmorik	gabeko	0.916667
irabazi	ditu	eta	0.357143
irabazi	dituen	taldea	0.666667
irabazi	eta	gero	0.285714
irabazi	ez	duen	0.428571
irabazi	zituen	eta	0.255319
irabazi	zituen	hauteskundeak	0.106383
irabazi	zituen	baina	0.063830
irabazi	zuen	eta	0.315068
irabazi	zuen	an	0.082192
irabazi	zuen	ko	0.041096
irabazi	zuen	lehen	0.041096
irabazi	zuten	an	0.214286
iristen	da	eta	0.347826
iristen	den	arte	0.307692
iristen	dira	eta	0.562500
irrati	eta	telebistako	0.500000
irrati	eta	telebista	0.500000
irudikatzen	ditu	eta	0.750000
irudikatzen	du	eta	0.666667
istorioa	kontatzen	du	1.000000
itxaropena	urtekoa	da	1.000000
itxita	egon	zen	0.500000
itxura	du	eta	0.300000
itxura	ematen	diote	0.400000
itxura	ematen	dio	0.300000
itxura	hartu	zuen	0.555556
itxura	hartzen	du	0.538462
itxura	hartzen	dute	0.307692
itzela	izan	zuen	0.538462
itzela	izan	zen	0.230769
itzultzea	erabaki	zuen	0.833333
izan	ahal	dira	0.300000
izan	ahal	da	0.150000
izan	ala	ez	1.000000
izan	arren	ez	0.134831
izan	arren	bere	0.044944
izan	arren	oso	0.033708
izan	arte	ez	0.333333
izan	bada	ere	0.750000
izan	baino	lehen	0.800000
izan	baitzen	eta	0.400000
izan	baizik	eta	1.000000
izan	bazen	ere	0.944444
izan	baziren	ere	0.909091
izan	bazuen	ere	0.833333
izan	behar	da	0.207018
izan	behar	du	0.200000
izan	behar	dute	0.087719
izan	behar	zuen	0.070175
izan	behar	dira	0.059649
izan	behar	dugu	0.035088
izan	behar	zuten	0.024561
izan	behar	ez	0.024561
izan	behar	ditu	0.024561
izan	behar	zuela	0.021053
izan	behar	dituzte	0.017544
izan	behar	zen	0.017544
izan	behar	dela	0.014035
izan	behar	duela	0.014035
izan	behar	ziren	0.014035
izan	behar	dutela	0.014035
izan	beharko	luke	0.205882
izan	beharko	du	0.147059
izan	beharko	da	0.088235
izan	bezain	laster	1.000000
izan	da	eta	0.178707
izan	da	beti	0.053232
izan	da	baina	0.038023
izan	da	urte	0.030418
izan	da	bere	0.026616
izan	da	historian	0.019011
izan	da	tik	0.015209
izan	da	hainbat	0.015209
izan	da	batez	0.015209
izan	da	eskola	0.011407
izan	da	ordutik	0.011407
izan	daiteke	eta	0.149425
izan	daiteke	baina	0.114943
izan	daiteke	edo	0.080460
izan	daitezke	eta	0.222222
izan	daitezke	baina	0.063492
izan	daitezke	edo	0.063492
izan	daitezke	batez	0.047619
izan	den	arren	0.189189
izan	den	eta	0.081081
izan	dezake	eta	0.166667
izan	dezake	edo	0.125000
izan	dezakete	baina	0.363636
izan	dira	eta	0.161905
izan	dira	baina	0.047619
izan	dira	bere	0.038095
izan	dira	batez	0.028571
izan	dira	horien	0.028571
izan	dira	azken	0.028571
izan	ditu	eta	0.102041
izan	ditu	historian	0.081633
izan	ditu	bai	0.061224
izan	du	eta	0.105263
izan	du	bere	0.070175
izan	du	historian	0.070175
izan	du	gaur	0.052632
izan	du	beti	0.052632
izan	duen	eragina	0.103448
izan	dute	eta	0.121951
izan	dute	beti	0.073171
izan	ere	ez	0.043590
izan	ere	bere	0.035897
izan	ere	garai	0.033333
izan	ere	an	0.017949
izan	ere	beste	0.015385
izan	ere	gaur	0.012821
izan	ere	bertan	0.012821
izan	ere	hori	0.012821
izan	ere	bi	0.012821
izan	ere	urte	0.010256
izan	ere	ordura	0.010256
izan	ere	denbora	0.010256
izan	ere	hauek	0.010256
izan	ere	munduko	0.007692
izan	ere	azken	0.007692
izan	ere	haren	0.007692
izan	ere	eta	0.007692
izan	ere	beti	0.007692
izan	ere	oro	0.007692
izan	ere	urtean	0.007692
izan	ere	lehen	0.007692
izan	ere	oso	0.007692
izan	ere	pertsona	0.007692
izan	eta	gero	0.104478
izan	eta	boto	0.044776
izan	ez	arren	0.116667
izan	ez	bazen	0.100000
izan	ez	balitz	0.083333
izan	ez	zen	0.083333
izan	ez	duen	0.050000
izan	ez	zuen	0.050000
izan	ez	zuenez	0.050000
izan	ezik	eta	0.088889
izan	gabe	eta	0.307692
izan	hainbat	eta	0.800000
izan	litekeena	da	1.000000
izan	nahi	du	0.250000
izan	nahi	zuten	0.111111
izan	nahi	duen	0.083333
izan	nahiz	eta	0.800000
izan	ohi	da	0.314286
izan	ohi	dira	0.300000
izan	ohi	du	0.095238
izan	ohi	dute	0.080952
izan	ohi	ditu	0.047619
izan	ohi	dituzte	0.033333
izan	ohi	zen	0.023810
izan	ohi	ziren	0.023810
izan	ohi	duen	0.014286
izan	omen	zen	0.421053
izan	omen	zuen	0.210526
izan	orduan	eta	1.000000
izan	ote	zen	0.750000
izan	zela	uste	0.098901
izan	zela	esan	0.087912
izan	zela	eta	0.065934
izan	zela	diote	0.043956
izan	zela	adierazten	0.032967
izan	zen	eta	0.264687
izan	zen	bere	0.043899
izan	zen	an	0.030988
izan	zen	baina	0.029697
izan	zen	tik	0.022595
izan	zen	urte	0.012912
izan	zen	bitartean	0.012266
izan	zen	ko	0.011620
izan	zen	haren	0.010329
izan	zen	hura	0.007747
izan	zen	arren	0.007747
izan	zen	batez	0.007747
izan	zen	garai	0.007747
izan	zen	baita	0.007101
izan	zen	lehen	0.007101
izan	zen	urtean	0.006456
izan	zen	bertan	0.006456
izan	zen	gaur	0.005810
izan	zen	arte	0.005810
izan	zen	bi	0.005810
izan	zen	nahiz	0.005165
izan	zen	lehenengo	0.005165
izan	zen	lehena	0.004519
izan	zen	izan	0.004519
izan	zen	bai	0.004519
izan	zen	hainbat	0.004519
izan	zen	hau	0.004519
izan	zen	non	0.004519
izan	zen	eko	0.004519
izan	zen	urteetan	0.004519
izan	zena	eta	0.214286
izan	ziren	eta	0.185484
izan	ziren	emandako	0.075269
izan	ziren	bere	0.032258
izan	ziren	baina	0.032258
izan	ziren	bertan	0.021505
izan	ziren	hiru	0.013441
izan	ziren	bitartean	0.010753
izan	ziren	nagusi	0.010753
izan	ziren	haren	0.010753
izan	ziren	ez	0.008065
izan	ziren	urte	0.008065
izan	ziren	hainbat	0.008065
izan	ziren	batez	0.008065
izan	ziren	garai	0.008065
izan	ziren	besteak	0.008065
izan	ziren	euren	0.008065
izan	ziren	an	0.008065
izan	ziren	haien	0.008065
izan	ziren	ko	0.008065
izan	zituen	eta	0.195652
izan	zituen	baina	0.059783
izan	zituen	bere	0.043478
izan	zituen	arren	0.027174
izan	zituen	hainbat	0.021739
izan	zituen	bai	0.016304
izan	zituen	batez	0.016304
izan	zituen	horien	0.016304
izan	zituzten	eta	0.187500
izan	zuen	eta	0.215909
izan	zuen	bere	0.054924
izan	zuen	baina	0.039773
izan	zuen	lehen	0.017045
izan	zuen	an	0.015152
izan	zuen	hurrengo	0.009470
izan	zuen	bi	0.009470
izan	zuen	ko	0.009470
izan	zuen	arren	0.007576
izan	zuen	bai	0.007576
izan	zuen	lehenengo	0.007576
izan	zuen	eragina	0.007576
izan	zuen	bigarren	0.007576
izan	zuen	arrakasta	0.007576
izan	zuen	lagun	0.007576
izan	zuen	eko	0.007576
izan	zuen	bizitza	0.005682
izan	zuen	europako	0.005682
izan	zuen	egoitza	0.005682
izan	zuen	hasieran	0.005682
izan	zuen	beste	0.005682
izan	zuen	ondorioz	0.005682
izan	zuen	azken	0.005682
izan	zuen	amets	0.005682
izan	zuen	batez	0.005682
izan	zuen	garai	0.005682
izan	zuen	talde	0.005682
izan	zuen	denbora	0.005682
izan	zuen	baita	0.005682
izan	zuten	eta	0.096552
izan	zuten	baina	0.055172
izan	zuten	bere	0.041379
izan	zuten	eragina	0.027586
izan	zuten	beste	0.020690
izar	zuri	bat	1.000000
izateak	ez	du	1.000000
izaten	ari	da	0.444444
izaten	da	eta	0.223214
izaten	da	baina	0.071429
izaten	da	askotan	0.026786
izaten	da	bertan	0.026786
izaten	dira	eta	0.281818
izaten	dira	baina	0.063636
izaten	dira	batez	0.036364
izaten	dira	batzuetan	0.027273
izaten	ditu	eta	0.285714
izaten	dituzte	eta	0.185185
izaten	du	eta	0.363636
izaten	dute	eta	0.228571
izaten	hasi	zen	0.642857
izaten	jarraitu	zuen	0.619048
izaten	jarraitu	zuten	0.166667
izaten	jarraitu	du	0.095238
izaten	jarraitzen	du	0.604651
izaten	jarraitzen	zuen	0.116279
izaten	jarraitzen	dute	0.093023
izaten	zen	eta	0.214286
izaten	ziren	eta	0.294118
izen	izan	ditu	1.000000
izena	aldatu	zuen	0.238095
izena	aldatu	eta	0.190476
izena	aldatu	zioten	0.142857
izena	aldatzea	erabaki	0.750000
izena	berreskuratu	zuen	0.750000
izena	da	eta	0.500000
izena	du	eta	0.400000
izena	eman	zitzaion	0.597701
izena	eman	zion	0.120690
izena	eman	zioten	0.114943
izena	eman	zuen	0.022989
izena	eman	izan	0.017241
izena	ematen	zaio	0.276596
izena	ematen	dion	0.234043
izena	ematen	zaie	0.170213
izena	ematen	zioten	0.085106
izena	ematen	dio	0.085106
izena	erabili	zuen	0.636364
izena	erabiltzen	da	0.333333
izena	ere	hartzen	0.194444
izena	ere	ematen	0.138889
izena	ere	erabiltzen	0.111111
izena	ere	jasotzen	0.083333
izena	ez	da	0.333333
izena	ez	dago	0.250000
izena	ez	zen	0.250000
izena	ezarri	zion	0.428571
izena	ezarri	zioten	0.428571
izena	hartu	zuen	0.739726
izena	hartu	zuten	0.150685
izena	hartzen	du	0.485714
izena	hartzen	dute	0.285714
izena	izan	zuen	0.437500
izena	jarri	zioten	0.500000
izena	jarri	zion	0.269231
izena	jaso	zuen	0.500000
izena	jasotzen	du	0.363636
izena	jasotzen	dute	0.272727
izena	zuen	eta	0.300000
izenez	ere	ezaguna	0.576923
izenez	ere	ezagutzen	0.307692
izenez	ezagutzen	da	0.310345
izenez	ezagutzen	dena	0.206897
izenez	ezagutzen	den	0.137931
izugarria	izan	zen	0.466667
izugarria	izan	zuen	0.266667
izugarrizko	arrakasta	izan	0.777778
jada	ez	da	0.277778
jada	ez	dira	0.222222
jada	ez	zen	0.166667
jaiotzen	dira	eta	0.800000
jaisten	du	eta	0.750000
janari	industria	eta	0.545455
jarduera	bat	da	0.600000
jarrera	hartu	zuen	1.000000
jasan	behar	izan	0.823529
jasan	zituen	eta	0.375000
jasan	zituen	bere	0.187500
jasaten	ari	diren	0.375000
jasaten	dute	eta	0.666667
jasotzen	ditu	eta	0.250000
jasotzen	du	eta	0.285714
jasotzen	du	bere	0.142857
jasotzen	du	baina	0.107143
jasotzen	dute	eta	0.375000
jasotzen	hasi	zen	0.625000
jatorria	ez	da	0.545455
jatorria	ez	dago	0.272727
jatorria	ezezaguna	da	1.000000
jatorria	zein	den	1.000000
jauregia	eraiki	zuen	0.428571
joan	baino	lehen	1.000000
joan	behar	izan	0.270270
joan	behar	da	0.162162
joan	behar	du	0.108108
joan	behar	ziren	0.081081
joan	da	eta	0.235294
joan	den	mendeko	0.428571
joan	eta	bere	0.148148
joan	ohi	dira	0.300000
joan	urteak	etorri	1.000000
joan	zen	eta	0.314010
joan	zen	bizitzera	0.101449
joan	zen	bere	0.043478
joan	zen	baina	0.043478
joan	zen	non	0.024155
joan	zen	bertako	0.019324
joan	zen	an	0.019324
joan	zen	arte	0.019324
joan	ziren	eta	0.218750
joan	ziren	bizitzera	0.093750
joatea	erabaki	zuten	0.444444
joatea	erabaki	zuen	0.444444
joatea	erabakitzen	du	1.000000
joateko	aukera	izan	0.500000
junior	mailako	munduko	0.750000
k	a	an	0.259036
k	a	urtean	0.192771
k	a	eta	0.090361
k	a	urte	0.054217
k	a	k	0.042169
k	a	urtetik	0.042169
k	a	artean	0.030120
k	a	ko	0.030120
k	a	tik	0.024096
k	a	arte	0.024096
k	a	i	0.024096
k	a	inguruan	0.018072
k	a	urtea	0.018072
k	a	urtekoa	0.018072
k	o	i	0.206897
k	o	urtean	0.172414
k	o	eta	0.137931
k	o	an	0.103448
k	urte	edo	1.000000
kanpaina	bat	hasi	0.312500
kanpaina	bat	egin	0.250000
kanpaina	bat	antolatu	0.187500
kanpo	geratu	zen	0.583333
kanpo	utzi	eta	0.250000
kartzela	zigorra	ezarri	0.750000
kendu	zioten	eta	1.000000
kendu	zuten	eta	0.666667
kentzea	erabaki	zuen	0.600000
kidea	da	eta	0.600000
kidea	ere	bada	0.666667
kidea	izan	zen	0.742857
kidea	izan	da	0.200000
kidea	zen	eta	0.800000
ko	abenduaren	an	0.566667
ko	abenduaren	a	0.166667
ko	abenduaren	n	0.100000
ko	altuera	du	0.428571
ko	apirilaren	an	0.794118
ko	apirilaren	n	0.088235
ko	eta	eko	0.454545
ko	eta	ko	0.363636
ko	irailaren	an	0.857143
ko	irailaren	a	0.107143
ko	liburu	batean	1.000000
ko	maiatzaren	an	0.838710
ko	urriaren	an	0.625000
ko	uztailaren	an	0.714286
kolore	batzuk	ere	0.750000
kolore	gorria	eta	0.500000
konplexua	da	eta	0.545455
konpromisoa	hartu	zuen	0.600000
kontutan	hartu	gabe	0.500000
kontutan	hartu	behar	0.444444
kontutan	izan	behar	0.833333
kopa	eskuratu	ditu	0.400000
kopa	eskuratu	zuen	0.300000
kopa	eskuratu	zituen	0.300000
kopa	hain	zuzen	1.000000
kopa	irabazi	ditu	0.523810
kopa	irabazi	zuen	0.238095
kopa	lortu	zituen	0.600000
kopurua	ez	da	0.454545
kopurua	gero	eta	1.000000
kopurua	handitu	egin	0.333333
kultura	eta	arte	0.160000
labur	bat	izan	0.142857
labur	baten	ondoren	0.800000
laguntza	eman	zioten	0.333333
laguntza	eman	zion	0.333333
laguntza	eskatu	zion	0.266667
laguntza	eskatu	zuen	0.200000
laguntza	izan	zuen	0.529412
laguntza	izan	zuten	0.352941
laguntza	izango	du	0.666667
laguntza	jaso	zuen	0.714286
laguntza	lortu	zuen	0.500000
laguntzen	du	eta	0.444444
lan	argitaratu	ditu	0.750000
lan	asko	idatzi	0.250000
lan	asko	egin	0.187500
lan	bat	da	0.107143
lan	bat	lortu	0.107143
lan	batzuk	egin	0.230769
lan	egin	zuen	0.594937
lan	egin	du	0.075949
lan	egin	zuten	0.059072
lan	egin	behar	0.042194
lan	egin	ondoren	0.033755
lan	egin	dezakete	0.016878
lan	egin	zituen	0.012658
lan	egin	beharrean	0.012658
lan	egin	eta	0.012658
lan	egin	nahi	0.012658
lan	egiteko	aukera	0.108108
lan	egiteko	eta	0.108108
lan	egiteko	era	0.081081
lan	egiten	du	0.202186
lan	egiten	duen	0.120219
lan	egiten	zuen	0.098361
lan	egiten	dute	0.081967
lan	egiten	zuten	0.076503
lan	egiten	hasi	0.071038
lan	egiten	duten	0.065574
lan	egiten	jarraitu	0.021858
lan	egiten	ari	0.021858
lan	egitera	joan	0.300000
lan	handia	egin	0.785714
lan	handiak	egin	0.800000
lan	hau	ere	0.142857
lan	idatzi	zituen	0.600000
lan	ugari	egin	0.363636
lanetan	ari	dira	0.666667
lanetan	aritu	zen	0.785714
lanetan	aritu	da	0.214286
lanetan	hasi	zen	0.833333
lanetan	ibili	zen	0.600000
lanetan	jardun	zuen	0.750000
lehena	izan	zen	0.789474
lehiaketa	irabazi	zuen	0.600000
libre	geratzen	den	0.600000
liderra	izan	zen	1.000000
litzateke	hau	da	1.000000
luzatzen	da	eta	0.500000
luzeak	dituzte	eta	1.000000
luzeak	izaten	dira	0.750000
maiatzaren	an	eta	0.142857
maila	galdu	zuen	0.818182
mailan	ari	da	0.428571
mailan	aritu	zen	0.800000
mende	bat	geroago	0.333333
mende	egon	zen	0.500000
mende	erdi	bat	0.750000
mende	geratu	zen	0.800000
mende	horretan	bertan	0.600000
mende	osoan	zehar	0.800000
mendean	agertu	zen	0.750000
mendean	aipatzen	da	1.000000
mendean	eraiki	zen	0.538462
mendean	eraiki	zuten	0.384615
mendean	galdu	zen	1.000000
mendean	hartu	zuen	0.363636
mendean	sortu	zen	0.500000
mendebaldean	bizi	dira	0.600000
mendebaldeko	eta	ipar	0.500000
metrora	dago	eta	0.750000
milioi	ale	baino	0.714286
milioi	argi	urteko	0.750000
milioi	baino	gehiago	1.000000
milioi	bat	urteko	0.173913
milioi	bat	pertsona	0.173913
milioi	bat	kopia	0.130435
milioi	disko	baino	1.000000
milioi	dolarreko	saria	0.428571
milioi	eta	milioi	0.500000
milioi	kopia	saldu	0.714286
milioi	pertsona	inguru	0.266667
milioi	urte	inguru	0.200000
milioi	urte	sortu	0.088889
milioi	urte	arte	0.066667
milioi	urte	hasi	0.066667
milioi	urte	baino	0.066667
milioi	urtetik	duela	0.750000
modu	bat	da	0.400000
modu	bat	izan	0.120000
modu	bat	bezala	0.120000
modu	batera	edo	0.357143
modu	batera	esanda	0.214286
modu	batzuk	ere	0.750000
modu	berri	bat	0.400000
modu	jakin	batean	0.800000
modura	ere	ezaguna	0.500000
moldatu	behar	izan	0.500000
moztu	behar	izan	1.000000
mugitzen	da	eta	0.300000
multzo	bat	da	0.250000
multzo	handi	bat	0.875000
musu	bat	ematen	0.600000
n	hil	zen	0.600000
nagusi	bereizten	dira	0.857143
nagusi	bihurtu	zen	0.416667
nagusi	izan	zen	0.370370
nagusi	izan	ziren	0.222222
nagusi	izendatu	zuten	1.000000
nahiko	arrakasta	izan	1.000000
nahiko	berria	da	0.875000
nahiko	erraza	da	1.000000
nahiko	handia	da	0.333333
neska	gazte	bat	0.375000
neska	gazte	batek	0.187500
neurri	handi	batean	0.916667
non	eta	noiz	0.500000
obra	argitaratu	zuen	1.000000
obra	idatzi	zuen	0.800000
ohartu	behar	da	0.800000
ohartzen	da	eta	0.500000
ohi	da	eta	0.333333
ohi	da	baina	0.043011
ohi	den	moduan	0.285714
ohi	dira	eta	0.253012
ohi	dira	baina	0.084337
ohi	dira	normalean	0.036145
ohi	ditu	eta	0.272727
ohi	dute	eta	0.210526
ohi	zen	bezala	0.307692
ohi	ziren	eta	0.307692
oinarritzen	da	eta	0.205128
okerrera	egin	zuen	0.857143
onak	izan	zituen	0.400000
onak	jaso	zituen	0.800000
onak	lortu	zituen	0.600000
onartzen	du	eta	0.545455
onartzen	dute	baina	0.428571
ondoan	eraiki	zen	0.800000
ondorio	zuzena	da	0.600000
onik	atera	zen	0.571429
ordu	eta	erdi	0.277778
ordu	eta	minutu	0.222222
ordu	irauten	du	0.800000
ordu	minutu	eta	1.000000
oro	har	ez	0.047170
oro	har	oso	0.037736
oro	har	eta	0.037736
oro	har	onartzen	0.028302
oro	har	beste	0.028302
orokorrean	esan	daiteke	1.000000
osatuko	dute	eta	0.500000
osoa	estaltzen	du	0.600000
osoa	ez	da	0.500000
osoa	hartzen	du	0.500000
ospitalera	eraman	zuten	1.000000
ote	zen	ala	0.235294
paper	garrantzitsua	jokatu	0.333333
paper	garrantzitsua	izan	0.333333
papera	egin	zuen	0.461538
parisera	itzuli	zen	0.800000
parisera	joan	zen	0.625000
parisera	joan	ziren	0.187500
parke	gisa	babestuta	1.000000
parke	nazionala	osatzen	0.333333
pasatu	zen	eta	0.500000
pentsatu	behar	da	0.363636
pentsatu	behar	dugu	0.272727
pentsatu	izan	da	0.600000
pentsatu	zuen	eta	0.285714
pentsatu	zuen	baina	0.214286
pentsatu	zuten	eta	0.333333
pentsatu	zuten	baina	0.333333
pertsona	baino	gehiago	0.625000
pertsona	bakar	batek	0.600000
pertsona	batek	beste	0.107143
pertsona	batetik	bestera	1.000000
pertsona	edo	talde	0.333333
pertsona	edo	erakunde	0.250000
pertsona	hil	ziren	0.588235
pertsona	hil	eta	0.088235
pertsona	hil	zituzten	0.088235
pertsona	inguru	bizi	0.375000
pertsona	inguru	hil	0.250000
pertsona	izan	zen	0.600000
pertsonaia	bat	da	0.500000
plaka	bat	dago	0.333333
plaka	milioi	bat	1.000000
plataforma	bat	da	0.375000
porrota	izan	zen	0.600000
postura	iritsi	zen	1.000000
presio	eta	tenperatura	1.000000
prest	agertu	zen	0.800000
proposamena	egin	zion	0.500000
proposamena	onartu	zuen	0.666667
protagonista	izan	zen	0.777778
publiko	bat	izatea	0.375000
puntu	bana	balio	1.000000
satelite	bidezko	irudia	0.750000
satelite	txikia	da	1.000000
seme	alaba	izan	0.526316
seme	alaba	ditu	0.073684
seme	alaba	zituen	0.042105
seme	alaba	eduki	0.042105
seme	alaba	ugari	0.031579
seme	alaba	eta	0.031579
seme	alaba	dituzte	0.031579
seme	alabak	dituzten	0.963788
seme	alabak	ere	0.004178
seme	bakarra	izan	0.625000
seme	bat	izan	0.375000
seme	bat	du	0.125000
seme	eta	alaba	0.500000
seme	izan	zituen	0.583333
seme	izan	zituzten	0.333333
suntsitu	egin	zuten	0.833333
suntsitu	zituen	eta	0.600000
taldeko	kapitaina	izan	0.750000
taldeko	kide	izan	0.214286
taldeko	kidea	da	0.400000
taldeko	kidea	izan	0.300000
tarte	jakin	batean	0.750000
tratatzen	ez	bada	1.000000
txapeldun	izan	zen	0.555556
txapelduna	izan	zen	0.818182
txapelduna	izan	da	0.136364
txapelketa	irabazi	zuen	0.500000
txapelketa	irabazi	zituen	0.200000
txapelketa	izan	zen	0.750000
txapelketa	ugari	irabazi	1.000000
txikiak	baino	ez	1.000000
txikiak	dira	eta	0.296296
txikiak	izaten	dira	0.750000
uda	bero	eta	1.000000
uhartea	esan	nahi	1.000000
ukatu	egin	zuen	0.727273
ukatzen	baizik	eta	1.000000
ume	izan	zituen	0.500000
unibertsitatea	espainiako	unibertsitate	1.000000
unibertsitatea	sortu	zuen	0.750000
unibertsitateko	irakasle	izan	0.538462
ur	kopuru	handia	0.750000
ura	ez	da	0.666667
urte	artean	bizi	0.375000
urte	asko	eman	0.250000
urte	askoan	zehar	0.272727
urte	askotan	zehar	0.500000
urte	baino	gehiago	0.405405
urte	baino	ez	0.351351
urte	baino	gutxiago	0.216216
urte	bat	geroago	0.343750
urte	bat	beranduago	0.156250
urte	bat	eta	0.125000
urte	bat	edo	0.093750
urte	baten	buruan	0.750000
urte	batetik	bestera	1.000000
urte	batzuen	buruan	0.500000
urte	batzuk	geroago	0.426230
urte	batzuk	beranduago	0.180328
urte	batzuk	lehenago	0.081967
urte	behar	izan	0.800000
urte	berean	bigarren	0.078947
urte	besterik	ez	1.000000
urte	bete	arte	0.318182
urte	bete	zituen	0.136364
urte	bete	baino	0.113636
urte	bete	zituenean	0.068182
urte	bizi	izan	0.600000
urte	ditu	eta	1.000000
urte	edo	gehiago	1.000000
urte	egin	zituen	0.700000
urte	eman	zituen	0.619048
urte	eman	ondoren	0.238095
urte	eta	erdi	0.269231
urte	eta	urte	0.153846
urte	eta	hilabete	0.153846
urte	eta	erdira	0.115385
urte	gehiago	bizi	0.500000
urte	geroago	hil	0.135135
urte	geroago	an	0.081081
urte	gutxi	arte	0.300000
urte	hartan	bertan	0.488889
urte	hauetan	zehar	0.190476
urte	honetan	bertan	0.300000
urte	horietan	eta	0.125000
urte	horretan	bertan	0.437500
urte	horretan	bere	0.037500
urte	horretatik	aurrera	0.666667
urte	igaro	ondoren	0.333333
urte	inguru	iraun	0.120000
urte	inguru	bizi	0.120000
urte	iraun	zituen	0.333333
urte	iraun	zuen	0.266667
urte	irauten	du	0.571429
urte	izan	zen	0.500000
urte	osoan	zehar	0.791667
urte	sortu	zen	0.714286
urte	zituela	eta	0.112903
urte	zituela	hasi	0.096774
urte	zituela	hil	0.080645
urte	zituela	bere	0.080645
urte	zituela	eman	0.064516
urte	zituen	eta	0.470588
urte	zituen	hil	0.176471
urte	zituenean	bere	0.222222
urtean	agertu	zen	1.000000
urtean	argitaratu	zen	0.375000
urtean	batez	beste	1.000000
urtean	behin	egiten	0.250000
urtean	berriz	ere	0.750000
urtean	egin	zen	0.937500
urtean	egin	zuen	0.041667
urtean	eraiki	zen	0.666667
urtean	hain	zuzen	1.000000
urtean	hartu	zuen	1.000000
urtean	hasi	zen	0.538462
urtean	hil	zen	0.687500
urtean	hil	ondoren	0.187500
urtean	izan	zen	0.400000
urtean	jaio	zen	0.500000
urtean	sortu	zen	0.750000
urtean	sortu	zuen	0.150000
urtekoa	da	urtekoa	0.600000
urtez	aritu	zen	1.000000
urtez	egon	zen	0.666667
urtez	izan	zen	0.750000
urtez	lan	egin	0.833333
utzi	behar	izan	0.638298
utzi	beharrean	izan	0.750000
utzi	egin	zuen	0.368421
utzi	egin	behar	0.315789
utzi	egin	zuten	0.157895
utzi	eta	gero	0.085714
utzi	eta	lanean	0.057143
utzi	eta	bere	0.042857
utzi	zion	eta	0.200000
utzi	zion	bere	0.200000
utzi	zituen	eta	0.214286
utzi	zituzten	eta	0.375000
utzi	zuen	eta	0.250000
utzi	zuen	bere	0.072917
utzi	zuen	arte	0.031250
utzi	zuten	eta	0.206897
uztea	erabaki	zuen	0.642857
uztea	erabaki	zuten	0.285714
uztea	erabakiko	du	1.000000
uzten	dio	eta	0.500000
zabal	bat	dago	0.142857
zabal	bat	du	0.142857
zabal	da	eta	0.800000
zabal	eta	metro	0.300000
zabala	da	eta	0.307692
zabala	izan	zuen	0.500000
zain	barneko	bidetik	1.000000
zalea	zen	eta	1.000000
zatitu	egin	zen	1.000000
zen	ala	ez	0.833333
zen	alde	batetik	0.428571
zen	aldi	berean	0.636364
zen	an	eta	0.406250
zen	arren	bere	0.111111
zen	aurrera	atera	0.571429
zen	bai	eta	0.555556
zen	baina	ez	0.102041
zen	baina	an	0.061224
zen	baina	gaur	0.051020
zen	baina	bere	0.051020
zen	baina	azkenean	0.030612
zen	baina	bertan	0.025510
zen	baina	berehala	0.015306
zen	baina	laster	0.015306
zen	baina	eko	0.015306
zen	baina	ezin	0.015306
zen	baina	horrek	0.015306
zen	baina	geroago	0.015306
zen	baita	bere	0.208333
zen	baita	ere	0.166667
zen	bat	batean	0.428571
zen	batez	ere	1.000000
zen	bere	aita	0.040541
zen	bere	lehenengo	0.033784
zen	bere	garaian	0.033784
zen	bere	lehen	0.027027
zen	bere	familiarekin	0.020270
zen	bere	azken	0.020270
zen	bere	hurrengo	0.020270
zen	bere	lagun	0.020270
zen	berriro	eta	0.357143
zen	berriz	ere	0.600000
zen	bertan	eta	0.148148
zen	besteak	beste	1.000000
zen	beti	eta	0.230769
zen	bitartean	eta	0.136364
zen	bizitza	osoan	0.400000
zen	bizitzera	eta	0.700000
zen	buru	belarri	1.000000
zen	edo	ez	0.230769
zen	eko	irailaren	0.272727
zen	emandako	guztien	0.600000
zen	erabat	eta	0.571429
zen	erraza	izan	1.000000
zen	estatu	batuetan	0.571429
zen	estatu	batuetako	0.214286
zen	eta	bere	0.048361
zen	eta	an	0.041803
zen	eta	bertan	0.021311
zen	eta	ez	0.018852
zen	eta	han	0.017213
zen	eta	bi	0.013934
zen	eta	haren	0.013115
zen	eta	horrek	0.013115
zen	eta	gaur	0.013115
zen	eta	urte	0.012295
zen	eta	ondoren	0.012295
zen	eta	hainbat	0.011475
zen	eta	ko	0.010656
zen	eta	hiru	0.010656
zen	eta	ondorioz	0.009836
zen	eta	horren	0.009836
zen	eta	beste	0.009016
zen	eta	bitartean	0.008197
zen	eta	horregatik	0.008197
zen	eta	gainera	0.007377
zen	eta	artean	0.007377
zen	eta	honek	0.007377
zen	eta	eta	0.006557
zen	eta	lehen	0.006557
zen	eta	lau	0.006557
zen	eta	urtean	0.006557
zen	eta	zenbait	0.006557
zen	eta	azkenik	0.006557
zen	eta	ama	0.005738
zen	eta	horrekin	0.005738
zen	ez	da	0.227273
zen	ezkondu	eta	0.750000
zen	gai	izan	0.333333
zen	garai	hartan	0.375000
zen	garai	hartako	0.150000
zen	garai	horretan	0.125000
zen	garai	batean	0.100000
zen	garai	haietan	0.075000
zen	gaur	egun	0.730769
zen	gaur	egungo	0.269231
zen	gutxi	gorabehera	1.000000
zen	guztira	a	0.428571
zen	hain	zuzen	0.789474
zen	hala	nola	0.380952
zen	hala	ere	0.380952
zen	halakorik	gertatu	1.000000
zen	han	eta	0.384615
zen	handik	aurrera	0.454545
zen	harik	eta	1.000000
zen	hasiera	batean	0.666667
zen	hau	da	0.657895
zen	hiru	urte	0.200000
zen	horrela	izan	0.400000
zen	hurrengo	urteetan	0.333333
zen	inoiz	ezkondu	0.130435
zen	inolaz	ere	1.000000
zen	izan	ere	0.633333
zen	joan	den	0.800000
zen	k	a	0.900000
zen	ko	maiatzaren	0.207547
zen	ko	irailaren	0.188679
zen	ko	abenduaren	0.132075
zen	ko	urriaren	0.113208
zen	ko	uztailaren	0.113208
zen	ko	hamarkadan	0.056604
zen	lanean	eta	0.500000
zen	lehen	aldiz	0.366667
zen	lehen	pertsona	0.066667
zen	lehen	aldia	0.066667
zen	lehenengo	aldiz	0.333333
zen	mundu	osoan	0.571429
zen	nahikoa	izan	0.600000
zen	nahiz	eta	1.000000
zen	new	yorken	0.666667
zen	non	bere	0.176471
zen	onartua	izan	1.000000
zen	orduan	eta	0.600000
zen	ordura	arte	0.750000
zen	oro	har	0.833333
zen	proba	batez	1.000000
zen	tik	era	0.428571
zen	tik	aurrera	0.285714
zen	tik	arte	0.214286
zen	urte	zituela	0.245902
zen	urte	askoan	0.098361
zen	urte	horretan	0.065574
zen	urte	berean	0.065574
zen	urte	askotan	0.049180
zen	urte	bete	0.049180
zen	urte	batzuk	0.049180
zen	urtera	arte	0.750000
zen	urtetik	aurrera	0.500000
zen	zalantzarik	gabe	1.000000
zen	zazpi	urte	0.600000
zen	zeren	eta	1.000000
zenbat	eta	handiagoa	0.250000
zenbat	eta	gehiago	0.204545
zenbat	eta	hurbilago	0.068182
zer	dela	eta	1.000000
zer	edo	zer	1.000000
zer	egin	behar	0.400000
zer	esan	nahi	0.750000
zer	gertatzen	den	0.375000
zibila	izan	zen	0.750000
zibila	piztu	zen	0.750000
zientzia	eta	teknologia	0.538462
zin	egin	zuen	0.250000
zin	egin	zion	0.187500
zinema	eta	telebista	0.333333
zion	bere	buruari	0.150000
zion	bizitza	osoan	1.000000
zion	eta	honek	0.062500
zion	eta	an	0.046875
zion	kasurik	egin	1.000000
zion	nahiz	eta	1.000000
zioten	eta	honek	0.073171
ziren	an	eta	0.375000
ziren	arren	ez	0.375000
ziren	azken	hau	0.428571
ziren	baina	ez	0.131148
ziren	baina	azken	0.049180
ziren	baina	eko	0.049180
ziren	baita	ere	0.300000
ziren	bakarrik	bizi	0.996800
ziren	batez	ere	0.937500
ziren	bere	lehen	0.142857
ziren	berriro	ere	0.750000
ziren	beste	batzuk	0.240000
ziren	beste	hainbat	0.120000
ziren	besteak	beste	1.000000
ziren	bizitzera	eta	0.750000
ziren	emakumeak	seme	0.853832
ziren	emakumeak	eta	0.146168
ziren	emandako	guztien	0.714286
ziren	emandako	boto	0.285714
ziren	eta	seme	0.620240
ziren	eta	beste	0.015030
ziren	eta	haien	0.013026
ziren	eta	an	0.010020
ziren	eta	ez	0.008016
ziren	eta	horrek	0.008016
ziren	eta	bertan	0.007014
ziren	eta	euren	0.006012
ziren	eta	hiru	0.005010
ziren	eta	gaur	0.005010
ziren	eta	talde	0.005010
ziren	eta	azkenean	0.004008
ziren	eta	ondoren	0.004008
ziren	eta	lehen	0.004008
ziren	eta	hainbat	0.004008
ziren	eta	horrela	0.004008
ziren	eta	ondorioz	0.003006
ziren	eta	bigarren	0.003006
ziren	eta	horren	0.003006
ziren	eta	hango	0.003006
ziren	eta	soilik	0.003006
ziren	eta	horregatik	0.003006
ziren	eta	bi	0.003006
ziren	eta	han	0.003006
ziren	eta	ko	0.003006
ziren	eta	horien	0.003006
ziren	eta	bertako	0.003006
ziren	eta	urtean	0.003006
ziren	garai	hartan	0.300000
ziren	gaur	egun	0.625000
ziren	gaur	egungo	0.375000
ziren	gehien	bat	1.000000
ziren	gizonak	eta	0.768535
ziren	gizonak	seme	0.229656
ziren	hain	zuzen	0.428571
ziren	hala	nola	0.466667
ziren	hala	ere	0.466667
ziren	hau	da	1.000000
ziren	herrialde	osoan	0.750000
ziren	horien	artean	1.000000
ziren	izan	ere	0.750000
ziren	k	a	1.000000
ziren	ko	irailaren	0.428571
ziren	lehen	bi	0.214286
ziren	nahiz	eta	1.000000
ziren	seme	alabak	1.000000
zuri	izan	ziren	1.000000
zuria	eta	gorria	0.250000
zuriak	dira	eta	0.500000
zuriak	izan	ziren	0.800000
zurrumurrua	zabaldu	zen	1.000000
zutela	adierazi	zuen	0.500000
zutela	adierazi	zuten	0.400000
zutela	uste	da	0.375000
zutela	uste	zuten	0.187500
zuten	an	eta	0.478261
zuten	aurrera	egin	0.500000
zuten	baina	ez	0.115942
zuten	baina	azkenean	0.043478
zuten	baita	ere	0.500000
zuten	batez	ere	1.000000
zuten	begi	onez	1.000000
zuten	berriro	alkate	0.363636
zuten	beste	batzuek	0.214286
zuten	besteak	beste	0.833333
zuten	denbora	batez	0.375000
zuten	eta	ez	0.032680
zuten	eta	bere	0.029412
zuten	eta	bertan	0.022876
zuten	eta	an	0.019608
zuten	eta	han	0.019608
zuten	eta	gaur	0.016340
zuten	eta	honek	0.016340
zuten	eta	ondorioz	0.013072
zuten	eta	hurrengo	0.009804
zuten	eta	bi	0.009804
zuten	eta	eko	0.009804
zuten	eta	ko	0.009804
zuten	eta	jarraian	0.009804
zuten	eta	ondoren	0.009804
zuten	eta	horren	0.009804
zuten	eta	zenbait	0.009804
zuten	eta	lehenbiziko	0.009804
zuten	eta	horrela	0.009804
zuten	eta	oraindik	0.009804
zuten	eta	hortaz	0.009804
zuten	euren	burua	0.333333
zuten	gaur	egungo	0.666667
zuten	gizon	eta	1.000000
zuten	haien	lekua	0.333333
zuten	hala	ere	0.500000
zuten	hala	nola	0.500000
zuten	harik	eta	1.000000
zuten	hau	da	0.666667
zuten	k	a	0.875000
zuten	nahiz	eta	1.000000
zuten	parte	eta	0.578947
zuten	parte	hartu	0.157895
zuzendaria	da	eta	0.750000
zuzendaria	ere	izan	0.833333
zuzendaria	izan	zen	0.813953
zuzendaria	izan	da	0.162791
