aastat	aega	et	0.600000
aastat	ei	ole	0.600000
aastat	hiljem	on	0.178571
aastat	tagasi	oli	0.097222
aastat	tagasi	kui	0.069444
aastat	tagasi	ja	0.048611
aastat	tagasi	tehtud	0.034722
aastat	tagasi	kirjutatud	0.027778
aastat	tagasi	ilmunud	0.020833
aastat	tagasi	et	0.020833
aastat	tagasi	ütles	0.020833
aega	aga	see	0.250000
aega	ei	ole	0.444444
aega	ja	raha	0.098039
ainus	asi	mida	0.600000
ainus	kord	kui	0.750000
aitab	kaasa	ka	0.444444
aitab	ära	hoida	1.000000
aitäh	kõigile	kes	0.750000
aja	jooksul	on	0.179104
aja	järgi	kell	0.635294
aja	järgi	ööl	0.070588
aja	järgi	kella	0.058824
aja	järgi	laupäeva	0.047059
aja	ära	elanud	1.000000
ajast	maha	jäänud	1.000000
algas	sellest	et	1.000000
alles	eelmisel	nädalal	0.800000
alles	järgmise	aasta	1.000000
alles	paar	päeva	0.750000
alles	siis	kui	0.640000
alles	siis	on	0.060000
alustab	mm	i	1.000000
anda	endast	parima	0.500000
anda	sellest	teada	1.000000
andsin	endast	parima	0.750000
anname	endast	parima	0.777778
armastada	ja	olla	1.000000
arv	on	suur	0.115385
arvasime	et	see	0.500000
arvates	ei	ole	0.400000
arvates	ei	peaks	0.200000
arvates	on	see	0.129032
arvestades	on	see	0.600000
arvestades	seda	et	0.571429
asju	ei	tehta	0.333333
asju	mida	me	0.130435
asju	mis	on	0.250000
asju	mis	me	0.187500
asju	ära	teha	1.000000
astuda	samm	tagasi	1.000000
avaldas	arvamust	et	0.600000
avaldas	lootust	et	1.000000
dollarit	mis	on	0.571429
eesmärk	ei	ole	0.600000
eesmärk	ei	olnud	0.400000
eesmärk	on	pakkuda	0.058480
eesmärk	on	et	0.040936
eesmärk	on	tõsta	0.035088
eesmärk	on	hoida	0.029240
eesmärk	on	tuua	0.029240
eesmärk	on	anda	0.023392
eesmärk	on	ikkagi	0.023392
eesmärk	on	jõuda	0.023392
eesmärk	on	see	0.023392
eesmärk	on	teha	0.023392
eesmärk	on	näidata	0.023392
eesmärk	on	olla	0.017544
eesmärk	on	lõpetada	0.017544
eesmärk	on	luua	0.017544
eesmärk	on	saada	0.017544
eesmärk	on	kaitsta	0.017544
eesmärk	on	olnud	0.017544
eesmärk	on	toetada	0.017544
elavad	inimesed	on	0.666667
elektrit	ei	ole	0.600000
eluga	edasi	minna	0.666667
elus	ja	terve	0.333333
em	il	on	0.131579
enda	ja	teiste	0.500000
enda	kasuks	tööle	0.375000
enda	kasuks	pöörata	0.375000
enda	kontrolli	alla	0.875000
enda	kui	ka	0.625000
enda	kätte	ning	0.500000
enda	peale	võtma	0.400000
enda	sõnul	on	0.121212
enda	üle	uhke	0.500000
endale	aru	et	0.375000
endine	peaminister	ja	0.500000
esimese	astme	kohus	0.600000
esimese	ja	teise	0.823529
esimese	korraga	kui	0.428571
esimese	minuti	jooksul	1.000000
esimest	korda	pärast	0.091743
esimest	korda	elus	0.073394
esimest	korda	ajaloos	0.027523
esimest	korda	on	0.027523
esimest	korda	üle	0.027523
esmaspäeval	et	venemaa	0.151515
esmaspäeval	et	riik	0.090909
eugene	is	toimunud	0.750000
filmi	meedia	ja	1.000000
hilja	kui	mitte	1.000000
hind	ei	ole	0.500000
hind	on	tõusnud	0.080000
hind	on	aastaga	0.053333
hind	on	nüüd	0.040000
hind	on	jõudnud	0.040000
hind	on	kõrge	0.040000
hind	on	sel	0.040000
hind	on	võrreldes	0.040000
hind	on	madal	0.040000
hind	taas	tõusma	0.600000
hoida	sidet	oma	1.000000
hoogu	juurde	anda	0.266667
hoopis	midagi	muud	0.800000
hoopis	seda	et	0.800000
hoopis	teine	kui	0.375000
hüppas	meetrit	ja	0.600000
i	kui	ka	1.000000
i	küsimusele	kas	1.000000
i	sõnul	on	0.571429
ida	ja	lõuna	0.571429
iga	aastaga	aina	0.272727
iga	asi	mida	0.500000
iga	hinna	eest	1.000000
iga	inimene	kes	0.187500
iga	kord	kui	0.513514
iga	lapse	kohta	0.800000
iga	nelja	aasta	0.571429
iga	päev	toob	0.034783
iga	päev	ja	0.034783
iga	päev	ei	0.026087
iga	päev	iga	0.026087
iga	päev	on	0.026087
igaühel	on	oma	0.444444
inimest	aastane	mees	0.625000
inimest	aastane	naine	0.375000
inimest	kellest	kaks	0.230769
inimest	kellest	neli	0.230769
inimest	nendest	lapsi	0.600000
inimest	päevas	ja	0.937500
inimest	rohkem	kui	1.000000
ise	arvan	et	1.000000
ise	ei	ole	0.156250
ise	ei	näe	0.093750
ise	kui	ka	0.500000
ise	on	seda	0.096774
ise	on	öelnud	0.096774
ise	selle	eest	0.200000
ise	ära	teha	0.600000
ise	ütles	et	0.750000
ise	ütlevad	et	1.000000
iseenesest	ei	ole	0.500000
jah	ma	arvan	0.400000
jah	meil	on	0.666667
jah	see	on	0.388889
jah	see	oli	0.222222
juba	aasta	aega	0.230769
juba	aasta	alguses	0.230769
juba	aasta	tagasi	0.230769
juba	aastaid	tagasi	0.142857
juba	aastaid	ja	0.114286
juba	aastal	ja	0.187500
juba	aastast	saadik	0.375000
juba	aastat	tagasi	0.363636
juba	alates	aastast	0.600000
juba	ammu	et	0.116279
juba	ammu	kuid	0.069767
juba	eelmise	aasta	0.750000
juba	eelmisel	aastal	0.588235
juba	eelmisel	nädalal	0.176471
juba	eelmisel	kuul	0.176471
juba	enam	kui	1.000000
juba	enne	sõja	0.096774
juba	enne	sõda	0.096774
juba	enne	kui	0.096774
juba	järgmise	nädala	0.555556
juba	järgmisel	nädalal	0.440000
juba	järgmisel	aastal	0.440000
juba	kaheksa	aastat	0.555556
juba	kaks	aastat	0.250000
juba	kaks	nädalat	0.150000
juba	kaks	korda	0.150000
juba	kaks	kuud	0.150000
juba	kokku	lepitud	0.800000
juba	kolm	aastat	0.235294
juba	kolm	nädalat	0.176471
juba	kolmandat	aastat	0.500000
juba	kuu	aega	0.500000
juba	liiga	hilja	0.333333
juba	mitu	aastat	0.500000
juba	mitu	kuud	0.312500
juba	mõnda	aega	1.000000
juba	möödunud	aasta	0.500000
juba	neli	aastat	0.428571
juba	paar	aastat	0.375000
juba	palju	aastaid	0.375000
juba	pikka	aega	1.000000
juba	pool	aastat	1.000000
juba	praegu	on	0.145833
juba	praegu	et	0.083333
juba	päris	pikalt	0.272727
juba	rohkem	kui	1.000000
juba	sel	nädalal	0.300000
juba	sel	suvel	0.200000
juba	sel	aastal	0.150000
juba	selle	aasta	0.333333
juba	siis	kui	0.625000
juba	teist	korda	0.600000
juba	teist	aastat	0.333333
juba	tol	ajal	1.000000
juba	tuttavaks	saanud	1.000000
juba	täna	õhtul	0.200000
juba	tükk	aega	1.000000
juba	varem	oli	0.096774
juba	viis	aastat	0.636364
juba	väga	palju	0.333333
juba	vähemalt	aastat	0.500000
juba	üle	aasta	0.205128
juba	üle	kümne	0.102564
juba	üle	kuu	0.076923
juhtis	aastane	mees	0.857143
juhtis	aastane	naine	0.142857
juhtis	tähelepanu	et	0.400000
juhtis	tähelepanu	sellele	0.300000
juuli	alguses	toimunud	0.750000
järgmisele	tasemele	viia	1.000000
jääb	küsimus	kas	1.000000
jääb	mulje	et	0.733333
jäänud	mulje	et	1.000000
jäänud	on	veel	0.750000
kaheks	ja	pooleks	1.000000
kaheks	kuuks	vahi	1.000000
kaheksa	aasta	jooksul	0.666667
kaheksa	aastat	tagasi	0.500000
kaheksa	ja	pool	0.600000
kaheksa	parema	seas	0.444444
kaheksa	parema	sekka	0.333333
kahju	ei	ole	0.600000
kahju	et	me	0.100000
kahju	et	see	0.100000
kahjuks	ei	ole	0.307692
kahjuks	ei	õnnestunud	0.102564
kahjuks	ei	suutnud	0.076923
kahjuks	ei	saanud	0.076923
kahjuks	on	see	0.300000
kaotas	protsenti	ja	1.000000
kaotuse	vastu	võtma	1.000000
kasuks	tööle	panna	1.000000
kasuks	viskas	punkti	0.571429
kasvas	eelmisel	aastal	1.000000
kasvas	möödunud	aastal	0.750000
kaua	see	aega	0.571429
kaua	võtab	aega	1.000000
keda	ja	kuidas	0.600000
kedagi	kes	on	0.214286
kell	sõitis	aastane	1.000000
kell	toimus	õnnetus	0.666667
kelle	arvele	jäi	0.714286
kelle	jaoks	on	0.333333
kelle	jaoks	oli	0.166667
kelle	jaoks	see	0.125000
kelle	käe	all	1.000000
kelle	käes	on	1.000000
kelle	seas	on	1.000000
kelle	sõnul	on	0.326531
kelle	sõnul	ei	0.142857
kelle	sõnul	oli	0.061224
kelle	sõnul	sai	0.061224
kellel	ei	ole	1.000000
kellel	on	suur	0.034091
kellel	on	väga	0.034091
kellel	on	juba	0.034091
kellel	on	vaja	0.034091
kellest	neli	olid	0.571429
kellest	paljud	on	0.600000
kellest	üks	oli	0.500000
keskmine	hind	on	0.277778
keskmine	hind	oli	0.277778
kinni	ja	kui	0.120000
kinni	neli	meest	1.000000
kinni	panna	ja	0.333333
kirik	ei	ole	1.000000
kirjutab	et	venemaa	0.150000
kirjutab	et	euroopa	0.150000
kliendid	kes	on	0.600000
klubi	otsus	mitte	1.000000
kohaliku	aja	järgi	1.000000
kohta	ei	ole	0.428571
kohta	et	kui	0.103448
kohta	haiglasse	sattunud	1.000000
kohta	midagi	öelda	0.600000
kohta	mis	on	0.300000
kohta	päris	palju	1.000000
kohta	võib	öelda	0.600000
kohta	öeldakse	et	1.000000
kokkulepet	ei	ole	0.833333
kolm	aastat	tagasi	0.428571
kolm	aastat	ja	0.085714
kolm	isiklikku	viga	1.000000
kolm	ja	pool	0.666667
kolm	korda	rohkem	0.093750
kolm	korda	nädalas	0.093750
kolm	korda	ja	0.093750
kolm	kuni	neli	0.750000
kolm	miljonit	dollarit	0.600000
kolm	minutit	hiljem	0.500000
kolm	neli	päeva	0.235294
kolm	neli	kuud	0.235294
kolm	nädalat	tagasi	0.285714
kolm	päeva	tagasi	0.176471
kolm	või	neli	0.454545
kolm	või	enam	0.272727
kolm	võitu	ja	0.888889
kolmanda	koha	saanud	0.240000
kolmanda	koha	peale	0.120000
kolmandal	kohal	on	0.388889
kolmandat	aastat	järjest	0.777778
kord	kui	ta	0.156250
kord	kui	nad	0.125000
korraga	ära	rääkida	0.750000
kuid	ei	ole	0.142857
kuid	ei	saanud	0.085714
kuid	ei	tee	0.085714
kuid	ka	see	0.208333
kuid	kahjuks	pole	0.250000
kuid	kaotas	siis	0.500000
kuid	keegi	ei	0.750000
kuid	kindlasti	on	0.250000
kuid	kinnitas	et	1.000000
kuid	kui	see	0.121212
kuid	lõpuks	jäi	0.300000
kuid	ma	ei	0.428571
kuid	me	ei	0.238095
kuid	me	peame	0.190476
kuid	meil	on	1.000000
kuid	mitte	nii	0.151515
kuid	mitte	kõik	0.121212
kuid	nad	ei	0.238095
kuid	nad	on	0.142857
kuid	nüüd	on	0.321429
kuid	nüüd	ei	0.107143
kuid	nüüdseks	on	1.000000
kuid	oluline	on	1.000000
kuid	ometi	on	0.500000
kuid	on	ka	0.281250
kuid	paraku	ei	0.333333
kuid	pole	veel	0.250000
kuid	praegu	on	0.461538
kuid	pärast	seda	0.500000
kuid	samal	ajal	0.923077
kuid	samas	on	0.142857
kuid	seda	ei	0.192308
kuid	seda	enam	0.115385
kuid	see	on	0.245614
kuid	see	ei	0.245614
kuid	see	pole	0.087719
kuid	see	oli	0.043860
kuid	see	eest	0.035088
kuid	see	kõik	0.035088
kuid	see	oleks	0.026316
kuid	seekord	jäi	0.500000
kuid	sellegipoolest	on	0.500000
kuid	selleks	et	0.250000
kuid	selleks	on	0.250000
kuid	sellest	hoolimata	0.444444
kuid	seni	pole	0.545455
kuid	siiski	on	0.136364
kuid	siiski	oli	0.136364
kuid	ta	ei	0.394737
kuid	ta	on	0.131579
kuid	tal	on	0.333333
kuid	tal	ei	0.333333
kuid	tegelikult	on	0.421053
kuid	tema	sõnul	0.214286
kuid	tundub	et	1.000000
kuid	viimasel	ajal	0.857143
kuid	võib	olla	0.428571
kuid	õnneks	on	0.500000
kuigi	hooaja	alguses	1.000000
kuigi	ka	seal	0.333333
kuigi	nad	ei	0.333333
kuigi	seda	on	0.500000
kuigi	see	ei	0.153846
kuigi	see	polnud	0.115385
kuigi	see	võib	0.115385
kuigi	ta	on	0.363636
kuigi	tegemist	on	1.000000
kuigi	venemaa	on	0.500000
kuigi	võib	tunduda	0.375000
kuigi	võiks	arvata	0.600000
kuni	kolm	korda	0.500000
kuni	kuue	lapse	0.800000
kuni	m	s	0.666667
kuni	neli	aastat	0.428571
kuni	selleni	välja	0.857143
kust	ja	kuidas	0.750000
kust	see	raha	0.266667
kust	tuleb	see	0.272727
kust	tuleb	raha	0.272727
käest	ei	andnud	0.363636
kätt	ette	ei	0.600000
kõige	eest	mida	0.375000
kõige	enam	on	0.090909
kõige	hullem	on	0.461538
kõige	kallim	on	0.600000
kõige	keerulisem	on	0.714286
kõige	kõrgemal	tasemel	1.000000
kõige	lihtsam	on	0.411765
kõige	lihtsam	ja	0.176471
kõige	olulisem	on	0.344262
kõige	olulisem	et	0.065574
kõige	olulisem	see	0.049180
kõige	parem	on	0.212121
kõige	paremini	välja	0.125000
kõige	rohkem	on	0.075000
kõige	rohkem	vajavad	0.050000
kõige	selle	juures	0.318182
kõige	selle	peale	0.136364
kõige	suurem	probleem	0.138889
kõige	suurem	hirm	0.083333
kõige	tähtsam	on	0.318182
kõige	tähtsam	asi	0.090909
kõik	arvavad	et	1.000000
kõik	asjad	on	0.250000
kõik	asjad	ei	0.250000
kõik	ei	ole	0.200000
kõik	ei	lähe	0.150000
kõik	et	seda	0.206897
kõik	euroopa	liidu	1.000000
kõik	kes	on	0.240000
kõik	kolm	kohtumist	0.333333
kõik	läks	hästi	0.600000
kõik	mida	ma	0.230769
kõik	mis	on	0.122449
kõik	mis	vaja	0.102041
kõik	mis	võimalik	0.102041
kõik	mis	puudutab	0.061224
kõik	mis	ma	0.061224
kõik	need	on	0.160000
kõik	need	kes	0.080000
kõik	need	asjad	0.060000
kõik	need	aastad	0.060000
kõik	nii	nagu	0.272727
kõik	on	väga	0.079137
kõik	on	võimalik	0.050360
kõik	on	korras	0.043165
kõik	on	läinud	0.035971
kõik	on	hästi	0.028777
kõik	on	ju	0.028777
kõik	on	olemas	0.021583
kõik	on	oma	0.021583
kõik	saavad	aru	0.444444
kõik	sai	alguse	0.800000
kõik	see	mis	0.145455
kõik	see	on	0.145455
kõik	see	oli	0.090909
kõik	see	mida	0.054545
kõik	selleks	et	0.933333
kõik	sõltub	sellest	0.500000
kõik	teame	et	0.375000
kõik	teavad	et	0.277778
kõik	väga	hästi	0.230769
kõik	võimaliku	et	0.714286
kümme	aastat	tagasi	0.531915
kümme	aastat	on	0.063830
kümme	võitu	ja	1.000000
kümne	aasta	jooksul	0.462963
kümne	aasta	pärast	0.222222
kümne	aastaga	on	0.625000
kümne	minuti	jooksul	0.333333
kümne	minuti	järel	0.333333
kümne	päeva	jooksul	0.545455
kümne	võidu	ja	1.000000
laenu	tagasi	maksta	1.000000
langes	täna	protsenti	0.500000
lapsed	ei	pea	0.272727
lapsed	ja	noored	0.250000
lapsed	kui	ka	1.000000
lapsed	peavad	jääma	1.000000
lauda	ja	andnud	1.000000
leiab	et	see	0.075000
leiab	ta	et	0.600000
leian	et	see	0.235294
leppida	sellega	et	1.000000
leppima	sellega	et	1.000000
lihtsam	on	teha	0.266667
lihtsam	on	võtta	0.200000
liiga	palju	ei	0.098361
liiga	palju	ja	0.098361
liiga	palju	aega	0.065574
liiga	palju	või	0.065574
liige	ja	endine	0.428571
lootus	on	et	0.800000
lumi	ja	jää	1.000000
lund	ja	jääd	0.300000
lääne	elule	et	0.928571
lööb	kaasa	ka	0.800000
lühikese	aja	jooksul	0.875000
maa	alt	välja	0.750000
mainis	ta	ja	1.000000
maksab	umbes	miljonit	0.800000
meelde	on	jäänud	1.000000
meelde	tuletada	et	0.307692
meelde	tuletada	kui	0.230769
mees	aastane	naine	0.580645
mees	aastane	mees	0.419355
mees	ja	aastane	0.428571
mees	ja	naine	0.238095
mees	kaks	aastast	1.000000
mees	sõitis	otsa	0.555556
mees	või	naine	1.000000
meeste	ja	naiste	0.750000
meeste	kui	naiste	0.500000
meeste	kui	ka	0.500000
meid	ees	ootab	0.600000
meid	enam	ei	0.666667
meid	ootavad	ees	1.000000
meil	ei	ole	0.747573
meil	ei	olnud	0.087379
meil	ei	jää	0.029126
meil	ju	ka	0.375000
meil	kõigil	on	0.642857
meil	olemas	aga	0.600000
meil	oli	vaja	0.071429
meil	oli	väga	0.071429
meil	oli	ka	0.053571
meil	oli	õnne	0.053571
meil	on	vaja	0.067839
meil	on	olnud	0.035176
meil	on	väga	0.030151
meil	on	võimalik	0.030151
meil	on	palju	0.025126
meil	on	ka	0.025126
meil	on	olemas	0.020101
meil	on	siin	0.020101
meil	on	hea	0.017588
meil	on	praegu	0.017588
meil	on	juba	0.015075
meil	on	ju	0.015075
meil	on	nüüd	0.015075
meil	on	veel	0.012563
meil	on	võimalus	0.012563
meil	on	üks	0.012563
meil	on	endiselt	0.010050
meil	on	neid	0.010050
meil	on	seda	0.010050
meil	on	probleem	0.010050
meil	on	üle	0.010050
meil	on	piisavalt	0.010050
meil	on	hetkel	0.010050
meil	on	liiga	0.010050
meil	on	näiteks	0.010050
meil	on	nii	0.007538
meil	on	endal	0.007538
meil	on	seal	0.007538
meil	on	suur	0.007538
meil	on	ikkagi	0.007538
meil	peab	olema	1.000000
meil	peaks	olema	0.750000
meil	praegu	on	0.500000
meil	täna	on	0.666667
midagi	ei	ole	0.152542
midagi	ei	muutu	0.101695
midagi	ei	tea	0.084746
midagi	ei	juhtu	0.067797
midagi	ei	juhtunud	0.067797
midagi	ei	teadnud	0.050847
midagi	ette	võtta	0.461538
midagi	ette	ei	0.192308
midagi	lihtsalt	ei	1.000000
midagi	mida	ma	0.277778
midagi	mida	me	0.166667
midagi	mis	on	0.227273
midagi	muud	kui	0.179487
midagi	muud	ei	0.102564
midagi	muud	teha	0.102564
midagi	muud	peale	0.076923
midagi	muud	üle	0.076923
midagi	on	valesti	0.176471
midagi	peale	hakata	0.727273
midagi	pole	teha	0.466667
midagi	pole	muutunud	0.200000
midagi	see	on	0.666667
midagi	sellist	mida	0.254237
midagi	sellist	mis	0.118644
midagi	sellist	et	0.067797
midagi	suurt	ja	0.333333
midagi	teha	ei	0.304348
midagi	täiesti	uut	1.000000
midagi	uut	ja	0.173913
midagi	valesti	teinud	0.307692
midagi	välja	tuua	0.250000
midagi	ära	teha	0.450000
mil	moel	see	0.272727
millel	ei	ole	0.750000
milles	me	elame	0.750000
milles	on	juttu	0.214286
millest	me	ei	0.333333
millest	võtab	osa	1.000000
millest	üks	on	0.555556
mind	ei	huvita	0.400000
mingid	asjad	on	0.833333
minuti	ja	sekundiga	0.658537
minuti	ja	kahe	0.073171
minuti	ja	seitsme	0.073171
minutit	enne	kohtumise	0.294118
minutit	enne	lõppu	0.294118
minutit	enne	mängu	0.176471
minutit	ja	sekundit	0.500000
minutit	mille	jooksul	1.000000
mis	aitavad	teil	0.300000
mis	andis	talle	0.214286
mis	andis	mulle	0.214286
mis	annab	võimaluse	0.233333
mis	annab	neile	0.133333
mis	asi	see	0.400000
mis	asi	on	0.400000
mis	edasi	saab	0.545455
mis	eelmisel	aastal	1.000000
mis	ei	ole	0.319672
mis	ei	tähenda	0.065574
mis	ei	oleks	0.040984
mis	ei	pruugi	0.032787
mis	ei	anna	0.024590
mis	ei	vasta	0.024590
mis	ei	kuulu	0.024590
mis	hakkab	juhtuma	0.454545
mis	juhtub	siis	0.454545
mis	juhtub	kui	0.272727
mis	jutt	see	1.000000
mis	kõige	olulisem	0.411765
mis	kõige	tähtsam	0.411765
mis	ma	olen	0.107143
mis	ma	seal	0.107143
mis	maailmas	toimub	0.600000
mis	me	teeme	0.137931
mis	meid	ees	0.375000
mis	meil	on	0.464286
mis	meil	praegu	0.107143
mis	minu	arvates	0.500000
mis	mulle	meeldib	0.375000
mis	neil	on	0.363636
mis	näeb	ette	0.625000
mis	näitab	et	0.555556
mis	näitavad	et	1.000000
mis	nüüd	saab	0.272727
mis	oleks	kui	0.125000
mis	oleks	võinud	0.104167
mis	oli	enne	0.053333
mis	oli	üks	0.053333
mis	oli	tema	0.040000
mis	on	väga	0.025099
mis	on	ka	0.025099
mis	on	seotud	0.023778
mis	on	selle	0.022457
mis	on	nende	0.021136
mis	on	juba	0.021136
mis	on	olnud	0.021136
mis	on	tema	0.017173
mis	on	meie	0.014531
mis	on	see	0.013210
mis	on	üks	0.010568
mis	on	need	0.010568
mis	on	hea	0.010568
mis	on	oluline	0.010568
mis	on	tegelikult	0.010568
mis	on	teie	0.010568
mis	on	nii	0.009247
mis	on	umbes	0.009247
mis	on	toimunud	0.009247
mis	on	meil	0.009247
mis	on	aga	0.009247
mis	on	kõige	0.007926
mis	on	minu	0.007926
mis	on	mõeldud	0.007926
mis	on	tehtud	0.006605
mis	on	jäänud	0.006605
mis	on	meile	0.006605
mis	on	rohkem	0.006605
mis	on	tõesti	0.006605
mis	on	talle	0.006605
mis	peaks	aitama	0.192308
mis	praegu	toimub	0.250000
mis	puudutab	näiteks	0.153846
mis	puutub	aga	0.500000
mis	saab	edasi	0.166667
mis	saab	siis	0.142857
mis	saab	aga	0.095238
mis	saama	hakkab	1.000000
mis	seal	on	0.210526
mis	seal	ikka	0.157895
mis	see	on	0.178571
mis	see	põhjus	0.107143
mis	see	oli	0.107143
mis	seni	on	0.500000
mis	sest	et	1.000000
mis	siin	on	0.230769
mis	siis	kui	0.133333
mis	siis	saab	0.133333
mis	teeb	selle	0.142857
mis	teeb	kokku	0.107143
mis	tegelikult	toimub	0.375000
mis	tema	sõnul	0.300000
mis	toimub	praegu	0.142857
mis	toimub	meie	0.107143
mis	toob	kaasa	0.142857
mis	tunne	on	0.636364
mis	tähendab	et	0.781250
mis	tähendab	seda	0.062500
mis	tähendas	et	1.000000
mis	täpsemalt	juhtus	0.600000
mis	võib	olla	0.242424
mis	võib	juhtuda	0.075758
mis	võib	tulla	0.045455
mis	võib	kaasa	0.045455
mis	võiks	olla	0.363636
mis	võivad	olla	0.176471
mis	ühel	või	0.500000
mis	ühelt	poolt	1.000000
mis	ütleb	et	0.800000
mitte	ainult	ei	0.094595
mitte	ainult	vene	0.040541
mitte	ainult	meie	0.040541
mitte	hiljem	kui	1.000000
mitte	keegi	ei	0.500000
mitte	keegi	teine	0.105263
mitte	kunagi	ei	0.185185
mitte	kunagi	enam	0.111111
mitte	kõik	ei	0.454545
mitte	midagi	ei	0.129630
mitte	midagi	teha	0.074074
mitte	midagi	ette	0.055556
mitte	midagi	aru	0.055556
mitte	midagi	muud	0.055556
mitte	mingil	juhul	1.000000
mitte	nii	väga	0.173913
mitte	nii	palju	0.173913
mitte	see	et	0.571429
mitte	sellepärast	et	1.000000
mitte	väga	palju	0.250000
moel	või	teisel	1.000000
mu	armas	rahvas	1.000000
mujal	maailmas	on	0.277778
muret	see	et	0.750000
muu	hulgas	ka	0.130435
muu	hulgas	on	0.101449
mäng	on	kavas	0.150000
mõelnud	sellele	et	0.600000
mõju	ei	ole	0.500000
möödunud	aasta	lõpus	0.259259
möödunud	aasta	sama	0.111111
möödunud	aasta	oli	0.111111
möödunud	aastaga	võrreldes	1.000000
möödunud	aastal	oli	0.147059
möödunud	nädala	neljapäeval	0.300000
nad	arvavad	et	1.000000
nad	ei	ole	0.164948
nad	ei	saa	0.087629
nad	ei	suuda	0.067010
nad	ei	taha	0.056701
nad	ei	pea	0.041237
nad	ei	tea	0.036082
nad	ei	olnud	0.036082
nad	ei	suutnud	0.025773
nad	ei	peaks	0.025773
nad	ei	anna	0.020619
nad	ei	saanud	0.020619
nad	ei	soovi	0.015464
nad	ei	hakka	0.015464
nad	ei	oska	0.015464
nad	lihtsalt	ei	0.750000
nad	on	valmis	0.047826
nad	on	oma	0.039130
nad	on	olnud	0.034783
nad	on	juba	0.026087
nad	on	väga	0.026087
nad	on	teinud	0.026087
nad	on	selle	0.021739
nad	on	nii	0.017391
nad	on	nõus	0.017391
nad	on	seal	0.017391
nad	on	kindlasti	0.013043
nad	on	saanud	0.013043
nad	on	siin	0.013043
nad	on	kõige	0.013043
nad	on	ise	0.013043
nad	saavad	oma	0.111111
nad	seda	teevad	0.166667
nad	teavad	et	0.750000
nad	teevad	seda	0.333333
nad	tegid	seda	0.444444
nad	tunnevad	end	0.400000
nad	ütlesid	et	0.714286
nad	ütlevad	et	0.428571
naised	ja	lapsed	0.384615
naised	ja	mehed	0.307692
naised	kes	on	0.750000
nakatunud	inimest	kellest	0.347826
nakatunud	inimest	aastane	0.347826
neil	ei	ole	0.620690
neil	on	vaja	0.069231
neil	on	palju	0.046154
neil	on	õigus	0.038462
neil	on	ka	0.030769
neil	on	olnud	0.030769
neil	on	väga	0.030769
neil	on	juba	0.030769
neil	on	veel	0.023077
neist	ei	ole	0.200000
neist	kes	on	0.333333
niipea	kui	võimalik	0.250000
nimesid	ei	ole	0.800000
no	selgita	kusagil	1.000000
nähtud	ei	ole	1.000000
näol	oli	tegemist	0.600000
näol	on	tegemist	0.518519
näol	on	tegu	0.296296
nüüd	aga	on	0.100000
nüüd	ei	saa	0.400000
nüüd	kui	me	0.166667
nüüd	kui	on	0.166667
nüüd	me	näeme	0.272727
nüüd	olen	siin	0.300000
nüüd	on	see	0.088235
nüüd	on	ta	0.054622
nüüd	on	aga	0.046218
nüüd	on	kõik	0.037815
nüüd	on	aeg	0.037815
nüüd	on	nad	0.033613
nüüd	on	meil	0.029412
nüüd	on	küsimus	0.029412
nüüd	on	selge	0.021008
nüüd	on	ka	0.021008
nüüd	on	neid	0.012605
nüüd	on	õige	0.012605
nüüd	on	selleks	0.012605
nüüd	on	käes	0.012605
nüüd	on	sellest	0.012605
nüüd	on	mu	0.012605
nüüd	on	nende	0.012605
nüüd	on	olukord	0.012605
nüüd	selgub	et	1.000000
nüüd	tuleb	see	0.111111
nüüdseks	on	ta	0.114286
ole	aga	see	0.073171
ole	ega	tule	0.500000
ole	enam	võimalik	0.075472
ole	enam	ammu	0.056604
ole	euroopa	liidu	0.750000
ole	kahtlust	et	0.833333
ole	kindel	kas	0.444444
ole	kindlasti	see	0.187500
ole	koht	kus	1.000000
ole	kunagi	olnud	0.181818
ole	kunagi	nii	0.136364
ole	küll	aga	0.250000
ole	midagi	teha	0.133333
ole	mitte	mingisugust	0.129032
ole	mitte	midagi	0.129032
ole	mitte	kunagi	0.096774
ole	mitte	ainult	0.096774
ole	mitte	mingit	0.096774
ole	nii	palju	0.228571
ole	nii	et	0.171429
ole	nii	lihtne	0.114286
ole	nii	suur	0.085714
ole	see	võimalik	0.085106
ole	see	kes	0.063830
ole	selge	kas	0.571429
ole	selles	et	0.384615
ole	teada	kas	0.444444
ole	tema	sõnul	0.400000
ole	täpselt	teada	1.000000
ole	vahet	kas	0.500000
ole	veel	teada	0.173913
ole	veel	nii	0.043478
ole	väga	palju	0.181818
ole	väga	suur	0.136364
ole	võib	olla	0.800000
ole	võimalik	enam	0.071429
ole	võimalik	teha	0.071429
ole	võimalik	neid	0.053571
ole	ütles	ta	0.375000
olema	ei	saa	0.750000
olema	läbi	mõeldud	1.000000
olema	nii	et	0.230769
olema	selline	et	0.600000
olema	valmis	selleks	0.166667
olema	valmis	ka	0.133333
olema	valmis	et	0.100000
oleme	kogu	aeg	1.000000
oleme	mõelnud	et	0.600000
oleme	näinud	et	0.266667
oleme	olukorras	kus	1.000000
oleme	siin	et	0.500000
oleme	teinud	ka	0.235294
oleme	teinud	ja	0.176471
oleme	valmis	tegema	0.090909
oleme	veendunud	et	1.000000
oleme	väga	mures	0.142857
oli	ainult	üks	0.750000
oli	eelmise	aasta	0.375000
oli	eelmisel	aastal	0.500000
oli	eelmisel	nädalal	0.375000
oli	esimest	korda	1.000000
oli	et	me	0.111111
oli	hea	meel	0.178571
oli	ikkagi	see	0.200000
oli	ja	rünnak	0.187500
oli	juba	enne	0.103448
oli	juba	varem	0.086207
oli	juba	raskem	0.051724
oli	juba	liiga	0.051724
oli	jäänud	veel	0.750000
oli	ka	see	0.070000
oli	ka	neid	0.040000
oli	ka	minu	0.040000
oli	ka	põhjus	0.030000
oli	ka	väga	0.030000
oli	kogu	aeg	0.545455
oli	kohal	ka	1.000000
oli	kokkulepe	et	1.000000
oli	kõike	muud	1.000000
oli	meie	jaoks	0.285714
oli	meile	teada	0.375000
oli	minu	jaoks	0.450000
oli	mu	esimene	0.500000
oli	möödunud	aastal	0.333333
oli	neid	protsenti	0.300000
oli	nii	suur	0.108108
oli	nii	palju	0.081081
oli	nii	tugev	0.081081
oli	näha	et	0.625000
oli	näha	kuidas	0.125000
oli	olemas	juba	0.750000
oli	oluline	et	0.625000
oli	omal	ajal	0.750000
oli	palju	parem	0.142857
oli	palju	aga	0.142857
oli	palju	ja	0.142857
oli	parem	kui	0.333333
oli	punkti	toonud	1.000000
oli	päeva	keskmine	0.833333
oli	päris	hea	0.210526
oli	päris	suur	0.157895
oli	raske	välja	0.200000
oli	rohkem	kui	0.600000
oli	sama	lugu	0.500000
oli	samal	ajal	1.000000
oli	see	et	0.176471
oli	see	karjääri	0.039216
oli	see	protsenti	0.026144
oli	see	kõige	0.026144
oli	see	miljonit	0.019608
oli	see	viies	0.019608
oli	see	kes	0.019608
oli	see	esimene	0.019608
oli	see	väga	0.019608
oli	see	juba	0.019608
oli	sel	nädalal	0.230769
oli	selge	et	0.772727
oli	selleks	ajaks	0.214286
oli	selles	osas	0.428571
oli	selles	mõttes	0.428571
oli	selline	et	0.400000
oli	suur	kui	0.150000
oli	ta	ka	0.060000
oli	ta	oma	0.060000
oli	teada	et	0.909091
oli	tegemist	juba	0.166667
oli	tema	sõnul	0.225806
oli	tema	jaoks	0.129032
oli	tunne	et	0.461538
oli	tunne	hea	0.230769
oli	väga	raske	0.122642
oli	väga	hea	0.094340
oli	väga	suur	0.047170
oli	väga	huvitav	0.037736
oli	väga	lihtne	0.037736
oli	väga	keeruline	0.037736
oli	väga	palju	0.028302
oli	väga	tore	0.028302
oli	väga	eriline	0.028302
oli	väga	meeldiv	0.028302
oli	väga	oluline	0.028302
oli	väiksem	kui	0.666667
oli	võib	olla	1.000000
oli	üks	suur	0.129032
oli	üks	neist	0.096774
oli	üks	viimaseid	0.096774
olid	head	ja	0.500000
olid	kohal	ka	0.300000
olid	vastavalt	ja	1.000000
olid	väga	tublid	0.136364
olla	ei	ole	0.241379
olla	ei	saa	0.103448
olla	ja	siis	0.115385
olla	kindel	et	0.700000
olla	kindlad	et	0.888889
olla	mitte	nii	0.600000
olla	nii	et	0.166667
olla	nii	lihtne	0.166667
olla	on	see	0.200000
olla	see	et	0.181818
olla	see	on	0.151515
olla	sellepärast	et	0.750000
olla	selles	et	0.666667
olla	suurem	kui	0.750000
olla	väga	palju	0.166667
olukorda	kus	me	0.117647
olukorda	kus	keegi	0.088235
olukorda	kus	ta	0.088235
olukorda	kus	meil	0.088235
olukorras	ei	ole	0.428571
olukorras	ei	saa	0.214286
olukorras	kus	meil	0.071429
oluline	et	me	0.100000
oluline	et	ta	0.050000
oluline	et	kõik	0.050000
oluline	mõista	et	1.000000
oluline	on	see	0.171053
oluline	on	et	0.144737
oluline	on	ka	0.105263
oluline	on	mitte	0.039474
oluline	osa	on	0.545455
oluline	roll	on	0.428571
oluline	see	et	0.500000
oluline	selleks	et	1.000000
oluline	sest	see	0.272727
olulisem	küsimus	on	1.000000
olulisem	on	et	0.250000
olulisem	on	see	0.250000
olulisem	see	et	1.000000
omakorda	ehk	protsenti	1.000000
omakorda	tähendab	et	0.666667
omaks	võtnud	ja	0.600000
ometi	ei	ole	0.130435
oodata	ei	ole	0.357143
oodata	kuni	kraadi	0.230769
oodata	veidi	alla	0.571429
ootavad	meid	ees	0.750000
osa	ei	võta	0.428571
osa	neist	on	0.272727
osa	sellest	on	0.238095
otsus	ei	ole	0.300000
otsus	mitte	lubada	1.000000
otsus	on	tehtud	0.142857
otsustas	täna	et	0.750000
paari	aasta	jooksul	0.473684
paari	aasta	pärast	0.263158
paari	aasta	eest	0.157895
paari	kuu	jooksul	0.636364
paari	nädala	jooksul	0.520000
paari	nädala	pärast	0.200000
paari	nädala	eest	0.200000
paari	päeva	pärast	0.500000
paari	päeva	jooksul	0.416667
paari	tunni	jooksul	0.500000
paari	tunni	pärast	0.375000
pakkus	välja	et	0.666667
paljudele	teistele	küsimustele	0.750000
palub	kõigil	kes	0.714286
panna	ei	saa	0.500000
peame	aru	saama	1.000000
peame	ka	ise	0.500000
peame	mõistma	et	0.625000
peame	olema	valmis	0.466667
peame	seda	tegema	0.250000
peame	silmas	pidama	0.666667
peame	õigeks	et	1.000000
peeti	naiste	jalgpalli	1.000000
perega	aega	veeta	0.750000
pidada	ütles	ta	1.000000
piisavalt	tugev	et	0.750000
plaani	ei	ole	0.500000
polnud	kunagi	midagi	0.500000
poole	aasta	jooksul	0.521739
poole	aasta	pärast	0.173913
poole	pealt	on	0.190476
poole	pealt	ja	0.142857
poole	tunni	pärast	0.500000
probleeme	ei	ole	0.300000
probleemiks	see	et	0.833333
päeva	jooksul	on	0.550459
päeva	jooksul	haiglasse	0.027523
päeva	järjest	kui	0.600000
päeva	keskmine	hind	0.833333
päeva	lõpuks	on	0.187500
päris	hästi	aga	0.222222
päris	hästi	hakkama	0.166667
päris	hästi	aru	0.166667
päris	kindlasti	ei	0.571429
päris	nii	nagu	0.363636
päris	palju	on	0.121951
päris	rahule	ei	1.000000
päris	täpselt	seda	0.272727
pühapäeval	ja	esmaspäeval	0.750000
pühapäeval	on	kavas	0.444444
raha	ei	ole	0.357143
raha	on	vaja	0.150000
rahul	ei	ole	0.833333
rahule	ei	jäänud	0.777778
ratas	ütles	et	1.000000
reaalsus	on	see	0.750000
räägib	ka	sellest	0.666667
räägib	sellest	kuidas	0.500000
räägib	sellest	et	0.250000
rääkida	ei	saa	0.200000
rääkida	sellest	mis	0.444444
rääkida	siis	kui	0.333333
rääkimata	sellest	et	1.000000
sa	ei	pea	0.131579
sa	ei	saa	0.105263
sa	ei	taha	0.092105
sa	ei	tea	0.065789
sa	ei	suuda	0.065789
sa	ei	ole	0.052632
sa	ei	tunne	0.052632
sa	ei	tohiks	0.039474
sa	näed	et	0.600000
sa	saad	selle	0.176471
sa	tahad	et	0.250000
sa	tead	et	0.636364
sa	tuled	too	1.000000
sa	täiesti	käest	1.000000
saab	aru	et	0.727273
saab	euroopa	liidu	0.600000
saab	ja	peab	0.214286
saab	jälgida	ka	0.666667
saab	ka	tulevikus	0.096774
saab	kaasa	elada	0.500000
saab	kuulata	alates	0.500000
saab	läbi	ka	0.272727
saab	lähemalt	kuulata	0.500000
saab	meie	suvi	0.750000
saab	olema	väga	0.114754
saab	olema	nii	0.049180
saab	seda	teha	0.266667
saab	see	olema	0.500000
saab	selgeks	et	0.500000
saab	siis	kui	0.375000
saab	soovi	korral	1.000000
saab	ta	rohkem	0.136364
saab	teha	ainult	0.130435
saab	öelda	et	0.769231
saada	aga	see	0.250000
saada	kui	palju	0.200000
saada	mis	on	0.454545
saame	seda	teha	0.500000
saame	teha	on	0.444444
saame	öelda	et	0.833333
saar	ütles	et	0.600000
sai	alguse	sellest	0.190476
sai	alguse	juba	0.142857
sai	kirja	koha	0.166667
sai	politsei	teate	0.750000
sai	selgeks	et	0.785714
sai	sellega	hakkama	0.625000
sai	teada	et	1.000000
sai	teise	koha	1.000000
sai	täna	hommikul	0.500000
sai	ühe	võidu	1.000000
samamoodi	on	see	0.200000
samas	ei	ole	0.304348
samas	ei	saa	0.108696
samas	kui	me	0.095238
samas	ma	ei	0.500000
samas	on	ka	0.120482
samas	on	see	0.108434
samas	on	selge	0.072289
samas	on	väga	0.036145
samas	tõi	ta	1.000000
samm	õiges	suunas	1.000000
samuti	aitab	see	0.750000
samuti	ei	ole	0.290323
samuti	ei	saa	0.129032
samuti	oli	ta	0.333333
samuti	on	kavas	0.064935
samuti	on	keelatud	0.038961
samuti	on	ta	0.038961
samuti	rääkis	ta	1.000000
seaduse	järgi	on	0.272727
seadust	ning	paneb	1.000000
seal	ei	ole	0.472222
seal	ei	olnud	0.083333
seal	kus	on	0.206897
seal	kus	ta	0.103448
seal	on	väga	0.083333
seal	on	ka	0.070513
seal	on	palju	0.064103
seal	on	see	0.032051
seal	on	kõik	0.032051
seal	on	kolm	0.025641
seal	on	olnud	0.019231
seal	on	mõned	0.019231
seal	on	ju	0.019231
seal	on	kuus	0.019231
seal	sees	on	0.500000
seal	taga	on	0.272727
seega	ei	ole	0.205882
seega	ei	saa	0.205882
seega	ei	pea	0.117647
seega	ma	arvan	0.428571
seega	ma	ei	0.428571
seega	on	tegu	0.075472
seega	on	ka	0.056604
sel	aastal	on	0.171598
sel	aastal	olnud	0.041420
sel	aastal	ei	0.041420
sel	aastal	oma	0.023669
sel	aastal	ees	0.017751
sel	aastal	pole	0.017751
sel	aastal	veel	0.017751
sel	aastal	saab	0.017751
sel	aastal	juba	0.017751
sel	ajal	kui	0.243902
sel	ajal	oli	0.121951
sel	hetkel	kui	0.172414
sel	juhul	tuleb	0.103448
sel	korral	on	0.142857
sel	korral	ei	0.081633
sel	mm	il	1.000000
sel	nädalal	on	0.091603
sel	nädalal	et	0.061069
sel	nädalal	jõuab	0.030534
sel	nädalal	peetakse	0.030534
sel	nädalal	ja	0.022901
sel	nädalal	ka	0.022901
sel	nädalal	külas	0.022901
sel	nädalal	toimub	0.022901
sel	nädalal	oodata	0.022901
sel	nädalavahetusel	toimub	0.181818
sel	nädalavahetusel	on	0.136364
sel	põhjusel	et	0.500000
sel	põhjusel	on	0.250000
sel	teemal	ka	0.121212
selgelt	näha	et	0.800000
selgelt	välja	öelnud	0.272727
selgelt	öelnud	et	0.833333
selgitada	välja	kas	0.375000
selgub	et	ta	0.102564
selle	aasta	alguses	0.103448
selle	aasta	esimese	0.103448
selle	aasta	lõpuni	0.103448
selle	aasta	lõpuks	0.086207
selle	aasta	jooksul	0.086207
selle	aasta	teises	0.068966
selle	aasta	esimeses	0.068966
selle	aja	jooksul	0.764706
selle	ajaga	punkti	0.157895
selle	ajaga	tekib	0.157895
selle	ajaga	on	0.157895
selle	all	silmas	0.333333
selle	asemel	et	0.500000
selle	asemel	hoopis	0.071429
selle	eesmärk	on	0.600000
selle	eest	et	0.398305
selle	eest	ka	0.050847
selle	eest	maksta	0.025424
selle	eest	mida	0.025424
selle	eest	ütles	0.025424
selle	eest	ei	0.025424
selle	hooaja	järel	0.214286
selle	jaoks	et	0.125000
selle	jaoks	on	0.125000
selle	juures	on	0.166667
selle	järgi	et	0.230769
selle	kallal	et	0.428571
selle	koha	peal	0.375000
selle	kohta	et	0.200000
selle	kohta	kuidas	0.118182
selle	kohta	mis	0.100000
selle	kohta	on	0.072727
selle	kohta	mida	0.063636
selle	kohta	kas	0.036364
selle	kohta	kui	0.036364
selle	kohta	meil	0.027273
selle	kohta	miks	0.027273
selle	kõrval	on	0.250000
selle	mõju	on	0.272727
selle	mõte	on	1.000000
selle	nimel	et	0.529412
selle	nimel	tööd	0.058824
selle	nimel	kõvasti	0.044118
selle	nurga	alt	1.000000
selle	nädala	alguses	0.370370
selle	nädala	jooksul	0.148148
selle	nädala	lõpus	0.111111
selle	on	ta	0.250000
selle	osas	on	0.363636
selle	otsuse	teeb	0.103448
selle	peale	et	0.245283
selle	peale	on	0.056604
selle	poolest	et	1.000000
selle	poolt	et	0.750000
selle	pärast	et	0.454545
selle	raha	eest	0.705882
selle	sees	on	0.500000
selle	taga	on	0.437500
selle	tõttu	et	0.307692
selle	töö	eest	0.187500
selle	vastu	et	0.192308
selle	võimaluse	ja	0.333333
selle	üle	et	0.258065
selle	üle	on	0.086022
selle	üle	mis	0.064516
selle	üle	kas	0.064516
selle	üle	milline	0.043011
selle	üle	kes	0.032258
selle	üle	mida	0.032258
selle	üle	kui	0.032258
selle	üle	ei	0.032258
selle	üle	kuidas	0.032258
selle	üle	väga	0.032258
sellele	ei	ole	0.500000
sellele	et	me	0.063291
sellele	et	ta	0.050633
sellele	et	see	0.037975
sellele	et	kui	0.037975
sellele	et	venemaa	0.037975
sellele	kui	palju	0.285714
sellele	kuidas	on	0.150000
sellele	küsimusele	on	0.363636
sellele	milline	on	0.833333
sellele	vaatamata	on	0.400000
selliseid	asju	ei	0.181818
sest	alati	on	1.000000
sest	ei	ole	0.208333
sest	ei	teadnud	0.166667
sest	inimesed	ei	0.277778
sest	inimesed	on	0.222222
sest	inimestel	on	0.600000
sest	keegi	ei	1.000000
sest	kui	ma	0.108108
sest	kui	nad	0.081081
sest	kunagi	ei	0.600000
sest	ma	ei	0.395833
sest	ma	olen	0.062500
sest	me	ei	0.379310
sest	me	oleme	0.137931
sest	meil	on	0.846154
sest	minu	jaoks	0.333333
sest	muidu	ei	0.150000
sest	mul	ei	0.571429
sest	nad	on	0.294118
sest	nad	ei	0.264706
sest	nad	olid	0.088235
sest	need	on	0.440000
sest	neil	on	0.500000
sest	neil	pole	0.300000
sest	nemad	on	0.333333
sest	nüüd	on	0.750000
sest	seal	on	0.458333
sest	seda	on	0.173913
sest	seda	ei	0.130435
sest	see	on	0.389381
sest	see	ei	0.079646
sest	see	oli	0.070796
sest	see	oleks	0.053097
sest	see	võib	0.044248
sest	see	aitab	0.026549
sest	see	pole	0.026549
sest	siin	on	0.750000
sest	siis	on	0.227273
sest	suur	osa	0.750000
sest	ta	on	0.214286
sest	ta	ei	0.190476
sest	ta	tegi	0.071429
sest	tal	on	0.545455
sest	tal	ei	0.272727
sest	teadsin	et	1.000000
sest	tegemist	on	0.777778
sest	tegu	on	0.636364
sest	tegu	oli	0.272727
sest	tundub	et	1.000000
sest	vastasel	juhul	1.000000
siis	eelmise	aasta	1.000000
siis	ei	ole	0.264286
siis	ei	saa	0.114286
siis	ei	oleks	0.057143
siis	ei	olnud	0.042857
siis	ei	tule	0.035714
siis	ei	saanud	0.028571
siis	ei	tasu	0.028571
siis	ei	tohi	0.021429
siis	ei	olegi	0.021429
siis	ei	pruugi	0.021429
siis	ei	hakka	0.021429
siis	ei	peaks	0.021429
siis	ikkagi	on	0.272727
siis	inimesed	on	0.500000
siis	jääb	see	0.300000
siis	ka	see	0.136364
siis	kas	see	0.238095
siis	kindlasti	on	0.166667
siis	kogu	selle	0.750000
siis	kui	ta	0.060071
siis	kui	on	0.056537
siis	kui	see	0.045936
siis	kui	me	0.038869
siis	kui	ma	0.035336
siis	kui	inimene	0.024735
siis	kui	inimesed	0.017668
siis	kui	selleks	0.017668
siis	kui	võib	0.014134
siis	kui	need	0.014134
siis	kui	nad	0.014134
siis	kui	seda	0.014134
siis	kui	seal	0.010601
siis	kui	laps	0.010601
siis	kui	olin	0.010601
siis	kui	meil	0.010601
siis	kui	palju	0.010601
siis	kui	tegemist	0.010601
siis	kui	ei	0.010601
siis	kui	viiruse	0.010601
siis	kuidas	me	0.187500
siis	kõik	on	0.222222
siis	ma	ei	0.142857
siis	ma	arvan	0.112782
siis	ma	mõtlen	0.022556
siis	ma	mõtlesin	0.022556
siis	ma	hakkasin	0.022556
siis	ma	näen	0.022556
siis	ma	sain	0.022556
siis	me	oleme	0.133333
siis	me	ei	0.106667
siis	me	kindlasti	0.066667
siis	me	saame	0.053333
siis	me	peame	0.040000
siis	meil	on	0.470588
siis	miks	mitte	0.400000
siis	muidugi	on	0.333333
siis	mul	on	0.230769
siis	mõelda	et	1.000000
siis	mõtled	et	1.000000
siis	mõtlesin	et	0.750000
siis	nad	ei	0.155556
siis	nad	peavad	0.111111
siis	nad	saavad	0.088889
siis	nad	on	0.088889
siis	need	kes	0.250000
siis	neid	on	0.400000
siis	neil	on	0.857143
siis	nende	jaoks	0.300000
siis	näeb	ta	0.375000
siis	näeme	et	0.666667
siis	nüüd	on	0.380282
siis	nüüd	saab	0.056338
siis	nüüdseks	on	0.666667
siis	oleks	see	0.128205
siis	oleks	seal	0.076923
siis	oli	selge	0.076923
siis	oli	see	0.076923
siis	oli	mul	0.076923
siis	on	see	0.140468
siis	on	ka	0.043478
siis	on	võimalik	0.036789
siis	on	keeruline	0.020067
siis	on	väga	0.020067
siis	on	kõik	0.020067
siis	on	ta	0.016722
siis	on	vaja	0.016722
siis	on	tegemist	0.016722
siis	on	näha	0.016722
siis	on	need	0.013378
siis	on	alati	0.013378
siis	on	hea	0.013378
siis	on	raske	0.013378
siis	on	selle	0.013378
siis	on	meil	0.013378
siis	on	hästi	0.013378
siis	on	nende	0.013378
siis	on	nad	0.013378
siis	on	sul	0.013378
siis	on	suurem	0.010033
siis	on	venemaa	0.010033
siis	on	jälle	0.010033
siis	on	üsna	0.010033
siis	on	kindlasti	0.010033
siis	on	selge	0.010033
siis	on	aeg	0.010033
siis	peab	selle	0.157895
siis	peab	seda	0.157895
siis	peavad	nad	0.500000
siis	praegu	on	0.187500
siis	sa	ei	0.205882
siis	sa	pead	0.117647
siis	saab	ta	0.121212
siis	saab	seda	0.090909
siis	saab	kui	0.090909
siis	saame	ka	0.214286
siis	sain	aru	1.000000
siis	seal	on	0.250000
siis	seda	ei	0.178571
siis	seda	ka	0.107143
siis	see	on	0.244792
siis	see	ei	0.078125
siis	see	võib	0.052083
siis	see	tähendab	0.036458
siis	see	et	0.031250
siis	see	ongi	0.026042
siis	see	pole	0.026042
siis	see	oleks	0.020833
siis	see	peab	0.015625
siis	see	osa	0.015625
siis	see	saab	0.015625
siis	see	oli	0.015625
siis	see	mõjutab	0.015625
siis	see	mõju	0.015625
siis	sel	aastal	0.357143
siis	sel	korral	0.214286
siis	selgub	et	0.600000
siis	selleks	on	0.500000
siis	sellest	kuidas	0.333333
siis	suur	osa	0.750000
siis	ta	on	0.107143
siis	ta	saab	0.071429
siis	ta	läheb	0.053571
siis	ta	ütles	0.053571
siis	ta	ongi	0.053571
siis	tal	on	0.600000
siis	tee	seda	0.600000
siis	tegelikult	on	0.233333
siis	tuleb	see	0.071429
siis	tuleb	seda	0.071429
siis	tuleb	ka	0.071429
siis	tundub	et	1.000000
siis	tundus	et	0.600000
siis	täna	on	0.466667
siis	tänaseks	on	1.000000
siis	usun	et	0.750000
siis	vaatad	et	1.000000
siis	vaatame	edasi	0.300000
siis	võib	olla	0.285714
siis	võib	see	0.126984
siis	võib	ka	0.063492
siis	võiks	seda	0.136364
siis	öeldakse	et	1.000000
siis	ühel	hetkel	0.857143
sinna	sisse	saada	0.200000
soovi	korral	saab	0.235294
soovi	korral	on	0.176471
suhtes	ei	ole	1.000000
suhtes	kui	ka	0.750000
sul	ei	ole	0.923077
sul	on	võimalik	0.061224
sul	peab	olema	1.000000
suurem	kui	kunagi	0.071429
suurem	kui	see	0.071429
suurem	osa	neist	0.171429
suurem	osa	on	0.114286
suurem	osa	inimesi	0.085714
suurem	osa	sellest	0.085714
suurem	probleem	on	0.428571
suurema	osa	oma	0.352941
suurema	osa	ajast	0.176471
suurt	vahet	kas	0.750000
sõda	algas	siis	0.750000
sõda	ei	ole	0.312500
sõda	ja	venemaa	0.136364
sõda	mis	on	0.428571
sõda	on	muutnud	0.090909
sõitis	aastane	mees	0.700000
sõitis	teelt	välja	1.000000
sõjas	kannatada	saanud	1.000000
sõnum	oli	et	0.500000
sõnum	on	see	0.307692
sõnum	on	et	0.230769
süüdi	ei	tunnista	0.600000
tagajärjed	võivad	olla	1.000000
tahame	et	see	0.222222
tahame	seda	et	0.272727
tase	on	väga	0.200000
tead	et	sul	0.300000
teada	anda	et	0.214286
teada	andnud	et	0.857143
teada	ei	ole	0.333333
teada	ei	saa	0.250000
teada	et	ei	0.046296
teada	et	kui	0.037037
teada	et	neil	0.027778
teada	et	on	0.027778
teada	kes	on	0.571429
teada	kui	palju	0.333333
teada	milline	on	0.600000
teada	mis	on	0.181818
teada	mis	saama	0.136364
teada	on	et	0.400000
teada	on	see	0.200000
teatas	eelmisel	nädalal	0.777778
teatas	eile	et	0.888889
teatas	esmaspäeval	et	0.884615
teatas	et	on	0.064516
teatas	et	venemaa	0.056452
teatas	et	riik	0.056452
teatas	et	vene	0.040323
teatas	et	kavatseb	0.032258
teatas	et	nende	0.024194
teatas	et	seoses	0.024194
teatas	et	nad	0.024194
teatas	hiljuti	et	1.000000
teatas	ka	et	0.666667
teatas	laupäeval	et	1.000000
teatas	neljapäeval	et	0.800000
teatas	pühapäeval	et	0.833333
teatas	reedel	et	0.769231
teatas	sel	nädalal	1.000000
teatas	teisipäeval	et	0.733333
teatas	täna	et	0.888889
teatas	varem	et	0.800000
teatas	venemaa	president	0.750000
teda	nii	väga	0.600000
teda	selle	eest	1.000000
teelt	välja	ja	0.500000
teema	ei	ole	0.428571
teema	mis	on	0.272727
teema	on	ka	0.166667
teine	asi	on	0.583333
teine	kohtumine	toimub	0.500000
teine	küsimus	on	0.800000
teine	pool	on	0.277778
teine	põhjus	on	0.666667
teine	võimalus	on	1.000000
teisel	kohal	on	0.192308
teisel	kohal	oli	0.153846
teisel	kohal	olev	0.115385
tekkis	mõte	et	0.333333
tekkis	tunne	et	1.000000
tervise	ja	heaolu	0.777778
tohi	unustada	et	0.500000
tohi	unustada	ka	0.214286
toime	tulla	ja	0.142857
toime	tulla	on	0.107143
toimunud	mm	i	0.500000
toimunud	mm	il	0.500000
tol	ajal	oli	0.222222
toob	endaga	kaasa	1.000000
toob	esile	et	0.600000
toob	ta	välja	1.000000
toob	välja	et	0.880000
toodi	välja	et	0.375000
tulemus	ei	ole	0.600000
tulemus	on	negatiivne	0.176471
tuli	juttu	ka	0.600000
tuli	vastu	võtta	0.875000
tuli	välja	et	0.687500
tunneb	et	on	0.222222
tunni	eest	mis	0.363636
tunni	hind	on	0.600000
tunni	ja	minutiga	0.800000
tunni	kohta	ehk	0.250000
tunni	võrra	edasi	1.000000
tähenda	et	ma	0.080000
tähenda	et	see	0.080000
tähenda	et	me	0.060000
tähenda	et	nad	0.060000
tähenda	et	seda	0.060000
tähenda	seda	et	1.000000
tähenda	see	et	0.400000
tähenda	see	seda	0.200000
tähtis	ei	ole	0.800000
tähtis	on	see	0.285714
tähtis	on	et	0.142857
täiesti	käest	ründas	1.000000
täiesti	loomulik	osa	0.750000
täiesti	uus	olukord	0.375000
täiesti	veendunud	et	1.000000
täna	aastat	hiljem	0.750000
täna	ei	ole	0.318182
täna	hommikul	kell	0.102564
täna	kell	algab	0.230769
täna	me	ei	0.285714
täna	me	oleme	0.214286
täna	oleme	me	0.428571
täna	oli	väga	0.157895
täna	on	see	0.095238
täna	veel	vara	0.285714
täna	õhtul	kell	0.178571
tänase	päeva	jooksul	0.333333
tänu	millele	on	0.500000
tänu	sellele	et	0.200000
tänu	sellele	on	0.090909
tänulik	et	saan	0.307692
tõi	esile	et	0.800000
tõi	ka	välja	0.625000
tõi	lisaks	mängu	0.571429
tõi	näiteks	et	0.800000
tõi	oma	meeskonna	1.000000
tõi	punkti	ja	0.714286
tõi	ta	välja	0.642857
tõi	välja	et	0.795918
tõi	välja	ka	0.081633
tõsi	on	et	0.333333
tõsi	on	see	0.250000
tõusis	teisele	kohale	1.000000
tõusis	täna	protsenti	0.500000
tööd	nii	et	0.833333
tööd	on	vaja	0.115385
tööd	on	tehtud	0.115385
tööd	selle	nimel	0.833333
tööd	tegema	ja	0.428571
tööd	teha	ja	0.096774
tööd	teinud	ja	0.333333
tööd	teinud	et	0.250000
usume	et	see	0.157895
uue	aasta	alguses	0.529412
uue	aasta	esimesel	0.235294
uue	lepingu	osas	1.000000
uue	nädala	alguses	0.636364
uus	ja	huvitav	0.176471
uus	ja	parem	0.176471
uus	juht	on	0.428571
uus	nädal	algab	0.500000
uus	valitsus	on	0.444444
vahe	sisse	ja	0.444444
vajalik	ning	seda	1.000000
vajalik	selleks	et	1.000000
vasta	tõele	et	0.333333
vastasel	juhul	ei	0.200000
vastasel	juhul	on	0.142857
vastasel	juhul	oleks	0.114286
vastasel	juhul	võib	0.085714
vastu	ei	ole	0.243902
vastu	ei	saa	0.243902
vastu	huvi	tundnud	0.300000
vastu	nii	et	1.000000
vastu	on	suur	0.100000
vastu	otsuse	et	0.625000
vastu	pidada	ja	0.428571
vastu	seista	venemaa	0.428571
vastu	võetud	ja	0.333333
vastu	võtta	kaotus	0.195652
vastu	võtta	ja	0.130435
vastus	on	ei	0.250000
vastus	on	et	0.187500
vastus	on	see	0.187500
vastuvõtt	oli	rünnak	0.384615
vastuvõtt	oli	protsenti	0.307692
vastuvõtt	oli	ja	0.230769
veel	eelmise	aasta	0.750000
veel	eelmisel	nädalal	0.375000
veel	ees	ja	0.333333
veel	ei	ole	0.391304
veel	ei	tea	0.115942
veel	ei	saa	0.043478
veel	enne	kui	0.300000
veel	et	kui	0.166667
veel	ja	veel	0.333333
veel	juurde	panna	0.750000
veel	kolm	aastat	0.333333
veel	kord	et	0.380952
veel	kuu	aega	0.571429
veel	kuu	tagasi	0.428571
veel	liiga	vara	0.500000
veel	mõnda	aega	1.000000
veel	mõni	aeg	0.230769
veel	mõni	kuu	0.230769
veel	oma	viimast	0.333333
veel	otsustanud	kas	0.500000
veel	palju	tööd	0.230769
veel	parem	kui	0.600000
veel	pikk	tee	0.500000
veel	rääkida	ei	0.750000
veel	see	et	0.333333
veel	sel	aastal	0.727273
veel	sel	nädalal	0.272727
veel	selge	kas	0.312500
veel	sellel	aastal	0.800000
veel	teada	kas	0.230769
veel	tööd	teha	0.750000
veel	vaid	üks	0.400000
veel	vara	öelda	0.500000
veel	vara	rääkida	0.187500
veel	vastust	saanud	1.000000
veel	vähemalt	kaks	0.187500
veel	öelda	ei	0.444444
veel	ühe	võimaluse	0.157895
veidi	enam	kui	0.923077
veidi	pärast	kella	0.750000
veidi	rohkem	kui	0.571429
veidi	vähem	kui	1.000000
veidi	üle	kahe	0.166667
veidi	üle	viie	0.166667
veidi	üle	poole	0.125000
vene	armee	on	0.250000
vene	gaasi	ja	0.400000
vene	gaasi	eest	0.300000
vene	väed	on	0.223881
vene	väed	ei	0.074627
venemaa	eesmärk	on	0.600000
venemaa	ei	ole	0.224490
venemaa	ei	saa	0.122449
venemaa	ei	suuda	0.081633
venemaa	ei	taha	0.061224
venemaa	ei	kavatse	0.061224
venemaa	ja	hiina	0.368421
venemaa	ja	usa	0.105263
venemaa	ja	euroopa	0.078947
venemaa	ja	lääne	0.078947
venemaa	kui	ka	0.750000
venemaa	on	seda	0.054795
viga	ei	saanud	0.928571
viib	selleni	et	1.000000
viie	aasta	jooksul	0.387097
viie	aasta	pärast	0.258065
viie	aasta	eest	0.161290
viie	ja	poole	0.600000
viie	minuti	ja	0.428571
viie	tähe	liikumist	0.600000
viie	võidu	ja	1.000000
viimasel	ajal	on	0.326733
viimasel	ajal	olnud	0.079208
viimasel	ajal	üha	0.049505
viimasel	ajal	olen	0.029703
viimasel	ajal	ka	0.029703
viimasel	kahel	aastal	0.583333
viimasel	kahel	päeval	0.250000
viimasel	nädalal	on	0.230769
viimast	sõna	öelnud	0.800000
vot	see	on	0.750000
vähe	kui	võimalik	1.000000
vältida	olukorda	kus	0.800000
võeti	vahi	alla	1.000000
või	ei	ole	0.178571
või	ei	taha	0.107143
või	ei	tule	0.071429
või	enam	last	0.750000
või	et	nad	0.187500
või	keegi	teine	0.714286
või	kodust	ära	1.000000
või	kui	palju	0.117647
või	kui	on	0.088235
või	me	ei	0.333333
või	midagi	muud	0.300000
või	miks	mitte	0.363636
või	mis	on	0.129032
või	mis	iganes	0.096774
või	mitte	aga	0.153846
või	mitte	ütles	0.076923
või	mõne	teise	0.545455
või	mõne	muu	0.363636
või	mõni	muu	0.500000
või	nad	ei	0.428571
või	on	see	0.160000
või	on	lihtsalt	0.060000
või	see	on	0.250000
või	siis	on	0.102041
või	teisel	viisil	0.391304
või	teisel	moel	0.260870
või	veel	hullem	0.230769
või	võib	olla	0.750000
võidu	ja	ühe	0.200000
võidu	ja	kolme	0.125000
võidu	ja	kümne	0.125000
võidu	ja	kahe	0.100000
võidu	ja	viie	0.075000
võidu	ja	kaheksa	0.075000
võimalik	aru	saada	1.000000
võimalik	et	see	0.107143
võimalik	et	ta	0.107143
võimalik	et	ka	0.089286
võimalik	ette	näha	1.000000
võimalik	ja	vajalik	0.176471
võimalik	kaasa	elada	0.750000
võimalikult	kiiresti	tagasi	0.088235
võin	öelda	et	0.888889
võitis	meeste	kilomeetri	1.000000
võivad	olla	ka	0.137931
võrra	enam	kui	1.000000
võrra	rohkem	kui	0.714286
võrra	vähem	kui	0.923077
võrrelda	ei	saa	0.800000
võtab	aega	umbes	0.111111
võtab	aega	ja	0.111111
võtta	nii	et	0.750000
võtta	või	mitte	0.333333
ära	ei	jää	0.121212
ära	ei	tohi	0.090909
ära	ei	kao	0.090909
ära	hoida	venemaa	0.160000
ära	hoida	rääkis	0.120000
ära	ja	siis	0.134615
ära	kasutada	ja	0.217391
ära	teha	ja	0.205128
ära	teha	et	0.153846
ära	teha	siis	0.153846
ära	teha	rääkis	0.076923
ära	tunda	ja	0.454545
ära	unustada	et	0.750000
õhtul	ja	öösel	0.500000
õhtul	kell	kuni	0.285714
õhtul	kella	ajal	0.266667
õhtul	kella	paiku	0.200000
õhtul	kella	ja	0.200000
õige	või	vale	0.833333
ühe	inimese	kohta	0.500000
ühe	isikliku	vea	1.000000
ühe	ja	sama	0.230769
ühe	ja	kahe	0.230769
ühe	katuse	alla	0.714286
ühe	koha	peal	0.444444
ühe	koha	võrra	0.333333
ühe	kõigi	aegade	1.000000
ühe	minuti	ja	0.600000
ühe	minuti	jooksul	0.400000
ühe	punkti	kaugusel	0.272727
ühe	päeva	jooksul	0.500000
ühe	värava	ja	0.555556
ühe	või	teise	0.666667
ühe	või	kaks	0.190476
ühe	võidu	ja	0.466667
ühe	võidu	kõrvale	0.200000
ühel	hetkel	võib	0.050633
ühel	hetkel	hakkas	0.050633
ühel	hetkel	saab	0.037975
ühel	hetkel	tuleb	0.037975
ühel	hetkel	ta	0.037975
ühel	või	teisel	1.000000
ühes	või	teises	1.000000
ühine	eesmärk	on	0.750000
üksi	elavad	inimesed	1.000000
üksi	või	koos	0.750000
üldiselt	ei	ole	0.571429
üle	aasta	ja	0.181818
üle	eelmise	nädalaga	0.714286
üle	eelmisel	nädalal	0.375000
üle	ei	saa	0.187500
üle	elada	ja	0.285714
üle	hea	meel	0.800000
üle	hulga	aja	1.000000
üle	inimese	on	0.214286
üle	ise	otsustada	0.750000
üle	ja	siis	0.115385
üle	kahe	korra	0.250000
üle	kahe	aasta	0.222222
üle	kahe	miljoni	0.166667
üle	kahe	tunni	0.111111
üle	kaheksa	aasta	0.600000
üle	kogu	maailma	0.538462
üle	kolme	miljoni	0.307692
üle	kolme	korra	0.230769
üle	kolme	aasta	0.230769
üle	kontrolli	ja	0.769231
üle	kuu	aja	0.857143
üle	kümne	aasta	0.590909
üle	maailma	et	0.120000
üle	miljoni	dollari	0.333333
üle	miljoni	inimese	0.200000
üle	mitme	aasta	0.750000
üle	nelja	aasta	0.428571
üle	on	mul	0.173913
üle	on	hea	0.130435
üle	piiri	tulla	0.176471
üle	pika	aja	1.000000
üle	poole	miljoni	0.200000
üle	poole	aasta	0.114286
üle	poole	tuhande	0.085714
üle	saja	aasta	0.500000
üle	seitsme	miljoni	0.500000
üle	terve	maailma	0.363636
üle	vaadata	ning	0.148148
üle	vaadata	ja	0.148148
üle	viie	aasta	0.555556
üle	väga	õnnelik	0.454545
üle	väga	hea	0.181818
üle	väga	uhke	0.136364
üsna	kindel	et	0.666667
üsna	pea	pärast	0.363636
üsna	tavaline	et	0.666667
ütlesid	asjaga	kursis	1.000000
ütlesid	et	neil	0.093023
ütlesid	et	nad	0.069767
ütlesin	et	ma	0.111111
