abdulla	oğlu	abdullayev	0.750000
adaları	qrupuna	daxildir	0.600000
adanın	mərkəzi	hissəsində	1.000000
adanın	sahəsi	təşkil	0.428571
adanın	sahəsi	uzunluğu	0.214286
adanın	uzunluğu	km	0.642857
adanın	uzunluğu	m	0.214286
adanın	şərqində	yerləşir	1.000000
adanın	ən	böyük	0.300000
adanın	ən	hündür	0.300000
adlandırmaq	daha	düzgün	0.750000
adlı	başqa	bir	0.666667
adlı	bir	qızı	0.084337
adlı	bir	şəxs	0.072289
adlı	bir	oğlu	0.060241
adlı	bir	əsər	0.060241
adlı	bir	qardaşı	0.036145
adlı	bir	qız	0.036145
adlı	debüt	albomu	1.000000
adlı	iki	oğlu	0.200000
adlı	ilk	şeiri	0.142857
adlı	ilk	hekayəsi	0.142857
adlı	oğlanları	vardı	0.750000
adlı	oğlu	vardı	0.515152
adlı	oğlu	olmuşdur	0.090909
adlı	oğlu	var	0.090909
adlı	oğulları	vardı	0.900000
adlı	qızları	vardı	0.666667
adlı	qızı	vardı	0.428571
adlı	sənədli	film	0.538462
adlı	yaşayış	məntəqəsi	0.666667
adlı	yerdə	məskunlaşması	0.375000
adlı	şəxs	tərəfindən	0.300000
adlı	şəxsin	adı	0.750000
adlı	şəxsə	məxsus	0.750000
adlı	əsərində	bu	0.333333
adında	bir	oğlu	0.210526
adının	mənşəyi	ilə	0.750000
aiddir	en	b	1.000000
ailə	həyatı	qurmuşdur	0.303030
ailə	həyatı	qurur	0.181818
ailə	həyatı	qurdu	0.090909
ailə	həyatı	qurub	0.090909
ailə	üzvləri	arasında	0.272727
ailənin	yeganə	övladı	0.750000
ailəsində	anadan	olmuşdur	0.608696
ailəsində	anadan	olub	0.275362
ailəsində	anadan	olmuşdu	0.057971
ailəsində	anadan	olmuş	0.043478
ailəsində	dünyaya	göz	0.526316
ailəsində	dünyaya	gəlib	0.263158
akademiyasının	fəxri	üzvü	1.000000
akademiyasının	həqiqi	üzvü	0.750000
akademiyasının	müxbir	üzvü	1.000000
aktı	nəticəsində	nəfər	0.769231
albomda	yer	alan	0.777778
alimlik	dərəcəsi	almışdır	0.812500
almaq	lazımdır	ki	1.000000
almaq	məqsədi	ilə	1.000000
almaq	və	ya	0.266667
almaq	üçün	istifadə	0.065217
almaq	üçün	onun	0.043478
almaq	üçün	bir	0.032609
almaq	üçün	təqdim	0.032609
almaq	üçün	yeni	0.032609
almaq	üçün	xammal	0.032609
altay	və	monqol	0.857143
aləminə	səyahət	bakı	0.750000
amerika	birləşmiş	ştatları	1.000000
amerika	və	avropa	0.230769
amil	kimi	qəbul	0.500000
ancaq	bir	neçə	0.222222
ancaq	bir	dəfə	0.111111
ancaq	bu	dəfə	0.046154
ancaq	buna	baxmayaraq	1.000000
ancaq	bunu	qəbul	0.375000
ancaq	ci	ildə	0.555556
ancaq	cü	ildə	1.000000
ancaq	daha	çox	0.750000
ancaq	heç	bir	0.600000
apardığı	elmi	tədqiqat	0.833333
aparıcı	elmi	işçisi	0.375000
aparıcı	elmi	işçi	0.375000
aparıcı	rol	oynayır	1.000000
aparılan	arxeoloji	qazıntılar	0.666667
arasında	baş	verən	0.682927
arasında	baş	vermiş	0.170732
arasında	bir	çox	0.230769
arasında	bir	əlaqə	0.115385
arasında	böyük	bir	0.400000
arasında	ci	yeri	0.272727
arasında	cu	yeri	0.750000
arasında	daha	çox	0.444444
arasında	diplomatik	əlaqələr	0.428571
arasında	diplomatik	əlaqələrin	0.428571
arasında	gedən	qarşıdurma	0.333333
arasında	hakimiyyət	uğrunda	1.000000
arasında	heç	bir	0.777778
arasında	i	yaş	0.666667
arasında	ilk	dəfə	0.571429
arasında	isu	qran	0.600000
arasında	mövcud	olan	0.666667
arasında	nəfər	şagird	1.000000
arasında	ola	bilir	0.600000
arasında	olan	bir	0.100000
arasında	qarşılıqlı	əlaqəni	0.300000
arasında	tez	tez	1.000000
arasında	uzun	müddət	0.750000
arasında	yer	alır	0.416667
arasında	yer	aldı	0.250000
arasında	şagird	və	1.000000
arasında	ən	çox	0.241379
arasında	ən	yaxşı	0.103448
arasında	ən	geniş	0.103448
artıq	ci	ildə	0.538462
artıq	ci	illərdə	0.307692
artıq	cü	ildə	1.000000
artıq	elmi	məqalənin	0.400000
artıq	həqiqi	hərbi	1.000000
artıq	məqalənin	müəllifidir	1.000000
artıq	xix	əsrin	0.600000
arxeologiya	və	etnoqrafiya	1.000000
asiya	sakit	okean	1.000000
asiya	və	afrika	0.172414
asiya	və	avropa	0.137931
asiya	və	qafqazda	0.137931
asiya	və	şimali	0.103448
atəşi	açıldı	və	1.000000
atəşə	tutan	terrorçular	0.428571
aydın	idi	ki	0.800000
aydın	oldu	ki	1.000000
aydın	olmuşdur	ki	1.000000
aydın	olur	ki	0.944444
ayırmaq	üçün	istifadə	0.375000
azad	edildikdən	sonra	1.000000
azad	edilməsindən	sonra	1.000000
azad	edir	və	0.750000
azad	etmək	üçün	0.666667
azad	olunmasına	görə	0.900000
azad	suriya	ordusu	1.000000
azərbaycanda	geniş	yayılmış	0.600000
azərbaycanda	həm	də	1.000000
azərbaycanda	ilk	dəfə	0.619048
azərbaycanda	neft	sənayesinin	0.750000
azərbaycanda	sovet	hakimiyyəti	0.800000
azərbaycanda	və	xarici	0.285714
açıq	bir	şəkildə	0.428571
açıq	boz	rəngli	0.375000
açıq	sarı	rəngli	0.500000
açıq	səhmdar	cəmiyyətinin	0.600000
açıq	şəkildə	görünür	0.125000
ağımtıl	və	ya	1.000000
bacı	və	qardaş	0.750000
bakıya	qayıdır	və	0.800000
bakıya	qayıtdıqdan	sonra	1.000000
balıq	və	quş	0.428571
barədə	dəqiq	məlumat	1.000000
barədə	heç	bir	0.583333
barədə	məlumat	yoxdur	0.133333
barədə	məlumat	verir	0.133333
barədə	məlumat	vermişdir	0.100000
barədə	qərar	qəbul	0.777778
baxımından	çox	böyük	0.375000
bayraq	ordeni	ilə	0.800000
bağlarda	rast	gəlinir	1.000000
bağlı	bir	çox	0.366667
bağlı	bir	sıra	0.233333
bağlı	bir	neçə	0.200000
bağlı	heç	bir	0.800000
bağlı	müxtəlif	fikirlər	0.500000
bağlı	ola	bilər	1.000000
bağlı	olan	bir	0.166667
bağlı	qərar	qəbul	0.833333
başlamış	daha	sonra	0.750000
başqaları	ilə	birlikdə	0.363636
başçılıq	etməyə	başladı	0.600000
başına	gələn	hadisələrdən	0.300000
belə	adlandırılmışdır	azərbaycan	0.800000
belə	bir	nəticəyə	0.057971
belə	bir	vəziyyətdə	0.050725
belə	bir	şəraitdə	0.043478
belə	bir	fikir	0.036232
belə	bir	şey	0.028986
belə	bir	ağır	0.021739
belə	bir	rəvayət	0.021739
belə	bir	çox	0.021739
belə	bir	nəticə	0.021739
belə	cavab	verir	0.375000
belə	ehtimal	edilir	0.750000
belə	güman	edir	0.272727
belə	güman	etmək	0.272727
belə	hesab	edirdi	0.333333
belə	hesab	edir	0.190476
belə	hesab	etmək	0.142857
belə	hesab	edirdilər	0.142857
belə	idi	ki	1.000000
belə	izah	etmək	0.250000
belə	ki	o	0.070988
belə	ki	bu	0.052469
belə	ki	bir	0.040123
belə	ki	onlar	0.033951
belə	ki	burada	0.024691
belə	ki	ci	0.024691
belə	ki	onun	0.018519
belə	ki	həmin	0.015432
belə	ki	hər	0.012346
belə	ki	onların	0.012346
belə	ki	və	0.009259
belə	ki	cü	0.009259
belə	ki	bütün	0.009259
belə	ki	tarixdə	0.009259
belə	ki	yeni	0.009259
belə	məlum	olur	1.000000
belə	nəticəyə	gəlmək	0.500000
belə	nəticəyə	gəlir	0.187500
belə	olan	halda	0.750000
belə	olduğu	halda	0.800000
belə	yox	idi	1.000000
belə	çıxır	ki	1.000000
berlin	beynəlxalq	film	1.000000
bilir	buna	görə	1.000000
bin	nəsr	bin	1.000000
bir	adam	idi	0.125000
bir	adam	olaraq	0.125000
bir	alim	və	0.333333
bir	an	belə	0.250000
bir	an	da	0.250000
bir	ay	sonra	0.360000
bir	ay	ərzində	0.160000
bir	ay	müddətində	0.120000
bir	aydan	sonra	0.666667
bir	az	da	0.121212
bir	az	sonra	0.121212
bir	az	daha	0.090909
bir	az	yuxarıda	0.045455
bir	bacısı	var	0.571429
bir	bala	verir	1.000000
bir	biri	ilə	0.980000
bir	birilə	əlaqəli	0.176471
bir	birindən	fərqlənir	0.084507
bir	birindən	fərqli	0.070423
bir	birindən	maraqlı	0.056338
bir	birindən	fərqlənirlər	0.042254
bir	birindən	tamamilə	0.042254
bir	birindən	fərqlənən	0.042254
bir	birindən	ayırmaq	0.042254
bir	birini	əvəz	0.520000
bir	birinin	ardınca	0.500000
bir	birinin	üstünə	0.107143
bir	birinə	yaxın	0.123457
bir	birinə	qarşı	0.086420
bir	birinə	zidd	0.049383
bir	birinə	bağlı	0.037037
bir	birinə	və	0.037037
bir	birinə	paralel	0.037037
bir	birinə	bərabər	0.037037
bir	birinə	çox	0.037037
bir	daha	sübut	0.158730
bir	daha	təsdiq	0.063492
bir	daha	öz	0.063492
bir	daha	əmin	0.047619
bir	dövrü	əhatə	0.600000
bir	dəfə	o	0.047619
bir	dəfə	istifadə	0.047619
bir	dəfə	isə	0.047619
bir	dənə	də	0.600000
bir	dəqiqə	sonra	0.500000
bir	dəstə	ilə	0.363636
bir	fərq	yoxdur	0.428571
bir	görünüşü	vardır	1.000000
bir	gün	sonra	0.179487
bir	gün	ərzində	0.051282
bir	gün	o	0.051282
bir	gün	əvvəl	0.038462
bir	hal	idi	0.375000
bir	halda	ki	0.444444
bir	hava	limanı	0.600000
bir	hissəsi	isə	0.080247
bir	hissəsi	kimi	0.067901
bir	hissəsi	olaraq	0.067901
bir	hissəsi	olan	0.067901
bir	hissəsi	idi	0.061728
bir	hissəsi	bu	0.037037
bir	hissəsi	olmuşdur	0.024691
bir	hissəsi	də	0.024691
bir	hissəsi	oldu	0.024691
bir	hissəsi	hesab	0.024691
bir	hissəsini	təşkil	0.152542
bir	hissəsini	əhatə	0.084746
bir	hissəsini	tutur	0.067797
bir	həftə	sonra	0.541667
bir	həftə	ərzində	0.166667
bir	həyat	tərzi	0.384615
bir	həyat	yolu	0.230769
bir	ibtidai	məktəb	1.000000
bir	iki	üç	0.214286
bir	il	sonra	0.388235
bir	il	ərzində	0.117647
bir	il	əvvəl	0.082353
bir	il	keçdikdən	0.035294
bir	ildən	sonra	0.600000
bir	ildən	çox	0.150000
bir	insan	kimi	0.214286
bir	insan	idi	0.107143
bir	iş	idi	0.214286
bir	kişi	və	0.214286
bir	milyondan	çox	0.750000
bir	müddət	sonra	0.466667
bir	müddət	əvvəl	0.037500
bir	müddət	keçdikdən	0.037500
bir	müddət	ərzində	0.029167
bir	müddət	öz	0.016667
bir	müddət	bu	0.016667
bir	müddət	üçün	0.016667
bir	müddətdən	sonra	1.000000
bir	müvəffəqiyyət	qazana	0.500000
bir	məlumat	yoxdur	0.500000
bir	məqsəd	üçün	1.000000
bir	məsələ	isə	0.300000
bir	məsələni	də	0.750000
bir	necə	saat	0.093750
bir	neçə	dəfə	0.105134
bir	neçə	il	0.081907
bir	neçə	gün	0.052567
bir	neçə	ay	0.040342
bir	neçə	yüz	0.018337
bir	neçə	gündən	0.014670
bir	neçə	min	0.014670
bir	neçə	saat	0.014670
bir	neçə	nəfər	0.013447
bir	neçə	həftə	0.011002
bir	neçə	dəqiqə	0.011002
bir	neçə	on	0.009780
bir	neçə	başqa	0.007335
bir	neçə	kiçik	0.007335
bir	neçə	böyük	0.007335
bir	neçə	metr	0.006112
bir	neçə	əsər	0.006112
bir	neçə	ildən	0.006112
bir	neçə	xüsusi	0.006112
bir	neçə	hissəyə	0.004890
bir	neçə	musiqi	0.004890
bir	neçə	insan	0.004890
bir	neçə	müxtəlif	0.004890
bir	neçə	sm	0.004890
bir	neçə	beynəlxalq	0.004890
bir	neçə	kilometr	0.004890
bir	neçə	ağac	0.003667
bir	neçə	qeyri	0.003667
bir	neçə	ədəd	0.003667
bir	neçə	digər	0.003667
bir	növü	olan	0.214286
bir	nəfər	də	0.160000
bir	nəfər	ölüb	0.120000
bir	nəticə	vermədi	0.318182
bir	nəticə	vermir	0.181818
bir	nəticə	əldə	0.181818
bir	nəticəyə	gəlmək	0.375000
bir	o	qədər	0.956522
bir	ordu	ilə	0.437500
bir	oğlu	və	0.240000
bir	oğlu	var	0.240000
bir	proqramlaşdırma	dilində	0.600000
bir	qardaşı	var	0.375000
bir	qayda	olaraq	0.938272
bir	qismi	isə	0.166667
bir	qol	qəbul	0.428571
bir	qolu	olan	0.285714
bir	qolu	olub	0.142857
bir	qrup	terrorçu	0.079365
bir	qrup	hadisə	0.079365
bir	qrup	məsuliyyəti	0.079365
bir	qrup	ailənin	0.047619
bir	qız	övladı	0.277778
bir	qızı	və	0.200000
bir	qızı	var	0.133333
bir	qədər	sonra	0.176923
bir	qədər	aralıda	0.092308
bir	qədər	əvvəl	0.046154
bir	qədər	də	0.038462
bir	qədər	yuxarıda	0.030769
bir	qədər	çox	0.030769
bir	qədər	fərqlidir	0.023077
bir	qədər	şərqdə	0.023077
bir	qədər	şimalda	0.023077
bir	qərar	verə	0.375000
bir	siyasi	güc	0.230769
bir	sui	qəsd	1.000000
bir	sıra	beynəlxalq	0.032432
bir	sıra	xarici	0.027027
bir	sıra	elmi	0.024324
bir	sıra	digər	0.021622
bir	sıra	hallarda	0.021622
bir	sıra	yeni	0.018919
bir	sıra	başqa	0.016216
bir	sıra	mühüm	0.016216
bir	sıra	tədbirlər	0.013514
bir	sıra	avropa	0.010811
bir	sıra	dövlət	0.010811
bir	sıra	milli	0.010811
bir	sıra	görkəmli	0.008108
bir	sıra	asiya	0.008108
bir	sıra	tanınmış	0.008108
bir	sıra	ədəbi	0.008108
bir	sıra	əsərləri	0.008108
bir	sıra	əsərlərin	0.008108
bir	sıra	inkişaf	0.008108
bir	sıra	tarixi	0.008108
bir	sıra	dini	0.008108
bir	sıra	dəyişikliklər	0.008108
bir	səbəbi	də	0.600000
bir	tarixi	var	0.230769
bir	təhlükə	ilə	0.375000
bir	tərəfdən	də	0.121212
bir	tərəfdən	bu	0.090909
bir	təsadüf	nəticəsində	0.800000
bir	uğur	əldə	0.600000
bir	video	oyun	0.600000
bir	və	ya	0.872727
bir	xüsusiyyəti	də	0.500000
bir	yaşayış	məntəqəsi	0.333333
bir	yer	tutur	0.250000
bir	yerə	toplanması	0.150000
bir	yerə	malikdir	0.150000
bir	çox	hallarda	0.031704
bir	çox	beynəlxalq	0.019815
bir	çox	xarici	0.013210
bir	çox	başqa	0.011889
bir	çox	yerində	0.011889
bir	çox	digər	0.010568
bir	çox	tarixi	0.010568
bir	çox	dövlət	0.010568
bir	çox	ölkələrdə	0.010568
bir	çox	ölkələrində	0.009247
bir	çox	xəstəliklərin	0.009247
bir	çox	insan	0.007926
bir	çox	müsəlman	0.006605
bir	çox	fərqli	0.006605
bir	çox	ölkədə	0.005284
bir	çox	yerlərdə	0.005284
bir	çox	qədim	0.005284
bir	çox	alim	0.005284
bir	çox	əsərlər	0.005284
bir	çox	tənqidçilər	0.005284
bir	çox	türk	0.005284
bir	çox	müxtəlif	0.005284
bir	çox	xüsusiyyətləri	0.005284
bir	çox	müasir	0.005284
bir	çox	uğurlar	0.003963
bir	çox	əsərlərini	0.003963
bir	çox	ölkələrin	0.003963
bir	çox	dağ	0.003963
bir	çox	hərbi	0.003963
bir	çox	qabaqcıl	0.003963
bir	çoxları	tərəfindən	0.300000
bir	çoxu	kimi	0.078947
bir	şair	kimi	0.666667
bir	şey	yoxdur	0.090909
bir	şey	deyil	0.054545
bir	şey	var	0.054545
bir	şəhər	kimi	0.250000
bir	şəkildə	təqdim	0.057692
bir	şəxs	və	0.172414
bir	ədəd	iri	0.214286
bir	əfsanəyə	görə	1.000000
bir	əlaqəsi	yoxdur	0.636364
bir	ərazidə	yerləşir	0.333333
bir	ərazini	əhatə	0.600000
bir	əsrdən	çox	0.500000
bir	əsər	də	0.500000
birində	deyilir	ki	0.750000
birinə	bağlı	olan	0.750000
bizim	eradan	əvvəl	0.800000
bmt	təhlükəsizlik	şurasının	0.800000
bozumtul	və	ya	1.000000
bu	ad	qədim	0.117647
bu	ad	verilmişdir	0.117647
bu	ad	bütün	0.088235
bu	ada	layiq	0.428571
bu	adı	almışdır	0.176471
bu	albomdan	sonra	0.428571
bu	ali	təhsil	0.307692
bu	ali	məktəb	0.230769
bu	andan	etibarən	0.600000
bu	barədə	məlumat	0.049180
bu	barədə	olan	0.049180
bu	baxımdan	da	0.080000
bu	bəxşin	mərkəzi	0.904762
bu	ci	ildə	0.333333
bu	cür	adlandırılmışdır	0.024793
bu	da	onun	0.062241
bu	da	öz	0.062241
bu	da	onların	0.029046
bu	da	o	0.029046
bu	da	ölkənin	0.024896
bu	da	onu	0.024896
bu	da	abş	0.020747
bu	da	bir	0.020747
bu	da	bütün	0.012448
bu	da	ölkə	0.012448
bu	da	ondan	0.012448
bu	da	həmin	0.012448
bu	da	yerli	0.012448
bu	dövr	ərzində	0.423077
bu	dövrdə	o	0.072000
bu	dövrdə	azərbaycan	0.024000
bu	dövrdə	ilk	0.024000
bu	dövrdə	onun	0.024000
bu	dövrdən	etibarən	0.461538
bu	dövrdən	başlayaraq	0.230769
bu	dövrdən	sonra	0.230769
bu	döyüşdən	sonra	0.714286
bu	dəfə	də	0.309091
bu	dəfə	o	0.054545
bu	elə	bir	0.714286
bu	film	ci	0.133333
bu	gün	də	0.269006
bu	gün	belə	0.023392
bu	gün	bu	0.023392
bu	gün	dünyanın	0.023392
bu	gün	olduğu	0.017544
bu	gün	bütün	0.017544
bu	gün	hələ	0.017544
bu	gün	öz	0.017544
bu	gündən	etibarən	0.750000
bu	günə	qədər	0.653333
bu	günə	kimi	0.266667
bu	hadisə	haqqında	0.076923
bu	hadisədən	sonra	0.825000
bu	halda	o	0.085106
bu	heç	də	0.571429
bu	həm	də	0.538462
bu	idi	ki	1.000000
bu	idman	növü	0.454545
bu	illər	ərzində	0.818182
bu	illərdə	o	0.133333
bu	isə	öz	0.085106
bu	isə	o	0.063830
bu	isə	onların	0.042553
bu	isə	ümumi	0.042553
bu	isə	bir	0.031915
bu	isə	çox	0.031915
bu	işdə	ona	0.178571
bu	işdə	onlara	0.142857
bu	işlə	məşğul	0.500000
bu	işə	cəlb	0.200000
bu	kitabda	o	0.400000
bu	kəndin	adı	0.176471
bu	mövzuda	olan	0.111111
bu	müddət	ərzində	0.886364
bu	müddətdə	o	0.200000
bu	mükafata	layiq	1.000000
bu	müqaviləyə	əsasən	0.444444
bu	müqaviləyə	görə	0.444444
bu	məqsəd	üçün	1.000000
bu	məqsədlə	də	0.078947
bu	məsələ	ilə	0.346154
bu	məsələni	həll	0.272727
bu	nəticə	ilə	0.545455
bu	o	deməkdir	0.588235
bu	onu	göstərir	0.571429
bu	onunla	izah	0.571429
bu	proses	bir	0.090909
bu	qayda	ilə	0.800000
bu	qeyri	adi	0.600000
bu	qrupa	daxil	0.416667
bu	qrupa	daxildir	0.250000
bu	qədər	çox	0.102564
bu	qədər	böyük	0.076923
bu	sahə	üzrə	0.272727
bu	sahədə	ilk	0.052632
bu	son	dərəcə	0.428571
bu	suala	cavab	0.555556
bu	səbəbdən	də	0.308642
bu	səbəbdən	bir	0.037037
bu	səbəbdən	onun	0.037037
bu	səbəbdən	o	0.024691
bu	tarixdən	sonra	0.545455
bu	termin	daha	0.230769
bu	təklifi	qəbul	0.421053
bu	təklifi	rədd	0.315789
bu	vaxt	ərzində	0.162162
bu	vaxt	o	0.108108
bu	vaxta	qədər	0.666667
bu	vaxta	kimi	0.333333
bu	və	ya	0.818182
bu	və	digər	0.113636
bu	vəzifəni	icra	0.250000
bu	xüsusiyyətinə	görə	1.000000
bu	xəbəri	eşidən	0.600000
bu	xəstəliyin	müalicəsi	0.428571
bu	yaşayış	yerinin	0.300000
bu	zaman	o	0.064815
bu	zaman	onlar	0.041667
bu	zaman	onun	0.032407
bu	zaman	isə	0.018519
bu	zaman	bir	0.013889
bu	zaman	sol	0.013889
bu	zaman	da	0.013889
bu	zamana	kimi	0.600000
bu	şəhərin	adı	0.250000
bu	şəkildə	davam	0.115385
bu	ərazidə	hələ	0.096774
bu	əsər	onun	0.069767
bu	əsərdə	o	0.300000
bu	əsərin	bir	0.250000
bundan	az	sonra	1.000000
bundan	başqa	o	0.110294
bundan	başqa	bu	0.058824
bundan	başqa	bir	0.022059
bundan	başqa	əgər	0.022059
bundan	dərhal	sonra	1.000000
bundan	ibarətdir	ki	1.000000
bundan	istifadə	edən	0.416667
bundan	istifadə	edərək	0.250000
bundan	sonra	o	0.129630
bundan	sonra	onun	0.023148
bundan	sonra	da	0.018519
bundan	sonra	isə	0.018519
bundan	sonra	onlar	0.018519
bundan	sonra	hər	0.013889
bundan	sonra	bəzi	0.013889
bundan	sonra	ruslar	0.013889
bundan	əlavə	o	0.068702
bundan	əlavə	bu	0.053435
bundan	əlavə	olaraq	0.038168
bundan	əlavə	burada	0.030534
bundan	əlavə	onlar	0.030534
bundan	əlavə	bir	0.022901
bundan	əlavə	daha	0.022901
bundan	əlavə	sovet	0.022901
bunlara	misal	olaraq	0.800000
bunlardan	biri	də	0.357143
bunlardan	ən	böyüyü	0.500000
böyük	bacısı	və	0.600000
böyük	bir	hissəsi	0.080000
böyük	bir	hissəsini	0.057143
böyük	bir	qismi	0.034286
böyük	bir	ərazini	0.028571
böyük	bir	ordu	0.022857
böyük	bir	dəyişiklik	0.017143
böyük	britaniya	fransa	0.210526
böyük	britaniya	və	0.157895
böyük	britaniyanın	times	0.300000
böyük	ehtimal	ki	1.000000
böyük	elmi	işçi	0.500000
böyük	etnik	qrup	1.000000
böyük	hörmət	və	0.857143
böyük	hər	qadına	1.000000
böyük	işlər	görmüşdür	0.333333
böyük	marağa	səbəb	1.000000
böyük	nailiyyətlər	əldə	0.750000
böyük	oğlu	idi	0.272727
böyük	populyarlıq	qazanmışdır	0.375000
böyük	qafqazın	cənub	0.466667
böyük	rol	oynamışdır	0.300000
böyük	rol	oynayır	0.300000
böyük	rol	oynadı	0.125000
böyük	rol	oynayıb	0.100000
böyük	rol	oynayan	0.075000
böyük	rolu	olmuşdur	0.450000
böyük	rolu	olub	0.200000
böyük	rolu	var	0.150000
böyük	ruh	yüksəkliyi	1.000000
böyük	təsir	göstərmişdir	0.391304
böyük	təsir	göstərir	0.260870
böyük	təsiri	olmuşdur	0.333333
böyük	təsiri	vardır	0.333333
böyük	uğur	əldə	0.312500
böyük	uğur	gətirir	0.187500
böyük	uğurlar	əldə	0.800000
böyük	və	kiçik	0.382353
böyük	və	ən	0.132353
böyük	vətən	müharibəsi	0.555556
böyük	vətən	müharibəsində	0.288889
böyük	vətən	müharibəsinin	0.111111
böyük	xidməti	olmuşdur	0.500000
böyük	xidmətləri	olmuşdur	0.428571
böyük	şöhrət	qazanmışdır	0.214286
böyük	şəxs	vardı	1.000000
böyük	əhəmiyyət	kəsb	0.586207
böyük	əhəmiyyət	daşıyır	0.137931
böyük	əhəmiyyəti	vardır	0.615385
böyük	əhəmiyyətə	malikdir	0.428571
böyük	əhəmiyyətə	malik	0.428571
böyük	əmək	sərf	1.000000
bədii	tərcümə	ilə	0.500000
bədii	və	elmi	0.333333
bədii	və	cizgi	0.166667
bədii	yaradıcılıqla	məşğul	0.333333
bədii	yaradıcılıqla	da	0.333333
bədən	tərbiyəsi	və	0.615385
bədən	uzunluğu	mm	0.600000
bəhs	edən	bu	0.102564
bənzər	bir	şəkildə	0.214286
bərabər	eyni	zamanda	1.000000
bərabər	həm	də	1.000000
bərabər	və	ya	0.714286
bəy	adlı	oğulları	0.333333
bəy	adlı	oğlu	0.333333
bəy	adlı	oğlanları	0.128205
bəy	ci	ildə	0.545455
bəy	həsən	bəy	1.000000
bəy	əli	bəy	1.000000
bəyan	edir	və	0.666667
bəyan	etmişdir	ki	1.000000
c	arasında	dəyişir	0.785714
c	cabbarlı	adına	0.857143
c	dən	yuxarı	0.421053
c	dən	aşağı	0.315789
c	dən	yüksək	0.157895
c	qışda	isə	0.750000
c	təşkil	edir	1.000000
c	və	d	0.600000
c	yə	qədər	0.666667
ci	ci	və	0.625000
ci	il	tarixli	0.122500
ci	il	tarixində	0.070000
ci	il	oktyabrın	0.032500
ci	il	yanvarın	0.027500
ci	il	martın	0.025000
ci	il	fərmanı	0.025000
ci	il	noyabrın	0.025000
ci	il	iyulun	0.025000
ci	il	mayın	0.025000
ci	il	aprelin	0.025000
ci	il	dekabrın	0.025000
ci	il	tarixdə	0.022500
ci	il	sentyabrın	0.022500
ci	il	noyabr	0.022500
ci	il	tarixinə	0.022500
ci	il	dekabr	0.020000
ci	il	fevralın	0.020000
ci	il	mart	0.020000
ci	il	yanvar	0.020000
ci	il	üçün	0.020000
ci	il	avqustun	0.017500
ci	il	may	0.017500
ci	il	iyunun	0.017500
ci	il	səh	0.015000
ci	il	sentyabr	0.012500
ci	il	və	0.010000
ci	il	n	0.007500
ci	il	qərarına	0.007500
ci	il	tarixi	0.007500
ci	il	yay	0.007500
ci	ildə	azərbaycan	0.025055
ci	ildə	isə	0.024318
ci	ildə	vəfat	0.021371
ci	ildə	anadan	0.020634
ci	ildə	baş	0.015475
ci	ildə	bakı	0.014001
ci	ildə	nəfər	0.012528
ci	ildə	bu	0.011791
ci	ildə	bakıda	0.011054
ci	ildə	inşa	0.010317
ci	ildə	nəşr	0.010317
ci	ildə	çap	0.009580
ci	ildə	yaşında	0.008106
ci	ildə	yenidən	0.008106
ci	ildə	böyük	0.008106
ci	ildə	bir	0.007369
ci	ildə	ci	0.006632
ci	ildə	başa	0.006632
ci	ildə	yazdığı	0.006632
ci	ildə	yaradılmışdır	0.005895
ci	ildə	təsis	0.005895
ci	ildə	müddətli	0.005895
ci	ildə	moskvada	0.005158
ci	ildə	öz	0.005158
ci	ildə	qəbul	0.005158
ci	ildə	abş	0.004422
ci	ildə	bakıya	0.004422
ci	ildə	yaradılıb	0.004422
ci	ildə	istifadəyə	0.004422
ci	ildə	dünyasını	0.004422
ci	ildən	sonra	0.104265
ci	ildən	bəri	0.080569
ci	ildən	ci	0.061611
ci	ildən	etibarən	0.056872
ci	ildən	başlayaraq	0.052133
ci	ildən	isə	0.037915
ci	ildən	azərbaycan	0.033175
ci	ildən	bu	0.033175
ci	ildən	cü	0.028436
ci	ildən	fəaliyyət	0.023697
ci	ildən	bakı	0.014218
ci	ildən	ölümünə	0.014218
ci	ildən	cu	0.014218
ci	ilin	mart	0.072555
ci	ilin	iyun	0.053628
ci	ilin	aprelində	0.050473
ci	ilin	may	0.047319
ci	ilin	sentyabr	0.047319
ci	ilin	sentyabrında	0.044164
ci	ilin	noyabrında	0.037855
ci	ilin	martında	0.037855
ci	ilin	oktyabrında	0.037855
ci	ilin	noyabr	0.034700
ci	ilin	mayında	0.031546
ci	ilin	aprel	0.031546
ci	ilin	yanvar	0.031546
ci	ilin	dekabr	0.028391
ci	ilin	fevralında	0.028391
ci	ilin	yanvarında	0.025237
ci	ilin	fevral	0.025237
ci	ilin	avqust	0.025237
ci	ilin	dekabrında	0.025237
ci	ilin	oktyabr	0.022082
ci	ilin	sonunda	0.022082
ci	ilin	iyul	0.018927
ci	ilin	əvvəllərində	0.015773
ci	ilin	əvvəlində	0.012618
ci	ilin	axırlarında	0.012618
ci	ilin	sentyabrın	0.009464
ci	ilin	fevralın	0.009464
ci	ilin	ikinci	0.009464
ci	ilin	sonuna	0.009464
ci	ilin	ən	0.009464
ci	illər	arasında	0.392157
ci	illər	ərzində	0.156863
ci	illər	mövsümündə	0.058824
ci	illərdə	isə	0.062802
ci	illərdə	azərbaycan	0.053140
ci	illərdə	sovet	0.024155
ci	illərdə	baş	0.019324
ci	illərdə	ssri̇	0.019324
ci	illərdə	bakı	0.019324
ci	illərdə	abş	0.014493
ci	illərdə	bu	0.014493
ci	illərdə	sankt	0.014493
ci	illərdə	memar	0.014493
ci	illərdə	də	0.014493
ci	illərdə	bakıda	0.014493
ci	illərdə	böyük	0.014493
ci	illərdə	yenidən	0.014493
ci	illərdən	bəri	0.210526
ci	illərdən	daha	0.157895
ci	illərdən	sonra	0.157895
ci	illəri	əhatə	0.600000
ci	illərin	əvvəllərində	0.162162
ci	illərin	sonunda	0.135135
ci	illərin	sonu	0.135135
ci	illərin	sonlarında	0.081081
ci	ilə	qədər	0.563910
ci	ilə	kimi	0.195489
ci	ilə	aid	0.097744
ci	ilə	nisbətən	0.022556
ci	ilə	təsadüf	0.022556
ci	pillənin	sahibi	0.833333
ci	tank	ordusu	1.000000
ci	və	ci	0.343750
ci	və	cü	0.312500
ci	və	cu	0.125000
ci	və	cı	0.093750
ci	yeri	tutdu	0.355556
ci	yeri	tutur	0.200000
ci	yeri	tutmuşdur	0.133333
ci	yeri	tutan	0.133333
ci	yeri	tutaraq	0.111111
ci	əsrin	əvvəllərində	0.210526
ci	əsrin	birinci	0.210526
ci	əsrə	qədər	0.600000
ciddi	məşğul	olmağa	0.375000
ciddi	təsir	göstərdi	0.200000
cu	il	tarixli	0.106796
cu	il	dekabrın	0.077670
cu	il	üçün	0.058252
cu	il	tarixində	0.048544
cu	il	sentyabr	0.048544
cu	il	noyabrın	0.038835
cu	il	may	0.038835
cu	il	sentyabrın	0.029126
cu	il	kimi	0.029126
cu	ildə	isə	0.045714
cu	ildə	anadan	0.031429
cu	ildə	vəfat	0.022857
cu	ildə	bakıda	0.020000
cu	ildə	bu	0.017143
cu	ildə	azərbaycan	0.014286
cu	ildə	təşkil	0.014286
cu	ildə	təsis	0.014286
cu	ildə	baş	0.011429
cu	ildə	inşa	0.011429
cu	ildə	nəfər	0.011429
cu	ildə	yenidən	0.008571
cu	ildə	təqdim	0.008571
cu	ildə	yaradılıb	0.008571
cu	ildə	tam	0.008571
cu	ildə	daxil	0.008571
cu	ildə	bir	0.008571
cu	ildə	ləğv	0.008571
cu	ildə	o	0.008571
cu	ildə	ilk	0.008571
cu	ildə	olmuşdur	0.008571
cu	ildə	fransız	0.008571
cu	ildə	bakı	0.008571
cu	ildən	azərbaycan	0.132075
cu	ildən	etibarən	0.075472
cu	ildən	ci	0.075472
cu	ildən	bəri	0.075472
cu	ilin	yanvarında	0.071429
cu	ilin	noyabrında	0.059524
cu	ilin	oktyabrında	0.059524
cu	ilin	may	0.059524
cu	ilin	sentyabrında	0.059524
cu	ilin	dekabr	0.047619
cu	ilin	aprel	0.047619
cu	ilin	sentyabr	0.035714
cu	ilin	mart	0.035714
cu	ilin	ən	0.035714
cu	ilin	dekabrında	0.035714
cu	ilin	martında	0.035714
cu	illər	arasında	0.300000
cu	illərdə	bakı	0.066667
cu	illərdə	isə	0.050000
cu	ilə	qədər	0.620690
cu	ilə	kimi	0.206897
cu	yeri	tutdu	0.500000
cu	əsrin	əvvəllərində	0.200000
cu	əsrə	qədər	1.000000
cəhd	etsə	də	1.000000
cəhdləri	heç	bir	0.750000
cəmi	bir	neçə	0.333333
cəmi	bir	il	0.125000
cəmi	üç	il	1.000000
cənub	qərb	cəbhəsinin	0.096774
cənub	qərb	hissəsi	0.096774
cənub	qərb	istiqamətində	0.096774
cənub	qərbdə	yerləşir	0.352941
cənub	qərbdə	isə	0.176471
cənub	və	cənub	0.281250
cənub	və	şərq	0.218750
cənub	və	qərb	0.187500
cənub	və	şimal	0.156250
cənub	şərq	hissəsində	0.103448
cənub	şərq	yamacında	0.103448
cənub	şərq	hissəsi	0.103448
cənub	şərqdə	yerləşir	0.333333
cənub	şərqdə	yerləşən	0.200000
cənub	şərqi	asiya	0.173913
cənub	şərqi	şirvan	0.130435
cənub	şərqi	qafqazın	0.130435
cənub	şərqi	asiyada	0.130435
cənub	şərqində	yerləşir	0.428571
cənub	şərqə	doğru	0.500000
cənubi	azərbaycan	və	0.250000
cənubi	azərbaycanın	qaradağ	0.428571
cənubi	qafqazda	ən	0.250000
cənubi	və	şimali	0.444444
d	dissertasiya	şurasının	1.000000
da	anadan	olub	0.600000
da	atası	kimi	1.000000
da	baş	verən	0.235294
da	belə	bir	0.222222
da	bir	neçə	0.120000
da	bir	çox	0.080000
da	bir	sıra	0.080000
da	bu	cür	0.084507
da	bu	mövzuda	0.056338
da	buna	nail	0.444444
da	böyük	olmayan	0.235294
da	ci	ildə	0.363636
da	cü	ildə	0.454545
da	daha	çox	0.375000
da	daxil	olmaqla	0.637931
da	daxil	idi	0.120690
da	daxil	olduğu	0.086207
da	daxil	edilir	0.051724
da	fəal	iştirak	1.000000
da	fəaliyyət	göstərir	0.583333
da	fəaliyyət	göstərən	0.333333
da	geniş	yayılmışdır	0.400000
da	görünür	ki	1.000000
da	heç	bir	0.230769
da	hər	il	0.208333
da	hər	zaman	0.125000
da	inkişaf	etdirilməsi	0.181818
da	istifadə	olunur	0.127660
da	istifadə	edilir	0.127660
da	istifadə	edilmişdir	0.106383
da	iştirak	edir	0.238095
da	iştirak	etmişdir	0.190476
da	iştirak	edib	0.142857
da	mövcud	idi	0.400000
da	mövcud	olmuşdur	0.400000
da	mühüm	rol	0.750000
da	məhz	burada	0.300000
da	məlumdur	ki	1.000000
da	məşğul	olmuşdur	0.307692
da	məşğul	olmuş	0.230769
da	nəfəri	kişi	1.000000
da	ola	bilər	0.777778
da	qeyd	etmək	0.380952
da	qeyd	edək	0.238095
da	qeyd	edilir	0.071429
da	qeydə	alınmışdır	0.666667
da	rast	gəlinir	0.769231
da	rast	gəlmək	0.230769
da	sübut	edir	0.750000
da	tez	tez	1.000000
da	təbii	halda	0.750000
da	təklif	olunur	0.500000
da	təmin	edir	0.750000
da	təsdiq	edir	0.800000
da	təsir	edir	0.375000
da	var	idi	0.702703
da	var	ki	0.162162
da	vardır	ki	0.428571
da	vəfat	etmişdir	0.714286
da	yaxından	iştirak	1.000000
da	öz	növbəsində	0.509804
da	öz	əksini	0.176471
da	özü	ilə	1.000000
da	ən	çox	0.176471
daimi	yaşayış	məntəqəsinə	0.333333
dairəsi	ərazisinə	daxildir	1.000000
dairəvi	və	ya	1.000000
danışıqlar	aparmaq	üçün	0.750000
danışıqlar	yolu	ilə	1.000000
dar	və	geniş	0.666667
daşlı	qayalı	yamaclarda	0.500000
debüt	albomu	işıq	0.428571
debüt	etmiş	və	0.800000
dediyinə	görə	bu	0.137931
dekabrın	də	bakıda	0.176471
dekorativ	bitki	kimi	1.000000
dekorativ	tətbiqi	sənət	1.000000
deməkdir	azərbaycan	toponimlərinin	1.000000
deyirdi	ki	mən	0.272727
digər	adı	ilə	0.428571
digər	ali	təhsil	1.000000
digər	bir	çox	0.068182
digər	bir	məsələ	0.068182
digər	dövlət	və	0.750000
digər	hissələri	ilə	0.600000
digər	hissəsi	isə	0.600000
digər	məlumata	görə	1.000000
digər	orden	və	1.000000
digər	sahələr	üzrə	0.750000
digər	səbəblərə	görə	1.000000
digər	tərəfdən	isə	0.153846
digər	tərəfdən	bu	0.107692
digər	tərəfdən	də	0.076923
digər	tərəfdən	o	0.046154
digər	üzvləri	ilə	0.375000
digər	şəhərlərində	də	0.800000
dili	ilə	yanaşı	0.250000
dili	və	ədəbiyyatı	0.523810
dili	və	ya	0.071429
dilinə	tərcümə	etmişdir	0.170732
dilinə	tərcümə	edilmişdir	0.146341
dilinə	tərcümə	edib	0.097561
dilinə	tərcümə	edilmiş	0.073171
dilinə	tərcümə	olunmuşdur	0.073171
dillərini	mükəmməl	bilirdi	0.333333
dillərinə	tərcümə	edilmişdir	0.285714
diplomu	ilə	bitirmişdir	0.500000
diplomu	ilə	bitirib	0.136364
diplomu	ilə	təltif	0.136364
diqqətini	cəlb	etmişdir	0.184211
diqqətini	cəlb	edir	0.157895
diqqətini	cəlb	etmiş	0.131579
diqqətini	cəlb	edib	0.105263
diqqətini	cəlb	edə	0.078947
diqqətini	cəlb	etməyə	0.078947
diqqətini	özünə	cəlb	0.857143
direktoru	vəzifələrində	çalışmışdır	1.000000
diri	diri	torpağa	0.600000
dissertasiyasını	müdafiə	etmişdir	0.363636
doktoru	alimlik	dərəcəsi	0.750000
doktoru	elmi	dərəcəsi	0.692308
doktoru	elmlər	namizədi	0.600000
doktoru	professor	amea	0.176471
doktoru	professor	azərbaycan	0.176471
doktoru	və	professor	0.411765
doktoru	və	elmlər	0.235294
dollar	gəlir	əldə	0.750000
dollar	təşkil	etmişdir	0.375000
dolları	arasında	dəyişir	1.000000
doğru	hərəkət	etdi	0.222222
doğru	hərəkət	edən	0.111111
doğru	hərəkət	etdilər	0.111111
doğru	hərəkət	edir	0.111111
doğulub	boya	başa	1.000000
dram	və	kino	0.666667
dörd	gün	sonra	0.571429
dörd	hissəyə	bölünür	0.600000
dörd	il	sonra	0.312500
dörd	ildən	bir	0.500000
dörd	nəvəsi	var	0.750000
dörd	yaşında	ikən	0.600000
dövlət	azərbaycan	dram	1.000000
dövlət	bayrağı	rəsmi	0.300000
dövlət	başçıları	şurası	0.750000
dövlət	başçısı	kimi	0.166667
dövlət	dram	teatrında	0.500000
dövlət	dram	teatrı	0.300000
dövlət	hakimiyyəti	orqanlarının	0.333333
dövlət	işləri	ilə	0.800000
dövlət	i̇ncəsənət	i̇nstitutunun	0.375000
dövlət	kukla	teatrı	0.571429
dövlət	musiqili	dram	0.750000
dövlət	mükafatı	laureatı	0.714286
dövlət	mükafatına	layiq	0.750000
dövlət	mədəniyyət	və	1.000000
dövlət	neft	və	0.363636
dövlət	neft	akademiyasının	0.272727
dövlət	opera	və	1.000000
dövlət	pedaqoji	universiteti	0.238095
dövlət	pedaqoji	universitetinin	0.190476
dövlət	pedaqoji	i̇nstitutunun	0.142857
dövlət	peşə	təhsil	1.000000
dövlət	siyasi	i̇darəsinin	1.000000
dövlət	tarix	memarlıq	0.800000
dövlət	teatr	i̇nstitutunun	0.428571
dövlət	teatr	sənəti	0.428571
dövlət	televiziya	və	1.000000
dövlət	təbiət	qoruğu	0.833333
dövlət	təhlükəsizlik	komitəsinin	0.750000
dövlət	universitetinin	filologiya	0.076923
dövlət	universitetinin	jurnalistika	0.076923
dövlət	universitetinin	mexanika	0.076923
dövlət	universitetinin	rektoru	0.057692
dövlət	və	ictimai	0.103448
dövlət	və	özəl	0.103448
dövri	mətbuatda	müntəzəm	0.166667
dövrünə	aid	olan	0.145833
dövrünə	təsadüf	edir	0.600000
dünya	ilə	əlaqə	0.333333
dünya	müharibəsi	zamanı	0.266667
dünya	müharibəsi	illərində	0.120000
dünya	müharibəsi	dövründə	0.106667
dünya	müharibəsi	ərəfəsində	0.066667
dünya	müharibəsi	iştirakçısı	0.053333
dünya	müharibəsi	başa	0.040000
dünya	müharibəsi	dönəmində	0.040000
dünya	müharibəsində	iştirak	0.222222
dünya	müharibəsindən	sonra	0.727273
dünya	müharibəsindən	əvvəl	0.090909
dünya	müharibəsinin	sonlarında	0.176471
dünya	müharibəsinə	qədər	0.500000
dünya	və	avropa	0.400000
dünya	çempionatının	bürünc	0.333333
dünyada	baş	verən	0.875000
dünyada	ən	böyük	0.250000
dünyada	ən	çox	0.166667
dünyada	ən	yaxşı	0.125000
dünyanın	bir	çox	0.763158
dünyanın	bir	sıra	0.131579
dünyanın	dan	çox	1.000000
dünyanın	dən	çox	0.600000
dünyanın	heç	bir	1.000000
dünyanın	hər	yerindən	0.600000
dünyanın	hər	hansı	0.300000
dünyanın	müxtəlif	yerlərində	0.333333
dünyanın	müxtəlif	ölkələrində	0.200000
dünyanın	ən	böyük	0.296000
dünyanın	ən	uzun	0.080000
dünyanın	ən	yaxşı	0.080000
dünyanın	ən	məşhur	0.072000
dünyanın	ən	qədim	0.048000
dünyanın	ən	iri	0.048000
dünyanın	ən	çox	0.040000
dünyanın	ən	gözəl	0.024000
dünyanın	ən	hündür	0.024000
dünyanın	ən	yüksək	0.024000
dünyanın	ən	güclü	0.024000
dünyaya	göz	açıb	0.428571
dünyaya	göz	açmışdır	0.428571
düzbucaqlı	formaya	malik	0.625000
düşməsi	nəticəsində	hərbçi	0.375000
dəniz	səviyyəsindən	ilə	0.328358
dəniz	səviyyəsindən	metr	0.298507
dəniz	səviyyəsindən	m	0.186567
dəniz	səviyyəsindən	hündürlüyü	0.037313
dəniz	səviyyəsindən	təxminən	0.022388
dəniz	səviyyəsindən	yüksəklikdə	0.022388
dəniz	səviyyəsindən	aşağı	0.022388
dəniz	yolu	ilə	0.750000
dərinliyi	m	təşkil	0.333333
dərinliyi	m	olan	0.190476
dərinliyi	metr	təşkil	0.571429
dərinliyi	metr	olan	0.428571
dərsləri	almağa	başladı	0.750000
dərsləri	də	almışdır	1.000000
dərəcəli	idman	ustası	1.000000
dərəcəli	vətən	müharibəsi	1.000000
dərəcəsinə	layiq	görülmüşdür	0.750000
dəstək	olmaq	üçün	0.571429
dəyişikliklər	baş	vermişdir	0.333333
dəyişikliklər	baş	verdi	0.333333
dəyişir	və	bu	0.230769
edilmişdir	ki	bu	0.181818
edilə	bilər	və	0.428571
edirlər	ki	bu	0.115385
edirəm	əfv	edirəm	1.000000
edə	bilir	və	0.375000
edə	bilmir	və	0.625000
edə	bilmədiyi	üçün	0.428571
edə	bilmək	üçün	0.750000
edə	bilməsi	üçün	1.000000
edə	bilməz	və	0.600000
edə	biləcək	bir	0.250000
edə	bilən	bir	0.176471
edə	bilər	və	0.285714
edən	bir	sıra	0.136364
edən	bir	çox	0.090909
edən	bir	qrup	0.068182
edən	digər	bir	0.750000
edən	hər	bir	0.333333
edən	pkk	terrorçuları	0.750000
edən	terrorçular	nəfəri	0.692308
edən	və	ya	0.096774
edən	xüsusi	bir	0.750000
edən	yeni	xalq	0.375000
ekspert	şurasının	üzvü	0.666667
elektromaqnit	qarşılıqlı	təsir	0.750000
elmi	adı	verilmişdir	0.750000
elmi	dərəcəsi	almışdır	0.307692
elmi	dərəcəsi	almaq	0.230769
elmi	fəaliyyəti	ilə	0.200000
elmi	fəaliyyətinin	əsas	0.571429
elmi	işlə	məşğul	0.750000
elmi	işlər	üzrə	1.000000
elmi	işçi	vəzifəsində	0.142857
elmi	işçi	kimi	0.142857
elmi	işçi	böyük	0.102041
elmi	işçi	vəzifələrində	0.102041
elmi	işçi	və	0.081633
elmi	kadrların	hazırlanmasında	0.800000
elmi	konfrans	və	0.333333
elmi	konfranslarda	iştirak	0.428571
elmi	konfransın	materialları	1.000000
elmi	məqalə	və	0.333333
elmi	məqalənin	müəllifidir	0.500000
elmi	məqalənin	və	0.166667
elmi	məruzələrlə	çıxış	0.750000
elmi	praktik	konfransının	0.375000
elmi	praktik	konfransın	0.312500
elmi	praktik	konfransı	0.187500
elmi	redaktor	akademik	0.750000
elmi	rəhbərliyi	ilə	0.625000
elmi	rəhbərliyi	altında	0.375000
elmi	tədqiqat	işləri	0.113924
elmi	tədqiqat	işlərinin	0.113924
elmi	tədqiqat	və	0.088608
elmi	tədqiqat	işi	0.075949
elmi	tədqiqat	işinin	0.050633
elmi	tədqiqat	i̇nstitutu	0.050633
elmi	tədqiqat	pedaqoji	0.037975
elmi	tədqiqatların	sahəsi	0.375000
elmi	və	bədii	0.100000
elmi	və	pedaqoji	0.075000
elmi	və	texniki	0.075000
elmi	şuranın	üzvü	0.500000
elmi	şurasının	qərarı	0.500000
elmi	şurasının	üzvü	0.214286
elmi	əsərin	o	0.480000
elmi	əsərin	müəllifidir	0.160000
elmi	əsərin	bir	0.120000
elmi	əsərlərin	müəllifidir	0.500000
elmləri	doktoru	professor	0.603774
elmləri	doktoru	və	0.094340
elmləri	doktoru	alimlik	0.075472
elmləri	namizədi	alimlik	0.413793
elmləri	namizədi	elmi	0.206897
elmləri	üzrə	fəlsəfə	0.375000
erkən	orta	əsrlərdə	0.680000
ermənistanda	sovet	hökuməti	0.666667
etdi	ki	bu	0.157895
etdi	və	bu	0.068376
etdi	və	onu	0.034188
etdi	və	onun	0.025641
etibarı	ilə	bu	0.250000
etmişlər	hərbçi	yaralanmışdır	0.750000
etmək	imkanına	malikdir	0.500000
etmək	lazım	idi	0.307692
etmək	lazımdır	ki	1.000000
etmək	mümkün	deyil	0.388889
etmək	mümkün	olmur	0.083333
etmək	mümkün	deyildir	0.083333
etmək	mümkün	olmamışdır	0.083333
etmək	mümkün	deyildi	0.083333
etmək	mümkün	olur	0.083333
etmək	məcburiyyətində	qaldı	0.375000
etmək	məcburiyyətində	qalmışdı	0.187500
etmək	məqsədi	ilə	0.880000
etmək	olar	ki	0.814815
etmək	qərarına	gəldilər	0.315789
etmək	qərarına	gəldi	0.210526
etmək	qərarına	gəlir	0.210526
etmək	və	ya	0.086957
etmək	və	onun	0.065217
etmək	və	onları	0.065217
etmək	üçün	istifadə	0.067692
etmək	üçün	bir	0.052308
etmək	üçün	nəzərdə	0.018462
etmək	üçün	onu	0.012308
etmək	üçün	onun	0.012308
etmək	üçün	xüsusi	0.012308
etmək	üçün	öz	0.012308
etmək	üçün	ona	0.009231
etmək	üçün	tədbirlər	0.009231
etmək	üçün	bu	0.009231
etmək	üçün	yeni	0.009231
etməsi	ilə	bağlı	0.176471
etməsi	və	ya	0.285714
etməyi	qərara	aldı	0.375000
etməyi	təklif	edir	0.375000
etməyə	başlayır	və	0.750000
etməyə	cəhd	göstərmiş	0.187500
etməyə	cəhd	göstərmişdir	0.187500
etməyə	davam	edir	0.400000
etməyə	davam	etdi	0.300000
etməyə	ehtiyac	yoxdur	0.750000
etməyə	imkan	verir	0.583333
etməyə	imkan	verən	0.183333
etməyə	imkan	verdi	0.050000
etməyə	kömək	edir	0.500000
etməyə	məcbur	oldu	0.205882
etməyə	məcbur	edir	0.147059
etməyə	məcbur	olur	0.117647
etməyə	məcbur	olan	0.117647
etməyə	əsas	verir	0.600000
etsə	də	bu	0.067797
etsə	də	o	0.050847
etsə	də	sonradan	0.050847
etsə	də	əslində	0.050847
ev	sahibi	ölkə	0.266667
ev	sahibliyi	edir	0.346154
ev	sahibliyi	etmişdir	0.192308
ev	sahibliyi	edəcək	0.153846
ev	var	və	0.600000
ev	və	ya	0.363636
ev	ünvanında	yerləşir	0.500000
ev	ünvanında	yerləşən	0.500000
evi	nəfərə	yaxın	1.000000
fakültəsində	təhsil	alıb	0.384615
fakültəsində	təhsil	almışdır	0.384615
fakültəsində	təhsilini	davam	1.000000
festivalında	ən	yaxşı	1.000000
film	ci	ildə	0.444444
film	ən	yaxşı	1.000000
final	mərhələsinə	vəsiqə	0.500000
finala	vəsiqə	qazana	0.625000
fonunda	baş	verir	0.750000
fransa	və	i̇spaniya	0.142857
fransa	və	i̇ngiltərə	0.142857
fransız	və	ingilis	0.214286
fransız	və	italyan	0.214286
fəaliyyəti	ilə	yanaşı	0.255814
fəaliyyəti	ilə	məşğul	0.232558
fəaliyyəti	ilə	bağlı	0.139535
fəaliyyəti	ilə	məşğuldur	0.069767
fəaliyyətində	mühüm	rol	1.000000
fəaliyyətlə	də	məşğul	0.800000
fəaliyyətlə	məşğul	olmuşdur	0.529412
fəaliyyətlə	məşğul	olur	0.235294
fəhlə	ailəsində	anadan	1.000000
fəlsəfə	doktoru	elmi	0.320000
fəlsəfə	doktoru	və	0.160000
fəlsəfə	elmləri	doktoru	0.666667
fəlsəfə	ilə	məşğul	0.750000
fəlsəfə	və	hüquq	0.333333
fərmanı	ilə	adı	0.250000
fərmanı	ilə	təltif	0.218750
fərmanı	ilə	kəndin	0.156250
geniş	bir	ərazini	0.173913
geniş	inkişaf	etmişdir	0.750000
geniş	istifadə	olunur	0.420290
geniş	istifadə	edilir	0.173913
geniş	istifadə	etmişdir	0.043478
geniş	istifadə	olunurdu	0.043478
geniş	sahə	tutur	0.600000
geniş	tətbiq	olunur	0.214286
geniş	yayılmış	və	0.125000
geniş	yer	tutur	0.291667
geniş	yer	verilmişdir	0.125000
geniş	ərazini	əhatə	0.428571
get	gedə	daha	0.272727
görmək	mümkün	idi	1.000000
göründüyü	kimi	bu	0.138889
görür	və	ona	0.250000
görür	və	onunla	0.250000
göstərən	bir	neçə	0.300000
göstərən	ən	böyük	0.750000
göyçə	gölünün	sahilində	0.800000
gözəl	səsi	olan	0.500000
güc	yolu	ilə	1.000000
gündəlik	ictimai	siyasi	1.000000
günlərin	bir	günü	0.750000
gəlişi	ilə	əlaqədar	0.428571
gəlmək	olar	ki	0.923077
gəlmək	olur	ki	1.000000
gəlməsinə	səbəb	olur	0.411765
gəlməsinə	səbəb	oldu	0.235294
gəlməsinə	səbəb	olmuşdur	0.176471
gələcək	inkişafı	üçün	1.000000
ha	təşkil	edir	1.000000
hadisələr	baş	verir	0.500000
hadisələr	cü	ildə	1.000000
hadisələr	üçün	məsuliyyət	1.000000
hakim	mövqe	tutan	0.800000
hakimiyyəti	altına	düşdü	0.333333
hakimiyyəti	dövründə	inşa	0.120000
hakimiyyəti	öz	əlinə	0.750000
hakimiyyəti	ələ	aldı	0.214286
hakimiyyətə	gəldikdən	sonra	1.000000
halda	rast	gəlinir	0.875000
halda	və	ya	0.750000
hamar	və	ya	0.875000
hektar	ərazini	əhatə	1.000000
hesabı	ilə	qalib	0.442623
hesabı	ilə	məğlub	0.327869
hesabı	ilə	başa	0.065574
hesabı	ilə	qələbə	0.049180
heydər	əliyev	adına	0.130435
heydər	əliyev	fondunun	0.108696
heydər	əliyev	və	0.108696
heydər	əliyev	fondu	0.086957
heydər	əliyevin	anadan	0.136364
heyvan	və	bitki	0.294118
heyətində	oyun	keçirib	0.923077
heyətində	çıxış	edib	0.555556
heç	bir	məlumat	0.044271
heç	bir	qrup	0.039062
heç	bir	şey	0.033854
heç	bir	nəticə	0.031250
heç	bir	yerdə	0.026042
heç	bir	zaman	0.026042
heç	bir	əlaqəsi	0.018229
heç	bir	dəlil	0.015625
heç	bir	qüvvə	0.015625
heç	bir	siyasi	0.010417
heç	bir	şübhə	0.010417
heç	bir	tarixi	0.010417
heç	bir	səbəb	0.010417
heç	bir	halda	0.007812
heç	bir	qol	0.007812
heç	bir	rol	0.007812
heç	bir	fərq	0.007812
heç	bir	iş	0.007812
heç	bir	yerində	0.007812
heç	bir	təhlükə	0.007812
heç	bir	xarici	0.007812
heç	bir	şəkildə	0.007812
heç	bir	məna	0.007812
heç	bir	heyvan	0.007812
heç	bir	müvəffəqiyyət	0.007812
heç	bir	dəyişiklik	0.007812
heç	bir	ölkə	0.007812
heç	bir	şeydən	0.007812
heç	biri	bu	0.107143
heç	də	həmişə	0.065789
heç	də	yaxşı	0.052632
heç	də	az	0.052632
heç	də	belə	0.039474
heç	də	hamısı	0.039474
heç	də	eyni	0.039474
heç	də	asan	0.039474
heç	də	təsadüfi	0.039474
heç	heçə	başa	0.214286
heç	kim	onun	0.120000
heç	nə	yoxdur	0.166667
heç	nə	bilmir	0.125000
heç	vaxt	baş	0.041667
heç	vaxt	öz	0.041667
heç	vaxt	bu	0.041667
heç	şübhəsiz	ki	0.375000
hissəyə	hücum	edən	0.750000
humanitar	elmlər	seriyası	0.500000
humanitar	və	ictimai	0.428571
hörmət	əlaməti	olaraq	1.000000
hüquq	elmləri	üzrə	0.714286
hüquq	fakültəsində	təhsil	0.500000
hüquq	mühafizə	orqanlarında	0.272727
hüquq	mühafizə	orqanları	0.272727
həlak	olmuş	və	0.600000
həm	azərbaycanda	həm	1.000000
həm	də	bu	0.017268
həm	də	onun	0.017268
həm	də	bir	0.014129
həm	də	bütün	0.012559
həm	də	xarici	0.009419
həm	də	azərbaycan	0.007849
həm	də	iqtisadi	0.007849
həm	də	onların	0.007849
həm	də	ona	0.007849
həm	də	rus	0.006279
həm	də	texniki	0.006279
həm	də	şəxsi	0.006279
həm	də	yeni	0.006279
həm	də	yerli	0.006279
həm	də	ondan	0.006279
həm	də	daha	0.006279
həm	də	hərbi	0.006279
həm	də	elmi	0.006279
həm	də	siyasi	0.006279
həm	də	ci	0.006279
həm	də	digər	0.006279
həm	də	ikinci	0.006279
həm	də	ictimai	0.004710
həm	də	iki	0.004710
həm	də	ilk	0.004710
həm	də	başqa	0.004710
həm	də	müdafiə	0.004710
həm	də	şəhər	0.004710
həm	də	ölkənin	0.004710
həm	də	eyni	0.004710
həm	fiziki	həm	1.000000
həm	kişi	həm	1.000000
həm	siyasi	həm	0.750000
həmkarlar	təşkilatının	sədri	0.750000
həmçinin	bir	çox	0.411765
həmçinin	bir	sıra	0.235294
həmçinin	ci	ildə	0.400000
həmçinin	ci	ildən	0.266667
hər	bir	insan	0.026786
hər	bir	şey	0.017857
hər	bir	şəxs	0.017857
hər	bir	şeyi	0.017857
hər	bir	şeyin	0.013393
hər	bir	yeni	0.013393
hər	bir	millətin	0.013393
hər	bir	kəsi	0.013393
hər	bir	fərd	0.013393
hər	bir	kəs	0.013393
hər	biri	bir	0.114286
hər	biri	öz	0.100000
hər	biri	iki	0.071429
hər	biri	müəyyən	0.057143
hər	birinin	öz	0.166667
hər	hansı	bir	0.701422
hər	hansı	başqa	0.018957
hər	iki	tərəfdən	0.061475
hər	iki	tərəfində	0.057377
hər	iki	tərəf	0.053279
hər	iki	ölkənin	0.028689
hər	iki	halda	0.024590
hər	iki	tərəfi	0.024590
hər	iki	ölkə	0.024590
hər	iki	tərəfin	0.020492
hər	iki	tərəfə	0.020492
hər	iki	sahilində	0.016393
hər	iki	tərəfindən	0.016393
hər	iki	dövlətin	0.016393
hər	iki	film	0.012295
hər	iki	mahnı	0.012295
hər	iki	şəxs	0.012295
hər	iki	tərəfdə	0.012295
hər	ikisi	də	0.250000
hər	il	bir	0.074074
hər	il	bu	0.055556
hər	il	keçirilən	0.046296
hər	il	təxminən	0.027778
hər	ildən	bir	0.818182
hər	kəs	üçün	0.186047
hər	kəs	tərəfindən	0.069767
hər	kəs	bir	0.069767
hər	kəs	öz	0.069767
hər	kəsin	bərabər	0.107143
hər	kəsə	öz	0.272727
hər	nə	qədər	0.777778
hər	qadına	kişi	0.555556
hər	qadına	isə	0.444444
hər	vasitə	ilə	1.000000
hər	yerdə	yayılmışdır	0.093750
hər	şey	yaxşı	0.095238
hər	şeydən	əvvəl	0.441176
hər	şeydən	öncə	0.205882
hər	şeydən	uca	0.117647
hər	şeyi	məhv	0.093023
hər	şeyə	qadir	0.300000
hərbi	dəniz	qüvvələri	0.357143
hərbi	dəniz	donanması	0.214286
hərbi	hava	qüvvələri	0.375000
hərbi	hava	qüvvələrinin	0.375000
hərbi	hissəyə	hücum	0.625000
hərbi	məqsədlər	üçün	1.000000
hərbi	rütbəsi	verilmişdir	0.333333
hərbi	vəziyyət	elan	1.000000
hərbi	xidmət	zamanı	0.190476
hərbi	xidmət	müddəti	0.142857
hərbi	xidmətdə	olub	0.444444
hərbi	xidmətdən	sonra	0.555556
hərbi	xidmətdən	qayıtdıqdan	0.333333
hərbi	xidməti	başa	0.375000
hərbi	xidmətini	başa	0.454545
həsr	edilmiş	elmi	0.222222
həsr	etmiş	və	0.300000
həsr	olunmuş	elmi	0.225806
həsr	olunmuş	beynəlxalq	0.048387
həsr	olunmuş	ilk	0.048387
həsənov	h	ə	1.000000
ictimai	həyatında	da	0.300000
ictimai	siyasi	həyatında	0.117647
ictimai	siyasi	və	0.117647
ictimai	siyasi	qəzet	0.098039
ictimai	siyasi	iqtisadi	0.078431
ictimai	və	siyasi	0.333333
ictimai	və	mədəni	0.200000
ictimai	əmək	bölgüsü	1.000000
idarə	edilməsi	üçün	0.214286
idarə	edilməsi	üzrə	0.214286
idarə	etmək	üçün	0.421053
idarə	etməyə	başladı	0.235294
idarə	etməyə	başlayır	0.176471
idarə	heyətinin	sədri	0.230769
idarə	heyətinin	üzvü	0.230769
idarə	olunan	bir	0.200000
idarə	olunmasını	təmin	0.500000
idarə	olunurdu	və	1.000000
idarəsində	yüz	nəfər	1.000000
iddia	edir	ki	0.857143
iddia	edirdi	ki	1.000000
iddia	edirdilər	ki	1.000000
iddia	edirlər	ki	0.800000
ifadə	edən	bir	0.142857
ifadə	etmək	üçün	0.666667
ii	cild	bakı	0.600000
ii	dünya	müharibəsi	0.391304
ii	dünya	müharibəsindən	0.304348
ii	dünya	müharibəsində	0.130435
ii	dünya	müharibəsinin	0.130435
ii	iii	iv	0.500000
ii	yarısından	etibarən	1.000000
ii	şah	abbas	0.600000
ilham	mənbəyi	olmuşdur	0.500000
ilində	vəfat	etmişdir	1.000000
ilk	dəfə	olaraq	0.245014
ilk	dəfə	ci	0.099715
ilk	dəfə	cü	0.039886
ilk	dəfə	cı	0.031339
ilk	dəfə	cu	0.025641
ilk	dəfə	bu	0.017094
ilk	dəfə	bir	0.017094
ilk	dəfə	məhz	0.011396
ilk	dəfə	xix	0.011396
ilk	dəfə	istifadə	0.011396
ilk	dəfə	azərbaycan	0.008547
ilk	dəfə	avropa	0.008547
ilk	həyat	yoldaşı	0.750000
ilk	məlumat	ci	0.300000
ilk	növbədə	onun	0.067797
ilk	sayı	ci	0.750000
ilk	və	ən	0.190476
ilk	və	yeganə	0.190476
ilk	və	tək	0.190476
ilk	və	sonuncu	0.142857
illiyinə	həsr	olunmuş	0.666667
illərdə	azərbaycan	dövlət	0.250000
illərdə	baş	vermiş	0.250000
illərdə	baş	verən	0.250000
illərdə	baş	vermişdir	0.187500
illərdə	böyük	vətən	0.600000
illərdə	də	davam	0.545455
illərdə	inşa	edilmişdir	0.750000
illərdə	m	f	0.666667
imkan	verir	ki	0.562500
imkan	verən	bir	0.130435
imtina	edir	və	0.875000
imtina	etdi	və	0.583333
imtina	etmiş	və	0.750000
incəsənət	və	memarlıq	0.230769
indi	də	qalmaqdadır	0.166667
inkişafa	nail	olmaq	0.750000
inkişafı	gün	çəkir	0.857143
inkişafı	ilə	bağlı	0.250000
inkişafı	ilə	əlaqədar	0.208333
inkişafı	ilə	yanaşı	0.125000
inkişafı	üçün	şərait	0.088889
inkişafı	üçün	böyük	0.088889
inkişafı	üçün	çox	0.066667
inkişafı	üçün	əlverişli	0.066667
inkişafına	böyük	töhfə	0.400000
inkişafına	güclü	təkan	1.000000
inkişafına	mane	olan	0.428571
inkişafına	səbəb	oldu	0.500000
inkişafına	təkan	verdi	0.400000
inkişafına	xüsusi	diqqət	0.800000
insan	hüquqları	və	0.444444
inşa	edilmiş	və	0.218750
inşa	edilmiş	bir	0.156250
inşa	edilmiş	ən	0.093750
inşa	edilmişdir	və	0.500000
inşa	edilən	bina	0.200000
irqi	və	ya	0.600000
istehsalında	geniş	istifadə	1.000000
istehsalında	istifadə	edilir	0.500000
istədiyini	bildirir	və	1.000000
ix	və	x	1.000000
ix	x	əsrlərdə	0.428571
iyul	aylarına	təsadüf	1.000000
iyul	ayına	qədər	0.600000
iyul	ayının	də	0.375000
iyul	ci	ildə	0.717949
iyul	ci	il	0.179487
iyul	cu	ildə	0.750000
iyul	cü	ildə	0.625000
iyul	cü	il	0.375000
iyul	cı	il	0.500000
iyul	cı	ildə	0.500000
iyul	və	avqust	1.000000
iş	yerləri	ilə	0.428571
işlər	üzrə	direktor	0.500000
işlərinə	rəhbərlik	edir	1.000000
işsiz	kişi	və	1.000000
işsizdir	kişi	və	1.000000
iştirak	edir	və	0.333333
iştirak	edə	bilər	0.304348
iştirak	edə	bilməz	0.173913
iştirak	edən	hər	0.057692
iştirak	edən	bütün	0.057692
iştirak	etdi	və	0.571429
iştirak	etmiş	və	0.325000
iştirak	etmişdir	və	0.857143
iştirak	etmək	üçün	0.583333
iştirak	etmək	hüququ	0.208333
iştirak	etməyə	dəvət	0.176471
iştirak	etsə	də	0.833333
iştirak	hüququ	əldə	0.800000
işıq	və	kölgə	0.428571
işıq	üzü	görmüşdür	0.317460
işıq	üzü	gördü	0.222222
işıq	üzü	görüb	0.190476
işıq	üzü	görür	0.111111
işıq	üzü	görmüş	0.079365
işıq	üzü	görən	0.047619
işə	düşməsi	nəticəsində	1.000000
işə	qəbul	edilir	0.200000
işə	qəbul	edilmişdir	0.200000
i̇dman	kompleksi	rəsmi	0.500000
i̇dman	kompleksi	mmc	0.500000
i̇lk	dəfə	olaraq	0.203704
i̇lk	dəfə	ci	0.166667
i̇mam	hüseynin	ə	1.000000
i̇mam	sadiq	ə	1.000000
i̇ngiltərə	almaniya	və	0.750000
i̇ngiltərə	və	fransa	0.357143
i̇ngiltərə	və	fransanın	0.214286
i̇ngiltərə	və	abş	0.214286
i̇ş	o	yerə	1.000000
jandarma	bölməsinə	basqın	0.500000
jurnalistlər	birliyinin	üzvü	0.461538
jurnalistlər	birliyinin	üzvüdür	0.230769
jurnalının	cu	ildə	1.000000
jurnalının	redaksiya	heyətinin	0.666667
jurnalının	redaktoru	idi	0.500000
jurnalının	üz	qabığında	1.000000
karvan	yolları	üzərində	0.800000
kateqoriyası	və	statusu	1.000000
keçdiyi	sırada	pkk	0.800000
keçdiyi	yola	pkk	0.750000
kifayət	qədər	möhkəm	0.056075
kifayət	qədər	uzun	0.037383
kifayət	qədər	çox	0.028037
kifayət	qədər	böyük	0.028037
kifayət	qədər	güclü	0.028037
kifayət	qədər	yaxşı	0.028037
kifayət	qədər	geniş	0.028037
kilometr	təşkil	edir	1.000000
kilometr	ərazini	əhatə	1.000000
kimi	anadan	olmuşdur	1.000000
kimi	başa	düşür	0.428571
kimi	bir	çox	0.425532
kimi	bir	sıra	0.127660
kimi	bir	neçə	0.106383
kimi	bu	dəfə	0.075000
kimi	böyük	bir	0.285714
kimi	ci	ildə	0.500000
kimi	davam	edir	0.300000
kimi	davam	etdi	0.200000
kimi	daxil	oldu	0.230769
kimi	deyil	həm	0.333333
kimi	də	tanınır	0.147368
kimi	də	fəaliyyət	0.063158
kimi	də	tanınmışdır	0.052632
kimi	də	istifadə	0.052632
kimi	də	adlandırılır	0.042105
kimi	də	qəbul	0.042105
kimi	də	çalışmışdır	0.031579
kimi	də	baxmaq	0.031579
kimi	də	qeyd	0.031579
kimi	fəaliyyət	göstərir	0.297872
kimi	fəaliyyət	göstərmişdir	0.191489
kimi	fəaliyyət	göstərib	0.180851
kimi	fəaliyyət	göstərməyə	0.063830
kimi	fəaliyyət	göstərmiş	0.053191
kimi	fəaliyyət	göstərirdi	0.042553
kimi	fəaliyyət	göstərən	0.042553
kimi	fəaliyyətini	davam	0.900000
kimi	fəaliyyətə	başlamışdır	0.312500
kimi	fəaliyyətə	başlayıb	0.312500
kimi	görünür	və	0.600000
kimi	həm	də	0.888889
kimi	hər	bir	0.214286
kimi	ilk	dəfə	0.454545
kimi	istifadə	olunur	0.239766
kimi	istifadə	edilir	0.157895
kimi	istifadə	edilmişdir	0.070175
kimi	istifadə	olunurdu	0.058480
kimi	istifadə	edilə	0.040936
kimi	istifadə	olunmuşdur	0.040936
kimi	istifadə	edir	0.035088
kimi	istifadə	etmək	0.029240
kimi	istifadə	edilmiş	0.023392
kimi	istifadə	olunan	0.023392
kimi	istifadə	edilməsi	0.023392
kimi	istifadə	edilən	0.017544
kimi	istifadə	edən	0.017544
kimi	istifadə	olunması	0.017544
kimi	izah	edirlər	0.240000
kimi	izah	olunur	0.160000
kimi	işarə	olunur	1.000000
kimi	iştirak	etmişdir	0.294118
kimi	iştirak	edir	0.235294
kimi	iştirak	edib	0.176471
kimi	mövcud	olmuş	0.250000
kimi	müəyyən	edilirdi	0.200000
kimi	məşhur	olan	0.333333
kimi	o	da	0.333333
kimi	onun	da	0.250000
kimi	qeyd	edilir	0.162162
kimi	qeyd	olunur	0.162162
kimi	qeyd	olunmuşdur	0.162162
kimi	qeyd	edir	0.081081
kimi	qeydə	alınmışdır	0.750000
kimi	qəbul	edilir	0.127451
kimi	qəbul	edir	0.098039
kimi	qəbul	edirlər	0.078431
kimi	qəbul	olunur	0.068627
kimi	qəbul	olunurdu	0.049020
kimi	qəbul	edilmişdir	0.039216
kimi	qəbul	edirdilər	0.029412
kimi	qəbul	etmək	0.029412
kimi	qəbul	edən	0.029412
kimi	tanınan	bu	0.200000
kimi	tanınır	və	0.250000
kimi	tarixə	düşmüşdür	0.333333
kimi	tarixə	düşüb	0.166667
kimi	tədris	olunur	1.000000
kimi	tələffüz	olunur	0.375000
kimi	təqdim	edir	0.161290
kimi	təqdim	etdi	0.129032
kimi	təqdim	olunmuşdur	0.096774
kimi	təqdim	edirdi	0.096774
kimi	tərcümə	olunur	0.562500
kimi	təsvir	olunur	0.186441
kimi	təsvir	edilir	0.135593
kimi	təsvir	edir	0.101695
kimi	təsvir	etmişdir	0.084746
kimi	təsvir	edilmişdir	0.067797
kimi	təsvir	olunmuşdur	0.050847
kimi	xarakterizə	edir	0.200000
kimi	xarakterizə	olunur	0.200000
kimi	xidmət	edir	0.153846
kimi	xidmət	edirdi	0.115385
kimi	yaşayış	məntəqələri	1.000000
kimi	yenə	də	1.000000
kimi	çıxış	edir	0.558824
kimi	çıxış	edirlər	0.088235
kimi	əmək	fəaliyyətinə	0.666667
kimi	ən	çox	0.444444
kimya	elmləri	doktoru	0.857143
kimya	üzrə	fəlsəfə	0.500000
kimyəvi	və	mineral	0.384615
kimyəvi	və	bioloji	0.230769
kimyəvi	və	fiziki	0.230769
kitabi	dədə	qorqud	1.000000
kitabxana	fəaliyyət	göstərir	1.000000
kitabxana	klub	müəssisəsi	0.750000
kitabxana	mədəniyyət	evi	1.000000
klassik	və	müasir	0.666667
klassik	ədəbiyyatında	işlədilən	1.000000
klip	də	çəkilmişdir	0.750000
klub	öz	ev	0.800000
km	aralıda	yerləşir	0.500000
km	arasında	dəyişir	1.000000
km	cənub	şərqdə	0.478261
km	cənub	qərbdə	0.434783
km	cənubda	yerləşir	0.300000
km	dən	çox	0.277778
km	dən	çoxdur	0.222222
km	dərinliyi	m	0.600000
km	eni	isə	0.527778
km	eni	km	0.416667
km	enə	malikdir	0.750000
km	hövzəsinin	sahəsi	1.000000
km	maksimal	eni	0.500000
km	məsafədə	yerləşir	0.270270
km	məsafədə	uzanır	0.135135
km	məsafədə	yerləşən	0.081081
km	qalmış	ona	0.750000
km	qərbdə	yerləşir	0.500000
km	qərbdən	şərqə	1.000000
km	s	təşkil	0.357143
km	s	sürətlə	0.214286
km	sahəsi	isə	0.666667
km	təşkil	edir	0.945455
km	uzunluğa	malikdir	0.454545
km	uzunluğa	və	0.363636
km	şimal	şərqdə	0.483871
km	şimal	qərbdə	0.451613
km	şimalda	yerləşir	0.500000
km	şimaldan	cənuba	1.000000
km	şərqdə	yerləşir	0.666667
km	ə	qədər	0.461538
km	ə	çatır	0.384615
km	ən	hündür	0.300000
komandasının	heyətində	oyun	0.578947
kombat	oyun	seriyasının	1.000000
komissiyasının	qərarı	ilə	1.000000
komissiyasının	sədri	olmuşdur	0.571429
kömək	etdi	və	0.800000
kömək	etmək	üçün	0.478261
kömək	etmək	və	0.173913
kütləsi	kq	a	0.307692
kəlbəcər	rayonu	ərazisində	0.666667
kəmiyyət	və	keyfiyyət	1.000000
kənd	adı	və	0.600000
kənd	dəniz	səviyyəsindən	1.000000
kənd	inzibati	ərazi	0.954545
kənd	məktəbində	müəllim	0.428571
kənd	mənasını	ifadə	1.000000
kənd	orta	məktəbində	0.315789
kənd	orta	məktəbini	0.315789
kənd	orta	məktəbi	0.210526
kənd	qəbiristanlığında	dəfn	1.000000
kənd	tam	orta	1.000000
kənd	təsərrüfatı	məhsullarının	0.082192
kənd	təsərrüfatı	və	0.061644
kənd	təsərrüfatı	bitkilərinin	0.034247
kənd	təsərrüfatı	üçün	0.027397
kənd	təsərrüfatı	bitkiləri	0.020548
kənd	təsərrüfatı	heyvanları	0.020548
kənd	təsərrüfatı	məhsulları	0.020548
kənd	təsərrüfatı	sahələrinin	0.020548
kənd	təsərrüfatı	ilə	0.020548
kənd	təsərrüfatı	sahəsində	0.020548
kənd	təsərrüfatının	inkişafı	0.304348
kənd	yaşayış	məntəqəsi	0.500000
kənd	şurası	nın	1.000000
kənd	əhalisi	nəfərdir	0.187500
kənd	əhalisinin	sayı	0.357143
kənd	əhalisinin	əsas	0.214286
kəndi	qarabağ	silsiləsinin	0.800000
kəndi	rayon	mərkəzindən	0.750000
kəndli	ailəsində	anadan	0.666667
lakin	bir	müddət	0.236842
lakin	bir	sıra	0.157895
lakin	bir	neçə	0.131579
lakin	bir	gün	0.078947
lakin	bu	zaman	0.065693
lakin	bu	dəfə	0.036496
lakin	bu	təklif	0.021898
lakin	buna	baxmayaraq	0.733333
lakin	bundan	sonra	0.833333
lakin	bunların	heç	0.666667
lakin	burada	da	0.300000
lakin	bütün	bu	0.400000
lakin	bütün	bunlara	0.300000
lakin	bütün	bunlar	0.200000
lakin	ci	ildə	0.360000
lakin	ci	ilin	0.120000
lakin	ci	il	0.120000
lakin	cu	ildə	0.900000
lakin	cü	ildə	0.714286
lakin	daha	sonra	0.545455
lakin	eyni	zamanda	0.600000
lakin	heç	bir	0.600000
lakin	hər	iki	0.315789
lakin	hər	bir	0.157895
lakin	il	sonra	0.750000
lakin	o	bir	0.071429
lakin	o	bu	0.071429
lakin	onlar	bu	0.120000
lakin	xix	əsrin	0.600000
lakin	zaman	keçdikcə	1.000000
lenin	ordeni	qırmızı	0.363636
lenin	tərbiyəsi	uğrunda	1.000000
ləkələr	əmələ	gəlir	0.600000
marağı	daha	da	1.000000
may	ayının	də	0.428571
may	ayının	da	0.333333
may	ci	ildə	0.660000
may	ci	il	0.240000
may	ci	ilə	0.060000
may	cu	ildə	0.800000
may	cü	ildə	0.583333
may	cü	il	0.250000
may	iyun	aylarında	0.363636
may	tarixində	baş	0.500000
mehdi	bəy	oğlu	0.750000
mehdi	hüseynzadə	adına	0.750000
meşə	ilə	örtülü	0.571429
meşə	kənarlarında	və	0.750000
meşələrdə	rast	gəlinir	1.000000
mifologiyasında	və	xalq	0.750000
milad	bayramı	ərəfəsində	0.750000
minanın	partlaması	nəticəsində	1.000000
minə	yaxın	insan	0.222222
mis	və	qızıl	0.428571
misal	göstərmək	olar	1.000000
misal	ola	bilər	1.000000
misal	çəkmək	olar	1.000000
mln	il	əvvəl	1.000000
monqol	mifologiyasında	və	0.800000
monqol	və	altay	1.000000
moskva	dövlət	universitetinin	0.333333
moskva	dövlət	tibb	0.222222
mr	da	təbii	0.750000
musiqi	ilə	məşğul	0.222222
musiqili	dram	teatrı	0.500000
musiqili	komediya	teatrında	0.375000
mustafa	kamal	paşa	0.750000
mustafayev	q	t	1.000000
muzeyi	fəaliyyət	göstərir	1.000000
mövsümün	sonuna	qədər	1.000000
mübarizə	apardı	və	0.857143
mübarizə	aparmaq	üçün	0.392857
mübarizə	aparmağa	kömək	0.428571
mübarizə	aparır	və	0.600000
mübarizə	etmək	üçün	1.000000
müdafiə	edir	və	0.750000
müdafiə	edən	ilk	0.214286
müdafiə	edərək	filologiya	0.333333
müdafiə	etmiş	və	0.428571
müdafiə	etmək	üçün	0.600000
müdafiə	nazirliyi	tərəfindən	0.500000
müdafiə	olunmaq	üçün	0.750000
mühafizə	etmək	üçün	0.428571
mühafizə	olunan	təbiət	0.375000
müharibə	başa	çatdıqdan	1.000000
müharibə	bitdikdən	sonra	1.000000
müharibə	elan	etdi	0.266667
müharibə	ilə	bağlı	0.800000
müharibədə	məğlub	olan	0.750000
müharibənin	sonuna	yaxın	0.600000
müharibəsində	iştirak	edib	0.307692
mühərriki	ilə	təchiz	0.428571
mükafata	layiq	görülmüşdür	0.625000
mükafata	layiq	görülüb	0.312500
mükafatına	layiq	görülmüşdür	0.452381
mükafatına	layiq	görülüb	0.309524
mükafatına	layiq	görüldü	0.095238
mükafatına	layiq	görülür	0.071429
mükafatına	layiq	görülən	0.071429
müqavimət	göstərə	bilməyən	0.571429
müraciət	edir	ki	0.600000
müraciət	etmiş	və	0.428571
müsbət	rəylər	almışdır	0.500000
müsbət	və	mənfi	0.818182
müstəqillik	əldə	etdikdən	0.400000
müstəqillik	əldə	etməsindən	0.200000
müstəqilliyini	bərpa	etdikdən	0.750000
müstəqilliyini	elan	etdi	0.333333
müstəsna	rolu	vardır	0.500000
mütəmadi	olaraq	keçirilən	0.150000
müvafiq	icra	hakimiyyəti	1.000000
müvafiq	olaraq	və	0.150000
müxtəlifliyi	ilə	seçilir	0.375000
məcbur	etmək	üçün	0.428571
məcbur	oldu	və	0.750000
məhsuldar	ötürmə	ilə	0.750000
məhv	edilməsi	ilə	0.375000
məhv	edə	bilər	0.428571
məhv	etmək	üçün	0.368421
məhv	etmək	məqsədi	0.157895
məhz	bu	səbəbdən	0.181818
məhz	bu	dövrdə	0.060606
məhz	bu	üsulla	0.030303
məhz	buna	görə	1.000000
məhz	bundan	sonra	1.000000
məktəb	cu	ildə	1.000000
məktəb	fəaliyyət	göstərir	0.888889
məktəb	kitabxana	mədəniyyət	0.600000
məktəbi	bitirdikdən	sonra	0.964286
məktəbi	ci	ildə	0.666667
məktəbi	fəaliyyət	göstərir	0.750000
məktəbi	fərqlənmə	ilə	0.600000
məktəbi	onun	adını	1.000000
məktəbində	davam	etdirmişdir	0.500000
məktəbində	müəllim	kimi	0.375000
məktəbində	təhsil	alıb	0.250000
məktəbində	təhsil	almışdır	0.250000
məlumat	olmasa	da	1.000000
məlumat	yox	idi	1.000000
məlumat	çox	azdır	1.000000
məlumat	əldə	etmək	0.416667
məlumata	görə	yaşayış	0.108696
məlumata	görə	isə	0.065217
mənaları	ehtiva	edir	1.000000
mənasına	da	gəlir	1.000000
mənbələrin	məlumatına	görə	1.000000
mənbələrə	görə	bu	0.166667
mənbələrə	görə	o	0.166667
mənbəyi	hesab	olunur	0.600000
mənbəyi	kimi	istifadə	0.333333
məni	bu	ayda	1.000000
məqsədlər	üçün	istifadə	0.647059
mərkəzindən	km	şimal	0.306122
mərkəzindən	km	məsafədə	0.204082
mərkəzindən	km	cənub	0.183673
mərkəzindən	km	cənubda	0.122449
mərkəzindən	km	qərbdə	0.081633
mərkəzindən	km	şimalda	0.061224
məsələ	ilə	bağlı	0.800000
məsələsi	ilə	bağlı	0.750000
mətbuat	xidmətinin	rəhbəri	0.750000
məğlubiyyəti	ilə	başa	0.714286
namizəd	kimi	irəli	0.750000
nazirlər	sovetinin	xüsusi	0.444444
neft	emalı	və	0.300000
neft	kimya	prosesləri	0.307692
neft	və	qaz	0.593750
neft	və	təbii	0.125000
neft	və	neft	0.062500
neft	və	sənaye	0.046875
neft	və	kimya	0.046875
ni	təşkil	edir	0.641026
ni	təşkil	edirdi	0.128205
ni	təşkil	etmişdir	0.076923
ni	təşkil	edən	0.076923
ni	əhatə	edir	0.800000
nin	bir	sıra	0.428571
nin	birinci	katibi	0.750000
nin	və	azərbaycan	0.428571
növün	kateqoriyası	və	1.000000
nümayəndə	heyətinin	tərkibində	0.277778
nümayəndə	heyətinin	rəhbəri	0.166667
nümayəndələrinin	iştirakı	ilə	1.000000
nə	az	nə	1.000000
nə	baş	verdiyini	0.625000
nə	keçən	gecə	1.000000
nə	qədər	çox	0.139241
nə	qədər	davam	0.037975
nə	qədər	də	0.037975
nə	qədər	əhəmiyyətli	0.037975
nə	qədər	böyük	0.037975
nə	qədər	ki	0.037975
nə	vaxt	və	0.214286
nə	yaxşı	ki	0.750000
nə	zaman	baş	0.300000
nə	zaman	və	0.300000
nəfər	arasında	şagird	0.583333
nəfər	arasında	nəfər	0.250000
nəfər	azərbaycanlı	yaşamışdır	0.875000
nəfər	ci	ildə	0.769231
nəfər	cü	ildə	1.000000
nəfər	cı	ildə	1.000000
nəfər	digər	səbəblərə	0.818182
nəfər	də	olsun	0.333333
nəfər	həlak	olmuş	0.428571
nəfər	həlak	olmuşdur	0.342857
nəfər	həlak	olub	0.085714
nəfər	isə	yaralanmışdır	0.187500
nəfər	işsiz	kişi	1.000000
nəfər	işsizdir	kişi	1.000000
nəfər	kişi	və	0.920000
nəfər	kişi	qadın	0.080000
nəfər	tələbə	təhsil	0.800000
nəfər	təşkil	edir	0.709677
nəfər	var	idi	1.000000
nəfər	yaşayır	ailə	0.986111
nəfər	ölmüş	nəfər	0.571429
nəfər	ölmüş	və	0.428571
nəfər	ölüb	nəfər	0.272727
nəfər	şagird	və	0.600000
nəfər	əhali	yaşayır	0.416667
nəfər	əhali	yaşayırdı	0.250000
nəfər	əhalisi	olan	0.454545
nəfər	əhalisi	vardır	0.272727
nəfərdir	cu	il	1.000000
nəfərdir	ki	onun	0.750000
nəfəri	isə	qadındır	0.642857
nəfəri	işsiz	kişi	0.888889
nəfəri	işsizdir	kişi	1.000000
nəfəri	kişi	nəfəri	0.528302
nəfəri	kişi	və	0.471698
nəfəri	öldürmüşlər	və	0.750000
nəhayət	ci	ildə	0.666667
nəqliyyat	vasitələri	və	0.333333
nəticəsində	baş	verir	0.647059
nəticəsində	bir	çox	0.272727
nəticəsində	bir	neçə	0.272727
nəticəsində	ci	ildə	0.600000
nəticəsində	dinc	sakin	1.000000
nəticəsində	dən	çox	1.000000
nəticəsində	hərbçi	şəhid	0.600000
nəticəsində	hərbçi	yaralanmışdır	0.200000
nəticəsində	iki	nəfər	0.375000
nəticəsində	meydana	gəlmişdir	0.333333
nəticəsində	məlum	olmuşdur	0.800000
nəticəsində	nəfər	həlak	0.535714
nəticəsində	nəfər	yaralanmışdır	0.178571
nəticəsində	polis	əməkdaşı	0.647059
nəticəsində	təhlükəsizlik	qüvvəsi	0.800000
nəticəsində	yaranmışdır	azərbaycan	0.833333
nəticəsində	əldə	edilən	0.500000
nəticəsində	əmələ	gəlir	0.380952
nəticəsində	əmələ	gələn	0.238095
nəticəsində	əmələ	gəlmiş	0.142857
nəticəsində	ərsəyə	gəlmişdir	0.750000
nəticəsində	əsgər	şəhid	0.473684
nəticəsində	əsgər	yaralanmışdır	0.315789
nəzarəti	altında	olan	0.250000
nəzdində	fəaliyyət	göstərən	0.833333
nəzərdə	tutulan	bir	0.088235
nəzərdə	tutulmuş	bir	0.076923
nəşriyyatı	səh	nüsxə	0.714286
nəşriyyatı	tərəfindən	nəşr	0.300000
okean	səviyyəsindən	m	0.600000
olduqda	baş	verir	1.000000
olmadığını	dedi	və	1.000000
olmuş	ci	ildə	0.500000
olmuş	daha	sonra	0.600000
olmuş	hərbçi	yaralanmışdır	1.000000
olmuş	terrorçu	öldürülmüşdür	1.000000
olmuş	və	nəfər	0.096774
olmuş	və	ci	0.080645
olmuş	və	bu	0.056452
olmuş	və	il	0.040323
olmuş	və	onun	0.040323
olmuş	və	polis	0.024194
olmuş	və	burada	0.024194
olmuş	və	cü	0.024194
oluna	bilər	ki	0.375000
olunan	bir	çox	0.294118
olunması	ilə	bağlı	0.307692
olunmasına	görə	medalı	0.500000
olunmuş	beynəlxalq	elmi	1.000000
olunmuş	elmi	konfransın	0.470588
olunmuş	və	ci	0.062500
olunmuş	və	həmin	0.062500
olunmuşdur	ki	bu	0.285714
ondan	ibarət	idi	0.714286
ondan	ibarətdir	ki	1.000000
ondan	üzr	istəyir	1.000000
onun	adı	ilə	0.428571
onun	adını	daşıyır	0.533333
onun	adını	daşıyan	0.200000
onun	ayrı	ayrı	1.000000
onun	bir	neçə	0.227273
onun	bir	çox	0.136364
onun	bir	sıra	0.136364
onun	bu	işi	0.117647
onun	böyük	oğlu	0.250000
onun	ci	ildə	0.583333
onun	da	nəfəri	0.343750
onun	daha	çox	0.300000
onun	daha	da	0.300000
onun	digər	bir	0.375000
onun	dostu	və	0.600000
onun	dən	çox	0.750000
onun	elmi	rəhbərliyi	0.160000
onun	fikrinə	görə	1.000000
onun	hakimiyyəti	illərində	0.363636
onun	hündürlüyü	m	0.500000
onun	həm	də	0.500000
onun	həyat	yoldaşı	0.730769
onun	həyat	və	0.115385
onun	həyat	yoldaşının	0.115385
onun	həyatını	xilas	0.500000
onun	iştirakı	ilə	1.000000
onun	köməyi	ilə	1.000000
onun	rəhbərlik	etdiyi	1.000000
onun	rəhbərliyi	altında	0.641026
onun	rəhbərliyi	ilə	0.256410
onun	sözlərinə	görə	1.000000
onun	təklif	etdiyi	1.000000
onun	təşəbbüsü	ilə	0.750000
onun	uzunluğu	km	0.533333
onun	vasitəsi	ilə	1.000000
onun	ölümündən	sonra	0.916667
onun	özü	isə	0.333333
onun	özü	ilə	0.250000
onun	əmri	ilə	0.800000
onun	ən	çox	0.161290
onun	ən	məşhur	0.161290
onun	ən	yaxşı	0.096774
onun	ən	böyük	0.096774
onun	əsas	məqsədi	0.166667
onunla	bir	yerdə	0.750000
onunla	izah	olunur	0.375000
onunla	söhbət	edir	0.750000
onunla	əlaqədar	idi	0.600000
oqtay	əfəndiyev	azərbaycan	1.000000
ordu	sıralarında	xidmət	0.800000
ordusu	terror	təşkilatı	1.000000
orta	araz	təbii	1.000000
orta	asiya	və	0.250000
orta	aylıq	temperatur	0.583333
orta	dağ	qurşaqlarında	0.583333
orta	dağ	qurşağında	0.416667
orta	dərinliyi	m	0.800000
orta	hesabla	ildə	0.062500
orta	hesabla	hər	0.062500
orta	hesabla	bir	0.062500
orta	illik	temperatur	0.175000
orta	illik	yağıntının	0.150000
orta	illik	yağıntı	0.125000
orta	illik	miqdarı	0.125000
orta	illik	gəliri	0.100000
orta	illik	su	0.075000
orta	ixtisas	təhsili	0.363636
orta	ixtisas	musiqi	0.272727
orta	məktəb	fəaliyyət	0.157895
orta	məktəb	kitabxana	0.105263
orta	məktəb	və	0.078947
orta	məktəbdə	təhsil	0.166667
orta	məktəbdə	oxuduğu	0.111111
orta	məktəbdə	oxuyarkən	0.083333
orta	məktəbi	bitirdikdən	0.290323
orta	məktəbi	bitirib	0.112903
orta	məktəbi	bitirmişdir	0.096774
orta	məktəbi	fərqlənmə	0.048387
orta	məktəbində	təhsil	0.400000
orta	məktəbini	bitirmişdir	0.571429
orta	sahəsinin	kompozisiyası	1.000000
orta	temperatur	c	0.500000
orta	temperaturu	c	0.450000
orta	tunc	dövrünə	0.500000
orta	tunc	dövrü	0.375000
orta	təhsil	müəssisəsi	0.187500
orta	təhsilini	başa	0.166667
orta	təhsilini	bakı	0.100000
orta	təhsilini	bitirdikdən	0.100000
orta	və	yuxarı	0.152174
orta	və	yüksək	0.130435
orta	və	aşağı	0.130435
orta	və	cənubi	0.108696
orta	və	cənub	0.065217
orta	və	ali	0.065217
orta	yaşı	yaş	0.529412
orta	ömür	müddəti	0.857143
orta	əsr	azərbaycan	0.194444
orta	əsr	müsəlman	0.083333
orta	əsr	mənbələrində	0.083333
orta	əsrlər	dövründə	0.178571
orta	əsrlər	tarixi	0.107143
orta	əsrlər	dövrünün	0.107143
orta	əsrlərdə	bu	0.070175
orta	əsrlərdə	azərbaycanda	0.070175
orta	əsrlərə	aid	0.636364
ortaya	çıxan	bir	0.157895
oval	formaya	malikdir	1.000000
oval	və	ya	0.333333
oxuduğu	orta	məktəb	1.000000
oxşar	cəhətləri	vardır	0.600000
oyunda	meydana	çıxıb	0.333333
oyunda	meydana	çıxdı	0.333333
oyunda	qol	vurub	0.833333
oğlunun	adına	olan	0.750000
parlaq	dövrü	idi	0.600000
parlaq	tünd	yaşıl	0.833333
paşanın	komandanlığı	altında	0.750000
pis	həll	olur	0.500000
planına	uyğun	olaraq	0.750000
problemləri	ilə	bağlı	0.384615
problemləri	ilə	məşğul	0.230769
proqramda	bal	sərbəst	1.000000
proqramda	balla	sərbəst	0.230769
proqramda	balla	beşinci	0.230769
proqramda	balla	dördüncü	0.230769
proqramda	isə	balla	0.500000
proqramda	isə	bal	0.250000
proqramlar	təklif	edir	0.750000
q	ci	ildə	1.000000
qabiliyyətinə	malik	olan	0.375000
qabiliyyətinə	malik	olur	0.187500
qadına	isə	kişi	1.000000
qadına	kişi	yaşı	1.000000
qadınlara	seçki	hüququ	0.750000
qaldığı	müddət	ərzində	1.000000
qaldığı	yerdən	davam	1.000000
qalib	gəldi	və	0.800000
qalib	gəldikdən	sonra	1.000000
qalib	gəlir	və	0.750000
qalib	gəlmək	mümkün	0.428571
qalmış	ona	tökülür	1.000000
qalınlığı	sm	ə	0.400000
qanun	nəşriyyatı	səh	0.800000
qanun	və	qərar	0.363636
qanunu	ilə	təsdiq	0.666667
qarşı	baş	vermiş	0.750000
qarşı	heç	bir	0.857143
qarşı	istifadə	etmək	0.272727
qarşı	mübarizə	aparan	0.222222
qarşı	mübarizə	aparmaq	0.088889
qarşı	mübarizə	aparır	0.066667
qarşı	oyunda	etmişdir	0.736842
qarşıdurma	nəticəsində	hərbçi	0.666667
qarşısını	ala	bilər	0.444444
qarşısını	almaq	üçün	0.587500
qarşısını	almaq	və	0.100000
qarşısını	almaq	məqsədilə	0.062500
qarşısını	almaq	idi	0.037500
qarşısını	alır	və	0.500000
qarşısının	alınması	və	0.272727
qarşısının	alınması	üçün	0.272727
qayda	olaraq	bu	0.051724
qaz	hasil	olunur	0.750000
qaz	və	ya	0.571429
qismən	də	olsa	0.230769
qonur	rəngli	olub	0.333333
qonur	və	ya	0.750000
qoşunlarının	komandanı	general	1.000000
qurub	və	bu	1.000000
qurğu	işə	düşmüşdür	1.000000
qız	övladı	yadigar	0.363636
qəbiristanlığında	dəfn	edilmişdir	0.352941
qəbiristanlığında	dəfn	olunmuşdur	0.235294
qəbiristanlığında	dəfn	edilir	0.235294
qəbul	edildi	və	1.000000
qəbul	edildikdən	sonra	0.833333
qəbul	edilir	və	0.636364
qəbul	edilmiş	və	0.380952
qəbul	edilməsinə	imkan	0.500000
qəbul	edilsə	də	1.000000
qəbul	edilə	bilər	0.600000
qəbul	edir	və	0.636364
qəbul	edə	bilən	0.250000
qəbul	edə	bilər	0.250000
qəbul	edə	bilmir	0.187500
qəbul	etdi	və	0.625000
qəbul	etmir	və	0.500000
qəbul	etmiş	və	0.272727
qəbul	etmək	və	0.147059
qəbul	etmək	üçün	0.117647
qəbul	etmək	lazımdır	0.088235
qəbul	etmək	məcburiyyətində	0.088235
qəbul	etmək	olar	0.088235
qəbul	etməsindən	sonra	1.000000
qəbul	etsə	də	1.000000
qəbul	olunur	və	0.833333
qədim	dövrlərdən	bəri	0.357143
qədim	dövrə	aid	1.000000
qədim	tarixi	vardır	0.444444
qədim	tarixə	malik	0.583333
qədim	tarixə	malikdir	0.250000
qədim	türk	mənşəli	0.175000
qədim	türk	dilində	0.175000
qədim	türk	dillərində	0.175000
qədim	türk	yazılı	0.075000
qədim	və	ən	0.250000
qədim	yunan	dilində	0.187500
qədim	zamanlardan	başlayaraq	0.142857
qədərki	dövrü	əhatə	1.000000
rabitə	və	i̇nformasiya	0.571429
respublika	elmi	praktik	0.437500
respublika	elmi	konfransı	0.250000
respublika	elmi	konfransının	0.187500
respublika	və	beynəlxalq	1.000000
rol	aldığı	film	0.600000
ruh	yüksəkliyi	ilə	0.666667
rədd	etdi	və	0.666667
rəhbərlik	edir	və	0.666667
rəhbərlik	etmiş	və	0.333333
rəhbərlik	etmək	üçün	0.833333
rəhbərliyi	altında	olan	0.097222
rəhbərliyi	altında	elmlər	0.069444
rəhbərliyi	altında	doktorluq	0.041667
rəhbərliyi	altında	komanda	0.041667
rəhbərliyi	ilə	elmlər	0.125000
rəhbərliyi	ilə	nəfər	0.062500
rəisi	təyin	edildi	0.428571
rəqibinə	hesabı	ilə	0.956522
sahibi	oldu	və	1.000000
sahillərində	çoxlu	sayda	1.000000
sahələri	ilə	məşğul	0.363636
sahələri	min	ha	0.600000
sahəsində	bir	sıra	0.600000
sahəsində	bir	çox	0.300000
sahəsində	davam	etdirmək	0.750000
sahəsində	fəaliyyət	göstərən	0.375000
sahəsində	geniş	tədqiqat	0.500000
saxlamaq	üçün	bu	0.120000
saxlamağa	imkan	verir	0.750000
sayının	kəskin	azalmasına	1.000000
silahlı	qüvvələri	tərəfindən	0.176471
siyasi	həm	də	1.000000
siyasi	həyatında	fəal	0.230769
siyasi	iqtisadi	və	0.375000
siyasi	iqtisadi	mədəni	0.187500
siyasi	və	iqtisadi	0.285714
siyasi	və	hərbi	0.142857
siyasi	və	sosial	0.142857
siyasi	və	mədəni	0.089286
siyasi	və	ictimai	0.071429
siyasi	və	dini	0.053571
son	bir	neçə	0.666667
son	dərəcə	ağır	0.062500
son	dərəcə	mühüm	0.062500
son	il	ərzində	1.000000
son	illər	ərzində	0.157895
son	olaraq	da	0.500000
son	orta	əsrlərdə	0.500000
son	qoymaq	üçün	0.500000
son	tunc	dövrünə	0.333333
sona	çatdıqdan	sonra	1.000000
sosial	demokrat	partiyası	0.333333
sosial	demokrat	partiyasının	0.333333
sosial	iqtisadi	və	0.129032
sosial	və	mədəni	0.269231
sosial	və	siyasi	0.192308
sosial	və	iqtisadi	0.192308
sovetinin	deputatı	olub	0.181818
sovetinin	deputatı	seçilmişdir	0.181818
sovetinin	deputatı	olmuşdur	0.136364
sovetinin	rəyasət	heyətinin	0.750000
ssr	ali	sovetinin	0.777778
ssr	dövlət	mükafatı	0.666667
ssr	ea	nın	0.714286
ssr	elmlər	akademiyasının	0.500000
ssr	elmlər	akademiyası	0.500000
ssr	in	əməkdar	0.214286
ssr	xalq	artisti	0.500000
ssr	əməkdar	artisti	0.500000
ssr	əməkdar	incəsənət	0.227273
ssri̇	ali	sovetinin	0.294118
ssri̇	ali	soveti	0.235294
ssri̇	ali	məhkəməsinin	0.176471
ssri̇	dövlət	mükafatı	0.444444
ssri̇	də	ilk	0.150000
ssri̇	ea	nın	0.428571
ssri̇	elmlər	akademiyasının	1.000000
ssri̇	idman	ustası	1.000000
ssri̇	nazirlər	sovetinin	0.714286
ssri̇	nin	ən	0.100000
ssri̇	nin	və	0.100000
ssri̇	nin	dövlət	0.075000
ssri̇	və	xarici	0.272727
ssri̇	xalq	artisti	0.583333
strateji	əhəmiyyətə	malik	0.750000
suları	ilə	qidalanır	0.384615
suriya	və	ərəb	0.375000
sözlərindən	ibarət	olub	0.727273
sözlərinə	görə	bu	0.136364
sözü	ilə	də	0.181818
sözü	ilə	bağlıdır	0.121212
sözü	ilə	əvəz	0.090909
sözün	həqiqi	mənasında	1.000000
sözün	əsl	mənasında	1.000000
sözünün	təhrif	olunmuş	1.000000
sürətlə	hərəkət	edən	0.300000
sürətlə	inkişaf	edir	0.260870
sürətlə	inkişaf	etməyə	0.130435
süxurlarda	rast	gəlir	0.750000
sıra	xarici	ölkələrdə	0.375000
sədri	vəzifəsini	icra	1.000000
səkkiz	yaşında	ikən	0.600000
səmərəli	fəaliyyətinə	görə	1.000000
sənayenin	müxtəlif	sahələrində	1.000000
səyahət	bakı	i̇şıq	1.000000
tam	orta	məktəb	0.323529
tam	orta	məktəbdə	0.205882
tam	orta	məktəbi	0.176471
tam	orta	məktəbində	0.088235
tam	və	ya	0.500000
tanış	oldu	və	0.833333
tanış	olduqdan	sonra	1.000000
tanış	olur	və	0.900000
tarixində	baş	tutmuşdur	0.545455
tarixində	baş	tutan	0.363636
tarixində	ilk	dəfə	0.812500
tarixində	mühüm	rol	0.750000
tarixində	yeni	bir	0.500000
tarixində	ən	böyük	0.259259
teatr	aktyoru	və	0.600000
teatr	və	kino	0.578947
teatrında	tamaşaya	qoyulmuşdur	0.500000
terror	aktı	nəticəsində	0.650000
terror	təşkilatı	öz	0.454545
terror	təşkilatı	pkk	0.272727
terrorçular	nəfəri	öldürmüşlər	0.916667
texnika	elmləri	doktoru	0.833333
ticarəti	ilə	məşğul	0.500000
tiflis	quberniyasının	borçalı	0.750000
topladı	və	idmançı	0.454545
topladı	və	ümumi	0.272727
tunc	dövrünə	aid	0.941176
turnirin	final	mərhələsinə	0.714286
turnirin	qalibi	oldu	0.500000
törədilən	terror	aktı	1.000000
tünd	boz	və	0.333333
tünd	qırmızı	rəngdə	0.400000
tünd	rəngdə	olur	0.500000
tünd	yaşıl	rəngli	0.260870
tünd	yaşıl	alt	0.173913
türkiyənin	hakkari	vilayətinin	0.750000
türkiyənin	ən	böyük	0.300000
təbii	halda	yayılmışdır	0.304348
təbii	halda	rast	0.304348
təbii	halda	bitir	0.130435
təbii	ki	bu	0.208333
təbii	və	süni	0.272727
təbii	və	antropogen	0.181818
təbiət	və	texniki	0.214286
təcili	tibbi	yardım	1.000000
tədbirlərin	həyata	keçirilməsi	0.750000
tədqiqat	işləri	aparmışdır	0.111111
tədqiqat	işləri	ilə	0.111111
tədqiqat	işləri	aparır	0.111111
tədqiqat	işləri	aparılmışdır	0.111111
tədqiqat	işlərinin	nəticələri	0.300000
tədqiqatlar	göstərir	ki	1.000000
tədqiqatçılara	görə	kəndin	0.230769
tədqiqatçıların	fikrincə	bu	0.333333
təhsil	alan	tələbələr	0.153846
təhsil	alan	tələbələrə	0.115385
təhsil	aldıqdan	sonra	1.000000
təhsil	aldığı	illərdə	0.185185
təhsil	aldığı	ilk	0.111111
təhsil	aldığı	müddətdə	0.111111
təhsil	aldığı	dövrdə	0.111111
təhsil	almaq	üçün	0.625000
təhsil	almağa	başlayır	0.300000
təhsil	almış	və	0.260870
təhsil	alır	və	0.777778
təhsil	il	davam	1.000000
təhsil	müddəti	ildir	0.571429
təhsil	müəssisəsi	fəaliyyət	0.277778
təhsil	nazirliyi	tərəfindən	0.357143
təhsil	nəşriyyatı	səh	1.000000
təhsil	və	mədəniyyət	0.172414
təklifi	rədd	edir	0.444444
təklifi	rədd	etdi	0.333333
təmin	edilməsi	üçün	0.238095
təmin	edir	və	0.333333
təmin	edə	bilər	0.230769
təmin	edən	və	0.068182
təmin	etmək	üçün	0.616438
təmin	etmək	və	0.082192
təmin	etmək	məqsədilə	0.054795
təmin	etmək	idi	0.041096
təmin	etmək	məqsədi	0.041096
təmin	etməkdən	ibarətdir	0.833333
təmin	etsə	də	1.000000
təmin	olunması	üçün	0.272727
təmsil	edən	futbol	0.093750
tənqid	etdi	və	1.000000
təqdim	edilmiş	və	0.428571
təqdim	etmək	üçün	0.583333
təqdim	etməsi	ilə	1.000000
təqdim	olundu	və	0.750000
təqib	etməyə	başlayır	0.625000
tərcümə	edilmiş	və	0.500000
tərcümə	ilə	də	0.750000
tərcümə	qeyd	və	1.000000
təsir	edir	və	0.714286
təsir	edən	digər	0.187500
təsir	edərək	onu	0.300000
təsir	göstərmək	üçün	0.750000
təsir	göstərə	bilər	0.357143
təsir	göstərə	biləcək	0.214286
təsir	gücünə	malik	0.750000
təslim	olmağa	məcbur	0.750000
təsərrüfat	sahələrindən	biri	1.000000
təyin	edildi	və	0.800000
təyin	edildikdən	sonra	1.000000
təyin	edilir	və	0.833333
təyin	edilə	bilər	0.750000
təyin	edir	və	0.500000
təyin	etmək	üçün	0.304348
təyin	etmək	mümkündür	0.173913
təyin	etmək	mümkün	0.130435
təyin	etməyə	imkan	0.571429
təyin	oluna	bilər	1.000000
təyin	olunan	və	0.250000
təyin	olunur	və	0.500000
təşkilatın	əsas	məqsədi	1.000000
universitetin	ən	böyük	0.750000
uyğun	olaraq	bir	0.040000
uyğun	olaraq	onun	0.040000
uyğun	olaraq	rusiya	0.030000
uyğun	olaraq	fəaliyyət	0.030000
uyğun	olaraq	müvafiq	0.030000
uğur	əldə	edə	0.263158
uğursuz	mübarizə	apardı	1.000000
uşaq	musiqi	məktəbi	1.000000
uşaq	və	gənclər	0.454545
uşaqlıq	və	gənclik	0.857143
var	idi	və	0.354167
var	idi	ki	0.187500
var	ki	bu	0.153846
var	və	bu	0.162791
var	və	onlar	0.069767
var	və	evlərin	0.069767
var	və	bunun	0.069767
vaxtda	baş	verən	0.500000
verilən	məlumata	görə	1.000000
verilən	məlumatlara	görə	1.000000
verir	ki	bu	0.121212
verir	və	bu	0.090909
verir	və	onu	0.054545
viii	əsrdən	başlayaraq	0.750000
viii	əsrin	əvvəllərində	0.500000
vilayəti	rostov	na	1.000000
vurduqdan	sonra	ci	0.136364
vəfat	edir	və	1.000000
vəfat	etdi	və	0.600000
vəfat	etdikdən	sonra	1.000000
vəfat	etmiş	və	0.476190
vəzifəsini	icra	edir	0.238095
vəzifəsini	icra	edən	0.238095
vəziyyəti	daha	da	1.000000
vəziyyətini	daha	da	1.000000
x	mm	ölçüdə	0.500000
x	mm	ölçülü	0.375000
x	sm	dən	0.187500
x	və	x	0.300000
x	x	sm	0.500000
x	xi	əsrlərdə	0.750000
xalçalar	kateqoriyasına	aiddir	1.000000
xarici	görünüşü	və	0.600000
xarici	işlər	naziri	0.809524
xarici	i̇şlər	nazirliyi	0.360000
xarici	i̇şlər	nazirliyinin	0.280000
xarici	i̇şlər	naziri	0.200000
xarici	və	daxili	0.625000
xarici	ölkə	xalqlarının	0.428571
xidmətdən	qayıtdıqdan	sonra	1.000000
xvi	xvii	əsrlərdə	0.833333
xvi	əsr	türk	0.272727
xvi	əsrin	ikinci	0.225806
xvi	əsrin	əvvəllərində	0.129032
xvi	əsrin	birinci	0.129032
xvi	əsrlərə	aid	0.750000
xvi	əsrə	aid	0.625000
xvii	xviii	əsrlərdə	0.428571
xvii	xviii	əsrlərə	0.285714
xvii	əsrin	əvvəllərində	0.192308
xx	əsr	azərbaycan	0.545455
xx	əsrin	əvvəllərində	0.298701
xx	əsrin	ci	0.116883
xx	əsrin	cı	0.090909
xx	əsrin	əvvəllərinə	0.064935
xx	əsrin	ikinci	0.045455
xx	əsrin	cu	0.045455
xx	əsrin	əvvəllərindən	0.038961
xx	əsrin	ən	0.032468
xx	əsrin	ortalarına	0.025974
xx	əsrin	sonunda	0.025974
xx	əsrin	əvvəlində	0.025974
xx	əsrin	ortalarından	0.025974
xx	əsrin	başlanğıcında	0.019481
xx	əsrin	birinci	0.019481
xx	əsrin	ilk	0.019481
xx	əsrin	ortalarında	0.019481
xüsusi	diqqət	yetirilir	0.181818
xüsusi	diqqət	yetirir	0.181818
xüsusi	ilə	də	0.166667
xüsusi	mühafizə	olunan	0.500000
xüsusi	qeyd	etmək	0.500000
xüsusi	qərarı	ilə	1.000000
xüsusi	rol	oynamışdır	0.444444
xüsusi	təyinatlı	polis	0.187500
xüsusi	təyinatlı	dəstəsində	0.187500
xüsusi	təyinatlı	dəstəsi	0.187500
xüsusi	yer	tutur	0.645161
xüsusi	önəm	verir	0.428571
xüsusi	əhəmiyyət	kəsb	0.571429
xüsusi	əhəmiyyət	verən	0.214286
yalnız	bir	dəfə	0.125000
yalnız	bir	neçə	0.071429
yalnız	bundan	sonra	1.000000
yalnız	ci	ildə	0.608696
yalnız	ci	il	0.130435
yalnız	cu	ildə	0.750000
yalnız	cü	ildə	0.625000
yalnız	cı	ildə	0.500000
yalnız	kiçik	bir	0.555556
yalnız	və	yalnız	0.666667
yanvar	ayının	də	0.437500
yanvar	ayının	da	0.187500
yanvar	ayının	orta	0.187500
yanvar	ci	ildə	0.509434
yanvar	ci	il	0.339623
yanvar	cu	ildə	0.800000
yanvar	cü	ildə	0.692308
yanvar	cü	il	0.307692
yanvar	cı	ildə	0.636364
yanvar	cı	il	0.272727
yanvar	fevral	aylarında	0.600000
yanvarın	orta	temperaturu	0.800000
yanğın	nəticəsində	məhv	0.428571
yaponiya	ilə	ticarət	0.428571
yaponiya	kommunist	partiyasının	1.000000
yaponiya	milli	komandasının	1.000000
yaradıcılıqla	da	məşğul	0.714286
yaradılmasında	iştirak	etmişdir	0.444444
yaralı	və	əsir	0.750000
yarandığı	gündən	bəri	0.187500
yaranmışdır	azərbaycan	toponimlərinin	1.000000
yaranır	və	bütün	0.230769
yardım	etmək	üçün	0.400000
yarpaqlarının	uzunluğu	sm	0.857143
yaxud	bir	neçə	0.571429
yaxud	hər	hansı	1.000000
yaxınlığında	baş	vermiş	0.428571
yayı	quraq	keçən	1.000000
yazda	və	yayda	0.571429
yazıçılar	birliyinin	üzvü	0.272727
yazıçılar	birliyinin	və	0.181818
yazıçılar	birliyinin	üzvüdür	0.121212
yazıçılar	i̇ttifaqının	üzvü	0.444444
yaşayan	yaşdan	böyük	1.000000
yaşlı	uşaqlar	üçün	0.600000
yenidən	bərpa	edilmişdir	0.200000
yenidən	bərpa	edildi	0.200000
yenidən	qurulmuş	və	1.000000
yer	almış	və	0.750000
yer	tutur	və	0.750000
yeri	isə	m	0.600000
yeri	kimi	istifadə	0.272727
yeri	tutaraq	mübarizəni	0.375000
yeri	tutdu	və	1.000000
yerləşir	və	bu	0.085106
yoldaşı	ilə	birlikdə	0.333333
you	don	t	1.000000
yumurtavari	və	ya	0.909091
yuxarıda	adları	çəkilən	0.750000
yuxarıda	qeyd	etdiyimiz	0.363636
yuxarıda	qeyd	olunan	0.318182
yuxarıda	qeyd	edilən	0.181818
yəni	ci	ildə	1.000000
z	ci	illərdə	1.000000
zaman	baş	verir	0.333333
zaman	və	məkan	0.272727
zamanı	aşkar	edilmişdir	0.444444
zamanı	aşkar	edilmiş	0.333333
zamanı	baş	verir	0.307692
zamanı	baş	verən	0.230769
zamanı	bir	sıra	0.230769
zamanı	istifadə	olunur	0.333333
zamanı	istifadə	edilən	0.200000
zamanı	və	ya	0.500000
zaqafqaziya	hərbi	dairəsinin	0.750000
zehni	və	fiziki	1.000000
ziyarət	etdikdən	sonra	1.000000
zəngəzur	qəzasında	indiki	0.428571
zəngəzur	qəzasında	indi	0.428571
çayı	öz	başlanğıcını	0.750000
çayın	orta	illik	1.000000
çayın	uzunluğu	km	1.000000
çempionatında	iştirak	edən	0.500000
çempionatında	mübarizə	apardı	0.750000
çempionatının	qızıl	medalına	1.000000
çin	xalq	respublikası	0.428571
çin	xalq	respublikasının	0.357143
çiçək	qrupunda	yerləşir	0.272727
çiçək	qrupunda	toplanmışdır	0.272727
çoxluq	təşkil	edir	0.333333
çoxluq	təşkil	edən	0.190476
çoxluq	təşkil	etdiyi	0.142857
çoxluq	təşkil	edirdi	0.142857
çıxış	edir	və	0.454545
çıxış	etdi	və	0.800000
çıxış	etmiş	və	0.333333
çıxış	etməyə	başladı	0.272727
çəkilməyə	məcbur	oldu	0.384615
çəkilməyə	məcbur	oldular	0.307692
çəkisi	isə	kq	1.000000
çətinliklə	də	olsa	1.000000
ölkələrində	olduğu	kimi	1.000000
ölkəni	tərk	etməyə	0.333333
ön	sözün	müəllifi	1.000000
ön	və	arxa	0.636364
öyrənməyə	imkan	verir	0.750000
öz	dövrünün	ən	0.363636
öz	dəstəsi	ilə	1.000000
öz	ev	oyunlarını	0.857143
öz	istəyi	ilə	1.000000
öz	mahnısını	ifa	1.000000
öz	müstəqilliyini	elan	0.600000
öz	növbəsində	bir	0.055556
öz	oxu	ətrafında	0.714286
öz	peşəkar	karyerasında	0.916667
öz	qoşunları	ilə	1.000000
öz	təsirini	göstərmişdir	0.454545
öz	üzərinə	götürmüşdür	0.343750
öz	üzərinə	götürdü	0.125000
öz	üzərinə	götürüb	0.125000
öz	üzərinə	götürür	0.093750
öz	əksini	tapmışdır	0.632353
öz	əksini	tapır	0.191176
öz	əksini	tapıb	0.132353
özlərini	müdafiə	etmək	1.000000
özü	də	bu	0.062500
özü	ilə	birlikdə	0.176471
özü	ilə	aparır	0.088235
özünü	büruzə	verir	0.588235
özünü	daha	da	0.500000
özünü	qurban	verir	0.375000
özünü	sultan	elan	1.000000
özünü	yaxşı	hiss	0.600000
ümumilikdə	idmançı	ilə	1.000000
ümumilikdə	nəfər	tələbə	0.333333
ümumilikdə	xal	toplayaraq	1.000000
ümumilikdə	yaşayış	məntəqəsi	1.000000
ünvanında	yerləşən	bina	0.583333
üstünlüyü	ondadır	ki	1.000000
üzərində	bir	neçə	0.300000
üzərində	də	işləyirdi	0.333333
üzərində	inşa	edilmişdir	0.545455
üzərində	işləməyə	başladı	0.500000
üçün	ayrı	ayrı	0.750000
üçün	azərbaycan	dili	0.375000
üçün	belə	adlandırılmışdır	0.458333
üçün	bir	neçə	0.146853
üçün	bir	çox	0.125874
üçün	bir	sıra	0.097902
üçün	bir	yer	0.034965
üçün	bir	plan	0.020979
üçün	böyük	bir	0.186047
üçün	böyük	əhəmiyyət	0.162791
üçün	bütün	zəruri	0.157895
üçün	ci	ilin	0.266667
üçün	ci	ildə	0.200000
üçün	cü	ilin	0.300000
üçün	cü	ildə	0.300000
üçün	daha	çox	0.200000
üçün	də	istifadə	0.181818
üçün	dərs	vəsaiti	1.000000
üçün	e	ə	1.000000
üçün	ehtiyat	hissələri	0.600000
üçün	elementi	olan	1.000000
üçün	geniş	istifadə	0.300000
üçün	heç	bir	0.645161
üçün	heç	nə	0.096774
üçün	hələ	də	0.600000
üçün	hər	cür	0.240000
üçün	hər	bir	0.200000
üçün	hər	iki	0.120000
üçün	ideal	bir	0.333333
üçün	ilk	növbədə	0.461538
üçün	inşa	edilmiş	0.500000
üçün	istifadə	olunur	0.194915
üçün	istifadə	olunan	0.139831
üçün	istifadə	edilir	0.114407
üçün	istifadə	edilən	0.110169
üçün	istifadə	olunurdu	0.050847
üçün	istifadə	edilmişdir	0.042373
üçün	istifadə	etdiyi	0.033898
üçün	istifadə	edilirdi	0.025424
üçün	istifadə	edə	0.021186
üçün	istifadə	edilə	0.021186
üçün	istifadə	edir	0.016949
üçün	istifadə	etdi	0.012712
üçün	istifadə	etmişdir	0.012712
üçün	istifadə	edirlər	0.012712
üçün	istifadə	etməyə	0.012712
üçün	istifadə	olunmuş	0.012712
üçün	istifadə	olunmuşdur	0.012712
üçün	istirahət	və	0.600000
üçün	kifayət	qədər	0.678571
üçün	lazım	olan	0.846154
üçün	lazımi	şərait	0.500000
üçün	mühüm	əhəmiyyət	0.272727
üçün	münasib	idi	0.500000
üçün	məsuliyyət	iddia	0.857143
üçün	nə	qədər	0.500000
üçün	nəzərdə	tutulmuş	0.309524
üçün	nəzərdə	tutulan	0.222222
üçün	nəzərdə	tutulmuşdur	0.174603
üçün	nəzərdə	tutulub	0.158730
üçün	nəzərdə	tutulmuşdu	0.071429
üçün	nəzərdə	tutulurdu	0.039683
üçün	o	qədər	0.166667
üçün	olduqca	əlverişlidir	0.400000
üçün	satışa	çıxarılmışdır	1.000000
üçün	son	dərəcə	0.428571
üçün	səciyyəvi	olan	0.666667
üçün	tez	tez	0.750000
üçün	tədbirlər	görməyə	0.333333
üçün	tələb	olunan	0.833333
üçün	tətbiq	olunan	0.529412
üçün	tətbiq	olunur	0.176471
üçün	təşkil	edilən	0.375000
üçün	təşkil	olunan	0.375000
üçün	vacib	idi	0.272727
üçün	xammal	kimi	0.714286
üçün	xarakterik	olan	0.888889
üçün	xüsusi	bir	0.131579
üçün	yeni	bir	0.250000
üçün	zəruri	olan	0.500000
üçün	çox	böyük	0.084746
üçün	çox	əlverişli	0.084746
üçün	çox	vacib	0.050847
üçün	çox	yararlıdır	0.050847
üçün	özünü	qurban	0.500000
üçün	şərait	yaratdı	0.200000
üçün	şərait	yaradır	0.200000
üçün	əhəmiyyət	kəsb	1.000000
üçün	əlavə	edilmişdir	0.214286
üçün	əlverişli	şərait	0.178571
üçün	əlverişli	olan	0.107143
üçün	əlverişli	şəraiti	0.107143
üçün	ən	yaxşı	0.195652
üçün	ən	vacib	0.086957
üçün	ən	çox	0.065217
üçün	ənənəvi	olan	0.363636
üçüncü	pillənin	sahibi	0.857143
üçüncü	və	sonuncu	0.428571
üçüncü	ən	böyük	0.800000
şagird	təhsil	alır	0.750000
şagird	və	ya	1.000000
şahmat	aləminə	səyahət	1.000000
şimal	cənub	və	1.000000
şimal	hissəsində	yerləşir	0.291667
şimal	qərb	istiqamətində	0.135135
şimal	qərb	hissəsində	0.135135
şimal	qərb	və	0.081081
şimal	qərb	hissəsi	0.081081
şimal	qərbdə	yerləşir	0.375000
şimal	qərbdən	cənub	0.571429
şimal	qərbində	yerləşən	0.363636
şimal	qərbində	yerləşir	0.272727
şimal	və	cənub	0.325000
şimal	və	şimal	0.250000
şimal	və	qərb	0.150000
şimal	şərq	və	0.133333
şimal	şərq	hissəsində	0.100000
şimal	şərqdə	yerləşir	0.384615
şimal	şərqdən	cənub	0.750000
şimaldan	cənuba	doğru	0.360000
şimaldan	cənuba	və	0.120000
şimali	və	mərkəzi	0.500000
şirkəti	ilə	müqavilə	0.176471
şirkəti	tərəfindən	istehsal	0.318182
şöbəsinin	müdiri	vəzifəsində	0.171429
şöbəsinin	müdiri	işləmişdir	0.085714
şöbəsinin	müdiri	olmuşdur	0.085714
şöhrət	ordeni	ilə	1.000000
şəhərin	bir	hissəsi	0.500000
şəhərin	əhalisi	nəfərdir	0.272727
şəhərindən	km	qərbdə	0.238095
şəhərindən	km	şimalda	0.142857
şəhərindən	km	şimal	0.142857
şəhərindən	km	cənub	0.142857
şəhərini	təmsil	edən	1.000000
şəxsin	adı	ilə	0.571429
şəxslər	o	cümlədən	1.000000
ə	ci	ildə	0.416667
ə	ci	illər	0.104167
ə	ci	ilə	0.104167
ə	ci	il	0.104167
ə	ci	illərdə	0.083333
ə	cu	ildə	0.777778
ə	cü	ildə	0.478261
ə	cü	illər	0.173913
ə	cü	illərdə	0.130435
ə	cı	ildə	0.800000
ə	i	minilliyin	0.375000
ə	ii	i	0.400000
ə	iii	minilliyin	0.307692
ə	iii	ii	0.230769
ə	iv	iii	0.333333
ə	qədər	olan	0.154472
ə	qədər	olur	0.089431
ə	qədər	dəyişir	0.032520
ə	qədər	çatır	0.032520
ə	qədər	şəkər	0.024390
ə	qədər	hündürlükdə	0.024390
ə	qədər	elmi	0.024390
ə	qədər	ola	0.024390
ə	qədər	dərinlikdə	0.024390
ə	qədər	artır	0.024390
ə	sabir	adına	0.800000
ə	v	əsrə	0.250000
ə	vii	əsrin	0.545455
ə	yaxın	elmi	0.103448
ə	yaxın	tələbə	0.051724
ə	əliyev	adına	0.625000
ədəbi	fəaliyyətə	ci	1.000000
ədəbiyyat	və	incəsənət	0.344828
ədəbiyyat	və	i̇ncəsənət	0.137931
ədəbiyyatı	tarixi	nin	0.500000
ədəbiyyatı	və	incəsənəti	0.400000
əhali	sayına	görə	1.000000
əhəmiyyətə	malik	idi	0.250000
əhəmiyyətə	malik	olan	0.187500
əlaqə	qurmağa	çalışır	0.500000
əlaqələr	üzrə	işçi	0.666667
əlaqələri	daha	da	1.000000
əliyev	adına	azərbaycan	0.352941
əliyev	adına	coğrafiya	0.235294
əliyev	ci	il	0.428571
əliyev	ci	ildə	0.428571
əliyev	cu	il	0.500000
əliyev	cü	il	0.750000
əliyev	tam	adı	1.000000
əliyev	şahmat	aləminə	1.000000
əliyevin	anadan	olmasının	1.000000
əliyevin	sərəncamı	ilə	1.000000
əmr	etdi	ki	0.571429
əmr	etdi	və	0.428571
əmələ	gəlir	və	0.333333
əmələ	gəlir	ki	0.266667
əmələ	gəlməsi	ilə	0.200000
əmələ	gəlməsi	və	0.171429
əmələ	gəlməsinə	səbəb	0.555556
əmələ	gələ	bilər	0.666667
əmələ	gələn	və	0.187500
əmələ	gətirə	bilər	0.571429
ənənələrini	davam	etdirən	0.600000
ər	kişi	igid	1.000000
ərazi	dairəsində	kənd	0.897436
ərazi	vahidində	kənd	0.864865
əsasən	cü	ildə	0.500000
əsasən	demək	olar	1.000000
əsasən	kənd	təsərrüfatı	0.600000
əsasən	maldarlıq	və	1.000000
əsasən	maldarlıqla	məşğul	1.000000
əsasən	müsbət	rəylər	0.833333
əsasən	müəyyən	edilmişdir	0.750000
əsasən	qar	suları	0.500000
əslində	isə	bu	0.312500
əsrdə	inşa	edilmiş	0.666667
əsrə	aid	olan	0.136364
əsrə	aid	edilən	0.136364
əsrə	aid	edilir	0.113636
əsrə	aid	mənbələrdə	0.090909
əsrə	aid	olduğu	0.068182
əsəri	ci	ildə	1.000000
əsəri	cı	ildə	1.000000
əsərin	o	cümlədən	1.000000
ət	və	ət	0.333333
əvvəl	ci	ildə	0.352941
əvvəl	ci	illərdə	0.235294
əvvəl	cü	ildə	0.357143
əvvəl	meydana	gəlmişdir	0.750000
əvvəl	və	sonra	0.375000
əyalət	paytaxt	şəhərindən	1.000000
əyani	və	qiyabi	0.750000
