адже	він	не	0.333333
адже	йдеться	про	1.000000
адже	під	час	1.000000
але	в	цьому	0.081633
але	в	такому	0.061224
але	вже	не	0.161290
але	вже	з	0.096774
але	ви	не	0.384615
але	вона	не	0.227273
але	вони	не	0.250000
але	вони	були	0.057692
але	вони	мають	0.057692
але	все	ж	0.333333
але	все	одно	0.208333
але	все	ще	0.083333
але	все	це	0.062500
але	все	що	0.062500
але	всі	вони	0.600000
але	відомо	що	1.000000
але	він	не	0.180000
але	він	може	0.080000
але	він	просто	0.080000
але	далеко	не	1.000000
але	для	цього	0.260870
але	для	нас	0.130435
але	з	іншого	0.133333
але	з	часом	0.133333
але	з	кожним	0.100000
але	за	умови	0.250000
але	за	словами	0.125000
але	за	однієї	0.093750
але	зараз	коли	0.115385
але	знову	ж	1.000000
але	й	на	0.102041
але	й	не	0.081633
але	й	деякі	0.061224
але	його	не	0.214286
але	коли	ми	0.151515
але	коли	це	0.090909
але	мені	здається	0.333333
але	ми	не	0.241379
але	ми	бачимо	0.086207
але	ми	можемо	0.051724
але	на	жаль	0.254545
але	на	цьому	0.127273
але	на	цей	0.054545
але	на	заході	0.054545
але	навряд	чи	1.000000
але	навіть	в	0.230769
але	нам	потрібно	0.571429
але	насправді	це	0.230769
але	не	варто	0.068182
але	не	всі	0.060606
але	не	на	0.037879
але	не	змогли	0.030303
але	не	може	0.030303
але	не	з	0.030303
але	не	більше	0.022727
але	не	мав	0.022727
але	не	зміг	0.022727
але	незважаючи	на	1.000000
але	ніхто	не	0.666667
але	нічого	не	0.555556
але	ніяк	не	0.800000
але	очевидно	що	1.000000
але	поки	що	0.478261
але	потрібно	розуміти	0.600000
але	при	цьому	0.950000
але	про	це	0.600000
але	під	час	0.833333
але	після	початку	0.285714
але	після	того	0.285714
але	після	цього	0.214286
але	разом	з	0.800000
але	так	і	0.375000
але	те	що	1.000000
але	тим	не	0.600000
але	точно	не	1.000000
але	тут	питання	0.200000
але	тільки	в	0.500000
але	у	мене	0.225806
але	у	нас	0.161290
але	у	них	0.129032
але	у	нього	0.129032
але	успіху	не	1.000000
але	хто	знає	0.800000
але	це	не	0.304636
але	це	було	0.033113
але	це	вже	0.033113
але	це	може	0.033113
але	це	все	0.026490
але	це	дуже	0.026490
але	це	лише	0.026490
але	це	був	0.019868
але	це	те	0.019868
але	це	тільки	0.019868
але	цього	не	0.315789
але	чи	не	0.272727
але	що	робити	0.384615
але	я	не	0.205128
але	я	думаю	0.128205
але	я	вважаю	0.064103
але	я	можу	0.038462
але	я	ніколи	0.038462
але	як	бачите	0.115385
але	якщо	ви	0.157895
але	якщо	у	0.070175
але	є	ще	0.133333
але	є	один	0.100000
але	і	не	0.171429
але	і	для	0.085714
але	і	на	0.085714
але	їх	можна	0.214286
армія	не	має	0.428571
армії	сша	в	0.833333
багатьох	із	них	0.750000
бажаю	щоб	в	0.333333
батьків	у	кого	0.983333
бачимо	що	вони	0.148148
бачимо	що	з	0.148148
без	будь	яких	0.545455
без	будь	якого	0.272727
без	даху	над	1.000000
без	світла	залишилися	0.166667
без	шкоди	для	1.000000
богу	такої	помилки	1.000000
боку	росії	та	0.375000
боку	сша	та	0.500000
бою	в	україні	0.700000
буде	вдень	невелика	0.687500
буде	вдень	ясно	0.187500
буде	вночі	вдень	1.000000
буде	від	до	0.666667
буде	для	вас	0.555556
буде	дуже	важко	0.444444
буде	дуже	багато	0.222222
буде	за	нами	0.666667
буде	мати	значення	0.500000
буде	на	вашому	0.157895
буде	набагато	простіше	0.428571
буде	не	таким	0.160000
буде	не	до	0.120000
буде	пов	язаний	0.600000
буде	погода	в	0.800000
буде	працювати	на	0.500000
буде	сильний	вітер	1.000000
буде	так	само	1.000000
буде	тому	що	1.000000
буде	ясно	і	1.000000
будемо	сподіватися	що	0.666667
будівлі	на	території	1.000000
було	б	війни	0.052632
було	б	набагато	0.052632
було	б	уникнути	0.052632
було	близько	років	0.375000
було	в	минулому	0.214286
було	вже	років	0.600000
було	видно	що	0.333333
було	все	одно	0.600000
було	відомо	про	0.500000
було	відомо	що	0.375000
було	відчуття	що	1.000000
було	дев	ять	1.000000
було	до	війни	0.333333
було	до	того	0.333333
було	дуже	багато	0.138889
було	дуже	важко	0.138889
було	дуже	мало	0.111111
було	дуже	складно	0.083333
було	лише	років	0.461538
було	пов	язано	1.000000
було	під	час	0.800000
було	років	а	0.272727
було	схоже	на	1.000000
було	таке	що	0.750000
було	чути	звуки	0.428571
бути	в	центрі	0.230769
бути	готові	до	0.625000
бути	не	може	0.181818
бути	не	більше	0.136364
бути	пов	язана	0.500000
бути	пов	язано	0.416667
важливе	значення	для	0.750000
варто	в	цей	0.666667
варто	відмовитися	від	1.000000
варто	жити	в	0.750000
варто	згадати	що	0.750000
варто	пам	ятати	1.000000
варто	подумати	про	0.600000
варто	чекати	на	0.777778
вашому	здоров	ю	1.000000
вдалося	зібрати	понад	0.600000
вдень	в	україні	1.000000
вдень	сильний	дощ	1.000000
вдень	та	вночі	0.977778
вдень	температура	повітря	0.800000
вдень	ясно	і	1.000000
вдень	і	вночі	0.538462
вдень	і	ввечері	0.307692
веде	переговори	з	0.857143
весь	день	ви	0.666667
весь	цей	час	0.842105
взагалі	не	було	0.083333
взуття	то	з	0.495798
взуття	то	ідеально	0.495798
взяли	в	полон	1.000000
взяли	до	уваги	1.000000
взяли	на	себе	1.000000
взяли	під	свій	0.500000
взяли	під	контроль	0.500000
взяли	участь	у	0.312500
взяли	участь	понад	0.187500
вибору	окрім	як	1.000000
вибух	у	районі	0.375000
видно	як	двоє	0.142857
вийшов	в	році	0.750000
вийшов	на	поле	0.272727
вийшов	на	вулицю	0.181818
вийшов	на	зв	0.181818
виконувати	обов	язки	1.000000
використовувати	будь	які	0.428571
використовувати	не	лише	0.750000
випадок	пов	язаний	1.000000
виходу	росії	з	1.000000
вище	ніж	у	0.750000
влада	каже	що	1.000000
власні	очі	побачити	0.500000
води	у	ставку	0.800000
воді	і	на	0.600000
волосся	і	зробила	0.571429
вони	б	ють	0.375000
вони	були	в	0.120000
вони	вважають	що	0.600000
вони	вже	не	0.240000
вони	все	ще	0.300000
вони	все	ж	0.300000
вони	говорять	про	0.600000
вони	з	чоловіком	0.400000
вони	з	дружиною	0.333333
вони	завжди	будуть	0.375000
вони	зрозуміли	що	1.000000
вони	кажуть	що	0.666667
вони	мають	на	0.694118
вони	мають	бути	0.047059
вони	мають	намір	0.035294
вони	можуть	бути	0.186667
вони	можуть	отримати	0.040000
вони	можуть	піти	0.040000
вони	можуть	сильно	0.040000
вони	навіть	не	0.300000
вони	не	мають	0.090226
вони	не	можуть	0.090226
вони	не	могли	0.060150
вони	не	будуть	0.045113
вони	не	знають	0.037594
вони	не	зможуть	0.037594
вони	не	змогли	0.037594
вони	не	робили	0.030075
вони	не	хочуть	0.030075
вони	не	були	0.030075
вони	не	готові	0.030075
вони	не	отримали	0.022556
вони	не	повинні	0.022556
вони	не	розуміють	0.022556
вони	не	тільки	0.022556
вони	не	підуть	0.022556
вони	ніколи	не	1.000000
вони	повідомили	що	0.750000
вони	потрапили	в	0.714286
вони	розуміють	що	0.909091
вони	сказали	що	0.857143
вони	так	і	0.600000
вони	хотіли	б	0.272727
вони	хочуть	щоб	0.150000
вони	це	роблять	0.384615
вони	ще	не	0.461538
вони	ще	можуть	0.230769
впевнені	що	це	0.200000
встановити	зв	язок	1.000000
встановити	контроль	над	1.000000
всі	атаки	ворога	0.714286
всі	вони	були	0.181818
всі	з	них	1.000000
всі	зараз	шукають	0.967213
всі	знають	що	0.642857
всі	питання	про	0.600000
всі	розуміють	що	0.750000
всі	свої	рахунки	0.214286
всі	свої	проблеми	0.214286
всі	ці	роки	0.285714
всі	ці	люди	0.190476
вторгнення	росіян	в	0.750000
вторгнення	росії	в	0.571429
вторгнення	росії	до	0.125000
вторгнення	росії	на	0.071429
втратила	на	війні	0.500000
втратила	на	полі	0.500000
втік	з	місця	0.875000
відбувається	в	україні	0.352941
відбувається	на	полі	0.357143
відмовитися	від	цієї	0.333333
відновити	зв	язок	1.000000
відомий	тим	що	1.000000
відповів	на	запитання	0.250000
відповів	на	питання	0.150000
відповів	що	не	0.210526
відповідь	на	запитання	0.222222
відповідь	на	це	0.177778
відповідь	на	питання	0.066667
відразу	ж	після	0.230769
відстані	до	км	0.777778
візьме	участь	у	0.875000
війни	в	україні	0.852459
війни	в	європі	0.024590
війни	в	росії	0.024590
війни	вважають	що	1.000000
війни	потреби	є	1.000000
війни	росії	проти	0.800000
війни	яку	розв	0.428571
війну	а	не	0.600000
війну	в	україні	0.913580
війну	росії	проти	0.555556
війну	яку	розв	0.600000
війні	в	україні	1.000000
він	брав	участь	0.800000
він	був	у	0.109091
він	був	дуже	0.054545
він	більше	не	0.857143
він	в	інтерв	0.625000
він	вважає	що	0.961538
він	вже	не	0.285714
він	вийшов	на	0.600000
він	все	ще	0.388889
він	все	ж	0.277778
він	все	одно	0.166667
він	входить	до	1.000000
він	відповів	що	0.600000
він	відповідає	за	0.750000
він	думав	що	0.800000
він	знає	що	0.625000
він	зробив	у	0.250000
він	зрозумів	що	1.000000
він	каже	що	0.695652
він	казав	що	0.600000
він	має	право	0.120000
він	може	бути	0.186047
він	може	не	0.069767
він	навіть	не	0.600000
він	написав	у	0.250000
він	написав	що	0.250000
він	народився	в	0.600000
він	не	може	0.109375
він	не	зможе	0.054688
він	не	міг	0.046875
він	не	має	0.046875
він	не	буде	0.046875
він	не	був	0.039062
він	не	розуміє	0.039062
він	не	зміг	0.031250
він	не	став	0.031250
він	не	бачить	0.031250
він	не	вважає	0.023438
він	не	прийшов	0.023438
він	ніколи	не	0.600000
він	нічого	не	1.000000
він	обов	язково	1.000000
він	один	з	0.800000
він	отримав	назву	0.176471
він	повернеться	до	0.750000
він	повернувся	додому	0.444444
він	потрапив	у	0.300000
він	прийшов	у	0.500000
він	про	неї	0.750000
він	разом	з	0.555556
він	разом	із	0.333333
він	розповів	що	0.659574
він	розповів	як	0.127660
він	розповів	про	0.127660
він	розповідав	про	0.500000
він	розуміє	що	1.000000
він	сказав	що	0.621212
він	сказав	в	0.060606
він	сказав	на	0.060606
він	сказав	у	0.060606
він	сказав	під	0.045455
він	та	його	0.750000
він	також	розповів	0.177778
він	також	сказав	0.111111
він	також	мав	0.088889
він	також	не	0.066667
він	також	отримав	0.066667
він	у	мережі	0.176471
він	хоче	щоб	0.176471
він	ще	не	0.272727
він	як	і	0.600000
він	і	його	0.250000
віру	в	те	0.333333
віру	в	перемогу	0.250000
вісім	років	тому	0.500000
вітаю	з	днем	0.846154
вітаю	тебе	з	0.750000
віці	від	до	0.666667
говоримо	про	те	0.416667
говорить	про	те	0.595238
годин	на	день	0.500000
годин	після	того	0.375000
голова	головного	управління	1.000000
головний	тренер	команди	1.000000
готові	до	будь	0.166667
готові	до	того	0.125000
готові	до	цього	0.125000
гроші	в	борг	0.600000
грудня	минулого	року	1.000000
грудня	під	час	1.000000
грудня	року	в	0.166667
групи	з	питань	0.818182
давайте	не	будемо	0.750000
даний	момент	на	0.166667
дві	жінки	та	0.428571
дві	людини	загинули	0.333333
де	вони	зможуть	0.285714
де	ворог	намагався	0.500000
де	можна	було	0.272727
де	це	можливо	0.500000
де	і	коли	0.700000
десять	років	тому	0.187500
десять	років	після	0.187500
деякі	з	них	0.565217
деякі	з	цих	0.130435
деякі	з	яких	0.086957
деякі	країни	члени	0.600000
днями	стало	відомо	1.000000
додати	до	свого	0.375000
докази	того	що	1.000000
допомоги	з	боку	0.636364
допомоги	на	суму	0.461538
допомоги	у	вигляді	0.500000
допомоги	україні	з	0.146341
допомоги	україні	на	0.097561
допомоги	україні	та	0.073171
допомоги	україні	у	0.073171
допомогою	якої	можна	0.600000
допомогу	на	місці	0.625000
допомогу	україні	та	0.217391
допомогу	україні	і	0.130435
допоможуть	вам	досягти	0.230769
доступ	до	своїх	0.125000
досі	не	може	0.153846
дізналася	що	він	0.333333
дізнатися	більше	про	0.750000
дізнатися	що	там	0.300000
дій	в	україні	0.538462
дій	з	боку	0.750000
дій	на	території	0.150000
дій	на	сході	0.150000
жаль	у	нас	0.666667
жаль	це	не	0.600000
жінок	та	дітей	0.375000
жінок	і	дітей	0.411765
з	боку	росії	0.246575
з	боку	сша	0.205479
з	боку	росіян	0.109589
з	боку	ворога	0.082192
з	боку	заходу	0.041096
з	будь	якого	0.291667
з	будь	яким	0.250000
з	будь	якими	0.166667
з	будь	якої	0.166667
з	будь	якою	0.125000
з	більш	ніж	1.000000
з	в	язниці	0.800000
з	вогню	і	1.000000
з	водою	і	0.266667
з	грудня	року	0.538462
з	двома	дітьми	0.400000
з	днем	народження	0.815789
з	дня	його	0.571429
з	до	року	0.133333
з	до	години	0.133333
з	до	та	0.100000
з	до	років	0.100000
з	до	а	0.100000
з	до	ранку	0.100000
з	дому	і	0.214286
з	дружиною	і	0.142857
з	друзями	і	0.333333
з	дітьми	до	0.137931
з	дітьми	та	0.103448
з	його	слів	0.583333
з	його	рук	0.083333
з	його	допомогою	0.083333
з	кимось	з	0.250000
з	кожним	днем	0.833333
з	кожного	боку	1.000000
з	кожної	групи	1.000000
з	контролю	за	0.428571
з	кількох	причин	0.800000
з	липня	року	0.454545
з	липня	минулого	0.136364
з	любов	ю	1.000000
з	людиною	яка	0.187500
з	людиною	з	0.187500
з	людьми	які	0.363636
з	матір	ю	1.000000
з	минулого	року	0.545455
з	моменту	оголошення	0.555556
з	місця	події	0.518519
з	місця	злочину	0.185185
з	на	червня	0.555556
з	нас	не	0.200000
з	нашого	боку	0.642857
з	нашої	землі	0.428571
з	ним	не	0.060976
з	ним	до	0.048780
з	ним	у	0.048780
з	ним	і	0.048780
з	ним	сталося	0.036585
з	ними	на	0.080645
з	ними	не	0.048387
з	ними	і	0.048387
з	ними	буде	0.048387
з	ними	в	0.048387
з	них	були	0.053922
з	них	не	0.053922
з	них	є	0.039216
з	них	мають	0.029412
з	них	у	0.024510
з	них	за	0.024510
з	них	з	0.019608
з	них	можуть	0.019608
з	них	було	0.019608
з	них	одна	0.019608
з	них	вже	0.014706
з	них	це	0.014706
з	них	діти	0.014706
з	них	стосується	0.014706
з	них	до	0.014706
з	них	може	0.014706
з	ніг	на	0.600000
з	одним	із	0.277778
з	одного	боку	0.866667
з	п	яти	1.000000
з	першого	дня	0.518519
з	першого	разу	0.185185
з	першого	місця	0.148148
з	першого	класу	0.111111
з	по	рік	0.368421
з	по	роки	0.236842
з	по	липня	0.105263
з	по	червня	0.078947
з	позиції	сили	1.000000
з	половиною	роки	0.272727
з	половиною	років	0.272727
з	поля	бою	0.533333
з	поля	зору	0.333333
з	початку	року	0.387097
з	початку	війни	0.322581
з	початку	вторгнення	0.064516
з	початку	великої	0.048387
з	прав	людини	0.837838
з	прав	дитини	0.108108
з	президентом	сша	0.500000
з	президентом	росії	0.214286
з	прем	єр	1.000000
з	приводу	того	0.240000
з	причин	чому	0.500000
з	під	контролю	0.538462
з	ранку	і	0.600000
з	року	в	0.105263
з	року	а	0.070175
з	року	займається	0.052632
з	року	по	0.052632
з	росії	та	0.230769
з	росії	в	0.128205
з	росії	до	0.076923
з	рук	в	0.428571
з	різних	причин	1.000000
з	самого	ранку	0.565217
з	самого	початку	0.347826
з	собою	в	0.088235
з	собою	та	0.088235
з	собою	на	0.088235
з	собою	і	0.088235
з	сім	єю	1.000000
з	такою	ж	0.666667
з	тим	що	0.476744
з	тим	у	0.104651
з	тим	хто	0.046512
з	тим	же	0.034884
з	тим	чи	0.034884
з	тим	на	0.034884
з	тими	хто	0.518519
з	тими	кого	0.148148
з	тих	пір	0.375000
з	тих	хто	0.250000
з	тих	часів	0.093750
з	того	часу	0.333333
з	того	що	0.294118
з	того	моменту	0.098039
з	того	боку	0.078431
з	точки	зору	0.977273
з	тієї	ж	0.500000
з	усього	світу	0.478261
з	х	років	1.000000
з	цим	не	0.057692
з	цим	він	0.057692
з	цим	у	0.057692
з	цим	на	0.057692
з	цього	приводу	0.323529
з	цього	питання	0.191176
з	цього	дня	0.073529
з	цього	не	0.044118
з	цього	моменту	0.044118
з	цією	метою	0.437500
з	цією	справою	0.187500
з	цієї	причини	0.266667
з	червня	року	0.222222
з	червня	по	0.222222
з	чоловіком	та	0.257143
з	чоловіком	фото	0.085714
з	чоловіком	і	0.085714
з	явився	на	0.250000
з	явився	в	0.088235
з	явився	новий	0.088235
з	явився	у	0.058824
з	явився	перед	0.044118
з	явився	ще	0.044118
з	явився	до	0.044118
з	явилася	інформація	0.400000
з	явилася	на	0.176471
з	явилася	в	0.082353
з	явилася	у	0.070588
з	явилася	нова	0.058824
з	явилися	перші	0.122807
з	явилися	фото	0.087719
з	явилися	нові	0.070175
з	явилися	на	0.052632
з	явилися	у	0.052632
з	явиться	в	0.138889
з	явиться	бажання	0.111111
з	явиться	на	0.111111
з	явиться	можливість	0.111111
з	явиться	шанс	0.083333
з	являється	в	0.210526
з	являється	на	0.210526
з	яким	вона	0.125000
з	яким	у	0.125000
з	яким	в	0.125000
з	якими	ми	0.181818
з	якими	у	0.068182
з	якими	можна	0.068182
з	якими	ти	0.068182
з	яких	було	0.065574
з	яких	були	0.065574
з	яких	жінки	0.049180
з	ім	ям	1.000000
з	інтерв	ю	1.000000
з	іншими	людьми	0.615385
з	іншого	боку	0.777778
з	її	слів	0.272727
за	багато	років	1.000000
за	будь	яку	0.450000
за	будь	яких	0.300000
за	вас	і	0.600000
за	весь	час	0.480000
за	весь	період	0.160000
за	весь	рік	0.120000
за	весь	цей	0.120000
за	все	це	0.094017
за	все	не	0.051282
за	все	що	0.051282
за	все	буде	0.051282
за	все	ми	0.034188
за	все	будуть	0.025641
за	все	в	0.025641
за	все	на	0.025641
за	все	потрібно	0.025641
за	все	він	0.025641
за	всю	історію	0.692308
за	годин	до	0.666667
за	два	тижні	0.250000
за	два	дні	0.225000
за	два	роки	0.225000
за	два	місяці	0.125000
за	два	три	0.100000
за	дев	ять	1.000000
за	декілька	днів	0.321429
за	декілька	місяців	0.250000
за	декілька	годин	0.142857
за	декілька	тижнів	0.107143
за	день	до	0.733333
за	десять	років	0.750000
за	днів	після	0.266667
за	днів	до	0.266667
за	доларів	за	0.428571
за	допомогою	яких	0.112903
за	допомогою	до	0.112903
за	допомогою	цього	0.064516
за	допомогою	якої	0.064516
за	допомогою	якого	0.064516
за	допомогу	в	0.375000
за	друге	місце	1.000000
за	здоров	я	0.833333
за	злочини	проти	0.727273
за	його	словами	0.975347
за	його	життя	0.006163
за	його	допомогою	0.004622
за	кермом	був	0.166667
за	км	від	0.600000
за	км	на	0.342857
за	кордон	і	0.070175
за	кордон	не	0.070175
за	кордон	через	0.070175
за	кордон	на	0.070175
за	кордон	під	0.070175
за	кордон	для	0.052632
за	крок	від	0.857143
за	кілометрів	від	0.521739
за	кілометрів	на	0.347826
за	кілька	годин	0.547445
за	кілька	днів	0.189781
за	кілька	тижнів	0.087591
за	кілька	хвилин	0.051095
за	кілька	місяців	0.036496
за	кілька	кілометрів	0.029197
за	кілька	років	0.029197
за	метрів	від	1.000000
за	місце	в	0.428571
за	місяць	до	0.142857
за	місяць	у	0.142857
за	місяців	року	0.250000
за	нашу	свободу	0.428571
за	неї	на	0.300000
за	один	день	0.388889
за	один	раз	0.333333
за	однією	з	1.000000
за	однієї	умови	1.000000
за	останні	два	0.134615
за	останні	роки	0.125000
за	останні	років	0.096154
за	останні	кілька	0.076923
за	останні	три	0.076923
за	останні	п	0.067308
за	останні	тижні	0.057692
за	останні	днів	0.038462
за	останні	місяці	0.038462
за	останні	десять	0.038462
за	останні	дні	0.028846
за	останній	рік	0.450000
за	останній	час	0.250000
за	останній	тиждень	0.225000
за	останній	місяць	0.075000
за	п	ять	0.900000
за	перший	день	0.600000
за	перші	чотири	0.272727
за	понад	рік	0.545455
за	порушення	правил	0.571429
за	пів	години	0.444444
за	пів	року	0.444444
за	підтримки	сша	0.444444
за	рахунку	на	1.000000
за	рахунок	того	0.150000
за	рахунок	власних	0.150000
за	рік	до	0.179487
за	свою	віру	0.285714
за	своє	життя	0.600000
за	свої	гроші	0.333333
за	словами	президента	0.127451
за	словами	голови	0.088235
за	словами	жінки	0.078431
за	словами	одного	0.058824
за	словами	прем	0.049020
за	словами	військових	0.039216
за	словами	директора	0.039216
за	словами	доктора	0.029412
за	словами	його	0.029412
за	собою	право	0.363636
за	старих	часів	1.000000
за	таких	обставин	1.000000
за	те	що	0.818182
за	те	щоб	0.106061
за	те	як	0.045455
за	тиждень	з	0.259259
за	тиждень	до	0.222222
за	тим	що	0.321429
за	тим	як	0.285714
за	тим	щоб	0.214286
за	тисяч	доларів	1.000000
за	тисячі	доларів	0.666667
за	той	же	0.428571
за	три	дні	0.421053
за	три	тижні	0.157895
за	три	місяці	0.157895
за	три	роки	0.157895
за	удар	по	1.000000
за	умови	що	0.705882
за	участь	у	0.714286
за	хвилини	до	0.750000
за	це	його	0.075472
за	цей	час	0.671429
за	цей	період	0.114286
за	цей	рік	0.100000
за	час	війни	0.187500
за	чотири	роки	0.416667
за	чотири	місяці	0.333333
за	шість	місяців	0.555556
за	що	їх	0.148148
за	що	її	0.111111
за	яких	обставин	0.750000
за	євро	в	0.714286
за	їх	словами	0.571429
за	її	словами	0.909091
за	її	межами	0.032468
заборонено	в	цей	1.000000
завтра	буде	невелика	0.615385
завтра	в	україні	0.750000
завтра	ви	можете	0.600000
загрожує	від	до	0.571429
загрожує	до	років	0.941176
загрожує	покарання	у	0.428571
задля	того	щоб	1.000000
зайняті	позиції	на	0.777778
залишилися	без	світла	0.363636
запитання	про	те	0.454545
запросили	на	зустріч	0.600000
заходу	у	вигляді	1.000000
захід	від	міста	0.545455
захід	йдеться	у	1.000000
захід	у	вигляді	0.750000
заяву	до	поліції	1.000000
збирати	інформацію	про	1.000000
зв	язки	з	0.375000
зв	язки	із	0.125000
зв	язку	з	0.631068
зв	язку	зі	0.067961
зв	язку	із	0.058252
зв	язку	та	0.043689
зв	язку	на	0.019417
зв	язку	між	0.014563
зв	язку	і	0.014563
зв	язок	з	0.258065
зв	язок	між	0.193548
зв	язок	із	0.145161
зв	язок	зі	0.048387
зв	язок	та	0.048387
зважаючи	на	те	0.470588
здоровий	спосіб	життя	1.000000
значно	більше	ніж	0.625000
знову	ж	таки	1.000000
знову	і	знову	0.833333
зробив	ставку	на	1.000000
зрозуміла	що	це	0.111111
зрозуміли	що	вони	0.150000
зрозуміло	що	це	0.108108
зрозуміло	що	ми	0.081081
зустрітися	з	президентом	0.375000
й	без	того	1.000000
й	день	народження	0.571429
й	матч	в	1.000000
й	на	цьому	0.125000
й	на	заході	0.125000
й	на	інших	0.125000
й	позиції	в	0.750000
й	під	час	1.000000
й	та	й	1.000000
й	те	що	0.625000
й	ті	хто	1.000000
йому	було	років	0.294118
йому	загрожує	до	0.500000
йому	не	вдалося	0.173913
йому	повідомили	про	1.000000
йому	це	не	0.666667
кажучи	вже	про	1.000000
казав	що	не	0.250000
кар	єру	в	0.548387
карта	говорить	про	1.000000
керівник	головного	управління	1.000000
класу	повітря	повітря	0.625000
класу	повітря	земля	0.375000
км	від	лінії	0.333333
км	на	південь	0.258065
км	на	схід	0.225806
км	на	захід	0.129032
км	на	північ	0.129032
кожної	з	них	0.750000
коп	від	рівня	1.000000
кордон	під	час	1.000000
країна	може	отримати	0.500000
країну	в	якій	0.428571
курс	на	рівні	0.500000
курс	євро	до	0.380952
курс	євро	при	0.285714
курс	євро	у	0.142857
кількість	людей	які	0.272727
кількість	тих	хто	0.600000
кінця	х	років	0.600000
кінця	цього	року	0.750000
липня	в	україні	0.800000
липня	минулого	року	1.000000
липня	під	час	1.000000
липня	року	в	0.150000
липня	цього	року	1.000000
мав	би	бути	0.444444
мав	на	увазі	0.727273
мав	на	меті	0.272727
мало	хто	знає	0.428571
матеріал	про	те	1.000000
маємо	бути	готові	0.800000
маємо	справу	з	1.000000
маємо	інформацію	про	0.600000
мм	що	в	0.666667
мм	і	мм	1.000000
мобільний	зв	язок	1.000000
мобільний	телефон	який	0.250000
мобільний	телефон	та	0.187500
мобільний	телефон	із	0.187500
мобільний	телефон	і	0.187500
можемо	говорити	що	0.428571
можемо	говорити	про	0.428571
можемо	сказати	що	0.800000
можна	буде	побачити	0.176471
можна	буде	говорити	0.088235
можна	було	б	0.238806
можна	було	побачити	0.059701
можна	було	би	0.059701
можна	було	за	0.044776
можна	було	купити	0.044776
можна	було	зробити	0.044776
можна	в	цей	0.500000
можна	в	будь	0.250000
можна	вважати	що	0.750000
можна	використовувати	як	0.321429
можна	говорити	про	0.500000
можна	говорити	що	0.250000
можна	додати	до	0.333333
можна	за	допомогою	0.800000
можна	знайти	на	0.250000
можна	знайти	в	0.250000
можна	зробити	з	0.148148
можна	зустріти	на	0.375000
можна	лише	з	0.375000
можна	побачити	на	0.200000
можна	побачити	як	0.160000
можна	подумати	що	0.750000
можна	поставити	з	0.583333
можна	піти	в	0.750000
можна	робити	в	0.315789
можна	робити	на	0.157895
можна	сказати	що	0.714286
можна	скільки	завгодно	1.000000
можна	і	не	0.187500
можна	їсти	в	0.250000
можуть	бути	не	0.078125
можуть	бути	певні	0.046875
можуть	бути	люди	0.046875
можуть	бути	й	0.046875
можуть	взяти	участь	1.000000
можуть	використати	для	0.750000
можуть	допомогти	в	0.272727
можуть	забути	про	0.750000
можуть	залишатися	в	1.000000
можуть	зробити	це	0.333333
можуть	отримати	доступ	0.187500
можуть	піти	на	0.666667
можуть	це	зробити	1.000000
між	нами	та	0.428571
між	собою	та	0.200000
між	сша	та	0.555556
між	сша	і	0.444444
між	і	роками	1.000000
мільйонів	доларів	сша	0.142857
мільйонів	доларів	на	0.114286
мільйонів	євро	на	0.187500
місяців	цього	року	1.000000
навряд	чи	вдасться	0.109091
навряд	чи	це	0.090909
навряд	чи	зможе	0.072727
навряд	чи	буде	0.054545
навряд	чи	зможуть	0.054545
над	тим	щоб	0.642857
над	тим	як	0.142857
над	цим	працюємо	0.300000
надії	на	те	0.428571
найкращий	вигляд	мають	1.000000
найкращий	час	для	0.666667
найкращі	умови	для	1.000000
напад	росії	на	1.000000
народження	а	також	0.500000
наскільки	мені	відомо	1.000000
наскільки	це	можливо	0.636364
наскільки	я	знаю	0.600000
наслідки	у	фото	1.000000
наступний	рік	буде	0.214286
наступний	рік	і	0.214286
наше	місто	і	1.000000
незабаром	після	цього	0.500000
незважаючи	на	те	0.428571
незважаючи	на	це	0.089286
незважаючи	на	всі	0.053571
незважаючи	ні	на	1.000000
нещодавно	стало	відомо	1.000000
них	двоє	дітей	0.600000
них	може	бути	0.500000
них	можуть	бути	0.800000
них	не	було	0.142857
них	нічого	не	1.000000
них	одна	дитина	0.833333
новий	пакет	допомоги	0.750000
новий	рік	у	0.103448
новий	рік	фото	0.103448
нові	можливості	для	0.545455
носити	з	собою	1.000000
ну	це	ж	0.600000
ні	в	чому	0.266667
ні	в	якому	0.233333
ні	в	кого	0.133333
ні	в	одному	0.100000
ні	для	кого	0.875000
ні	до	мене	0.428571
ні	з	чим	0.384615
ні	з	ким	0.384615
ні	на	що	0.406250
ні	на	день	0.187500
ні	про	що	0.833333
ні	у	кого	0.600000
ні	я	не	0.500000
ніж	будь	коли	0.375000
ніж	в	інших	0.250000
ніж	за	весь	0.148148
ніж	за	рік	0.111111
ніж	за	три	0.111111
ніж	за	годин	0.111111
ніж	на	мм	0.157895
ніж	під	час	1.000000
ніж	років	тому	1.000000
ніж	у	році	0.142857
ніж	це	було	0.600000
ніж	я	очікував	0.571429
нікуди	не	зникли	0.272727
нічого	з	цього	0.500000
нічого	не	відомо	0.087302
нічого	не	зміниться	0.039683
нічого	не	вийшло	0.039683
нічого	не	виходить	0.039683
нічого	не	може	0.031746
нічого	не	загрожує	0.031746
нічого	не	відбувається	0.023810
нічого	не	говорить	0.023810
нічого	не	було	0.023810
нічого	не	залишилось	0.023810
нічого	не	змінилося	0.023810
нічого	спільного	з	0.800000
нічого	цього	не	1.000000
ніщо	не	загрожує	0.750000
ніщо	інше	як	1.000000
одна	з	них	0.333333
одна	з	причин	0.090909
одна	з	яких	0.075758
одна	з	таких	0.060606
одна	з	проблем	0.045455
одна	з	жінок	0.045455
одна	з	найкращих	0.045455
одна	людина	загинула	0.466667
одна	людина	ще	0.133333
одному	з	яких	0.166667
одному	з	таких	0.133333
одному	з	останніх	0.100000
одному	з	інтерв	0.100000
одному	і	тому	0.600000
однієї	з	військових	0.352941
одяг	і	взуття	0.600000
означає	це	що	1.000000
означає	що	вони	0.117647
означає	що	ми	0.105882
означає	що	в	0.082353
означає	що	ви	0.047059
означає	що	якщо	0.047059
означає	що	не	0.035294
останні	два	тижні	0.400000
останні	два	роки	0.333333
останні	два	місяці	0.200000
останні	десять	років	0.750000
останні	кілька	днів	0.357143
останні	кілька	місяців	0.214286
останні	кілька	тижнів	0.214286
останні	п	ять	1.000000
останні	роки	життя	0.176471
останні	три	тижні	0.300000
останні	три	роки	0.300000
останніх	двох	місяців	0.500000
п	яти	років	0.404762
п	яти	до	0.142857
п	яти	днів	0.095238
п	ятий	президент	0.615385
п	ятницю	грудня	0.127273
п	ятницю	червня	0.109091
п	ятницю	в	0.109091
п	ятницю	липня	0.109091
п	ятницю	буде	0.090909
п	ятницю	і	0.054545
п	ятницю	у	0.054545
п	ять	років	0.326733
п	ять	разів	0.128713
п	ять	хвилин	0.059406
п	ять	днів	0.059406
п	ять	місяців	0.049505
п	ять	нових	0.039604
п	ять	діб	0.029703
п	ять	годин	0.029703
партії	слуга	народу	1.000000
перемога	буде	за	1.000000
перемога	у	війні	0.750000
перше	місце	в	0.238095
перше	місце	за	0.142857
перший	випадок	коли	0.888889
перший	крок	до	0.307692
перший	крок	для	0.230769
пов	язана	з	0.782609
пов	язана	із	0.130435
пов	язаний	з	0.583333
пов	язаний	із	0.277778
пов	язаний	зі	0.083333
пов	язано	з	0.714286
пов	язано	із	0.107143
пов	язані	з	0.759494
пов	язані	із	0.126582
повинна	бути	не	0.300000
повітря	в	неділю	0.375000
повітря	вночі	вдень	0.833333
погода	в	україні	0.823529
погода	вночі	вдень	1.000000
подумати	про	те	0.400000
подій	в	україні	1.000000
порушення	правил	безпеки	1.000000
потрапив	до	лікарні	0.466667
потрапив	у	полон	0.307692
потрапив	у	лікарню	0.230769
потрібно	було	щось	0.719512
потрібно	більше	працювати	0.428571
потрібно	всього	лише	1.000000
потрібно	від	до	1.000000
потрібно	добре	попрацювати	0.750000
потрібно	обов	язково	1.000000
потрібно	пам	ятати	1.000000
потрібно	розуміти	що	0.833333
почав	говорити	про	1.000000
почала	зустрічатися	з	0.600000
прав	людини	в	0.347826
прав	людини	та	0.260870
практично	не	було	0.375000
практично	по	всій	1.000000
працює	в	україні	0.230769
працює	на	території	0.200000
працює	на	ворога	0.200000
президент	польщі	анджей	0.777778
президент	сказав	що	0.800000
президент	сша	джо	0.695652
президента	сша	джо	0.608696
президента	сша	з	0.130435
президента	та	його	1.000000
президентом	сша	джо	0.777778
прибули	на	місце	0.625000
прив	язані	до	0.800000
прийшов	до	нього	0.363636
приклад	того	як	0.666667
про	батьків	у	1.000000
про	будь	які	0.625000
про	великі	втрати	0.800000
про	взуття	то	1.000000
про	вибух	у	0.500000
про	вибух	в	0.500000
про	вихід	з	0.571429
про	всяк	випадок	1.000000
про	втрати	серед	0.230769
про	війну	в	0.589744
про	війну	та	0.128205
про	допомогу	україні	0.357143
про	допомогу	в	0.285714
про	здоров	я	1.000000
про	його	смерть	0.235294
про	кількість	та	0.600000
про	людей	які	0.500000
про	намір	передати	0.333333
про	новий	пакет	0.916667
про	нібито	знищення	0.210526
про	нібито	плани	0.157895
про	одну	з	0.500000
про	особисте	життя	1.000000
про	переговори	з	0.428571
про	проблеми	з	0.384615
про	проблему	з	1.000000
про	роботу	над	0.200000
про	розлучення	з	0.500000
про	свою	долю	0.200000
про	своє	здоров	0.285714
про	своє	життя	0.238095
про	своє	рішення	0.190476
про	свої	стосунки	0.187500
про	свої	проблеми	0.187500
про	свій	намір	0.300000
про	себе	знати	0.250000
про	ситуацію	на	0.511628
про	ситуацію	в	0.186047
про	стан	здоров	0.625000
про	створення	в	0.250000
про	стосунки	з	1.000000
про	сім	ю	1.000000
про	те	що	0.779412
про	те	як	0.073529
про	те	щоб	0.030882
про	те	чи	0.030882
про	те	коли	0.014706
про	те	чим	0.010294
про	те	які	0.008824
про	те	чому	0.005882
про	те	хто	0.005882
про	те	скільки	0.004412
про	удар	по	0.800000
про	це	в	0.159785
про	це	розповів	0.091562
про	це	йдеться	0.086176
про	це	у	0.082585
про	це	він	0.068223
про	це	повідомили	0.057451
про	це	на	0.034111
про	це	пише	0.034111
про	це	сказав	0.023339
про	це	не	0.019749
про	це	під	0.017953
про	це	розповіла	0.016158
про	це	з	0.014363
про	це	міністр	0.014363
про	це	вранці	0.012567
про	це	глава	0.010772
про	це	сьогодні	0.007181
про	це	говорити	0.007181
про	це	вже	0.007181
про	це	говорить	0.007181
про	це	начальник	0.007181
про	це	ввечері	0.005386
про	це	говорили	0.005386
про	це	вона	0.005386
про	це	написав	0.005386
про	це	президент	0.005386
про	це	прем	0.005386
про	це	як	0.005386
про	що	ми	0.127273
про	що	вони	0.090909
про	що	говорить	0.072727
про	що	раніше	0.054545
про	який	ми	0.333333
про	яку	я	0.166667
про	яку	вони	0.125000
про	які	йдеться	0.150000
про	ісуса	христа	1.000000
провели	року	за	0.750000
проводить	час	з	0.666667
провів	на	полі	0.857143
провів	переговори	з	1.000000
програми	сніданок	з	1.000000
продати	євро	можна	1.000000
проте	вони	не	0.428571
проте	за	словами	0.285714
проте	не	завжди	0.300000
проте	не	варто	0.300000
проте	останнім	часом	1.000000
проте	під	час	1.000000
проте	це	не	0.400000
проти	війни	в	0.555556
проти	допомоги	україні	1.000000
проти	нашої	країни	0.857143
проти	росії	за	0.142857
проти	росії	та	0.085714
проти	росії	і	0.085714
проти	тих	хто	1.000000
проти	того	щоб	0.714286
протягом	багатьох	років	1.000000
протягом	двох	місяців	0.222222
протягом	двох	років	0.166667
протягом	двох	тижнів	0.166667
протягом	дня	буде	0.304348
протягом	дня	росіяни	0.217391
протягом	кількох	місяців	0.416667
протягом	кількох	днів	0.333333
протягом	кількох	тижнів	0.250000
протягом	минулого	тижня	0.800000
протягом	останнього	року	0.588235
протягом	останнього	місяця	0.352941
протягом	останніх	років	0.212121
протягом	останніх	місяців	0.151515
протягом	останніх	тижнів	0.151515
протягом	останніх	кількох	0.121212
протягом	останніх	днів	0.090909
протягом	п	яти	1.000000
протягом	року	з	0.130435
протягом	семи	днів	0.428571
протягом	трьох	років	0.266667
протягом	трьох	днів	0.200000
протягом	усього	року	0.400000
протягом	цього	року	0.444444
протягом	цього	часу	0.333333
протягом	шести	місяців	0.500000
пункт	управління	три	0.307692
пункт	управління	та	0.230769
пізніше	з	явилася	0.750000
пізніше	ніж	через	0.400000
пізніше	ніж	за	0.300000
пізніше	стало	відомо	1.000000
пішло	не	за	0.500000
пішло	не	так	0.500000
раз	в	житті	0.333333
раз	на	тиждень	0.250000
раз	на	місяць	0.187500
раз	на	рік	0.156250
раз	на	років	0.093750
раз	і	назавжди	0.500000
рази	більше	ніж	0.750000
рази	на	тиждень	0.538462
рази	на	день	0.230769
разі	не	можна	0.375000
разі	не	варто	0.187500
робити	в	цей	0.857143
робити	все	для	0.263158
робити	все	можливе	0.263158
робити	добрі	справи	1.000000
робити	зі	своїм	0.750000
робити	під	час	1.000000
робити	у	разі	0.750000
розслідування	у	справі	1.000000
років	в	язниці	0.666667
років	після	того	0.500000
років	тому	і	0.155556
років	тому	коли	0.088889
років	у	році	0.307692
ролі	у	фільмі	0.800000
рук	в	руки	1.000000
руки	й	ноги	0.750000
рівня	води	у	0.300000
рівня	води	в	0.300000
с	до	с	1.000000
с	йдеться	у	1.000000
с	та	с	0.571429
с	і	с	0.500000
само	як	і	0.550000
своєї	кар	єри	1.000000
своєї	сім	ї	1.000000
світло	і	тепло	0.600000
серйозні	проблеми	зі	0.444444
серйозні	проблеми	з	0.444444
сил	охорони	та	1.000000
сил	та	інших	0.428571
сильно	залежить	від	1.000000
ситуацію	в	україні	0.250000
ситуацію	в	районі	0.187500
ситуацію	на	полі	0.210526
ситуацію	на	сході	0.210526
словами	за	час	0.375000
словами	одного	з	1.000000
словами	під	час	1.000000
словами	це	може	0.227273
словами	це	не	0.136364
службу	в	армії	1.000000
службу	під	час	1.000000
смерті	йдеться	у	1.000000
сніг	а	на	0.800000
спробувати	свої	сили	1.000000
ставку	на	те	0.416667
ставку	на	рівні	0.250000
сталося	під	час	1.000000
сталося	після	того	0.714286
сталося	це	року	0.300000
стану	а	також	1.000000
стану	в	україні	0.666667
стану	здоров	я	1.000000
стати	на	захист	0.444444
стає	все	більш	0.769231
створити	умови	для	0.800000
стосунки	з	чоловіком	0.187500
стосунки	зі	своєю	0.600000
су	і	су	0.600000
сісти	за	стіл	1.000000
та	автомобіль	з	1.000000
та	багато	інших	0.600000
та	багато	іншого	0.266667
та	багатьох	інших	1.000000
та	бере	участь	1.000000
та	в	центрі	0.088235
та	в	інших	0.088235
та	відео	з	0.416667
та	відео	на	0.250000
та	віри	у	1.000000
та	допомогу	у	0.750000
та	зв	язку	0.833333
та	здоров	я	0.733333
та	здоров	ю	0.200000
та	змусити	їх	0.750000
та	його	дружина	0.255814
та	його	дружини	0.069767
та	людина	яка	1.000000
та	на	початку	0.086207
та	на	південь	0.051724
та	на	морі	0.051724
та	на	північ	0.051724
та	на	інших	0.051724
та	не	можуть	0.058824
та	одному	з	0.750000
та	осіб	з	1.000000
та	п	ять	0.857143
та	прав	людини	1.000000
та	прем	єр	1.000000
та	проблеми	з	0.666667
та	під	час	0.857143
та	років	народження	0.357143
та	те	що	0.750000
та	тим	хто	0.800000
та	у	році	0.115385
та	це	не	0.428571
та	чи	будуть	0.142857
та	членів	їхніх	0.750000
та	ще	й	0.314286
та	ще	кілька	0.085714
та	що	робити	0.222222
та	інтерв	ю	1.000000
та	інше	обладнання	0.555556
та	інших	проблем	0.142857
та	інші	країни	0.133333
та	інші	об	0.088889
та	інші	міста	0.066667
та	її	чоловік	0.138889
також	брав	участь	1.000000
також	в	цей	0.320000
також	в	україні	0.160000
також	вважають	що	1.000000
також	вважає	що	1.000000
також	ви	можете	0.833333
також	вона	розповіла	0.272727
також	відомо	що	0.666667
також	відомо	про	0.333333
також	він	розповів	0.260870
також	за	словами	0.190476
також	за	допомогою	0.142857
також	за	її	0.142857
також	йдеться	про	0.571429
також	йдеться	що	0.428571
також	каже	що	1.000000
також	може	бути	0.380952
також	може	допомогти	0.142857
також	можна	приготувати	0.142857
також	на	цьому	0.100000
також	не	можна	0.174603
також	не	варто	0.111111
також	не	може	0.047619
також	не	є	0.047619
також	не	буде	0.047619
також	не	змінився	0.047619
також	повідомили	що	0.875000
також	під	час	0.777778
також	розповів	що	0.652174
також	розповів	про	0.217391
також	розповіла	що	0.750000
також	сказав	що	0.800000
також	стало	відомо	1.000000
також	у	фільмі	0.129630
також	цього	дня	1.000000
також	що	у	0.375000
таку	думку	в	0.800000
таку	ж	кількість	0.400000
те	до	чого	1.000000
те	ж	саме	0.875000
те	з	ким	0.600000
те	місце	в	0.416667
те	місце	де	0.250000
те	на	що	0.857143
те	про	що	1.000000
те	чи	можна	0.150000
те	чого	не	0.333333
те	що	він	0.056713
те	що	вони	0.055556
те	що	ми	0.041667
те	що	в	0.040509
те	що	вона	0.032407
те	що	у	0.031250
те	що	відбувається	0.024306
те	що	на	0.020833
те	що	ви	0.017361
те	що	не	0.015046
те	що	його	0.013889
те	що	з	0.012731
те	що	я	0.011574
те	що	було	0.011574
те	що	росіяни	0.011574
те	що	це	0.011574
те	що	її	0.010417
те	що	війна	0.010417
те	що	їм	0.009259
те	що	вже	0.009259
те	що	за	0.008102
те	що	ворог	0.008102
те	що	є	0.006944
те	що	може	0.006944
те	що	багато	0.006944
те	що	сталося	0.006944
те	що	потрібно	0.006944
те	що	робить	0.006944
те	що	сша	0.006944
те	що	під	0.005787
те	щоб	зробити	0.083333
те	як	він	0.079365
те	як	це	0.047619
те	як	в	0.047619
телефон	який	вона	0.428571
типу	х	х	0.363636
тисячі	осіб	а	0.750000
то	вже	не	0.375000
то	вона	мабуть	0.845070
то	вони	мають	0.845070
то	до	кінця	0.939394
то	за	словами	0.416667
то	зараз	це	0.500000
то	зима	в	0.983607
то	не	було	0.176471
то	не	варто	0.176471
то	це	може	0.620000
то	це	означає	0.050000
то	ідеально	під	1.000000
тобто	йдеться	про	1.000000
тобто	ми	не	0.375000
тоді	було	років	0.600000
тоді	коли	з	0.093750
тоді	у	вас	0.250000
тоді	як	у	0.128205
тоді	як	на	0.102564
три	дні	до	0.172414
три	дні	після	0.137931
три	людини	загинули	0.750000
три	місяці	війни	0.115385
три	роки	тому	0.185185
три	тижні	тому	0.200000
три	чотири	місяці	0.428571
триває	вже	місяців	0.250000
триває	робота	над	0.400000
триває	робота	з	0.400000
триває	розслідування	для	0.600000
ту	чи	іншу	0.750000
тур	у	понеділок	1.000000
ті	ж	самі	0.375000
ті	люди	які	0.875000
ті	у	кого	0.750000
ті	хто	вже	0.083333
ті	хто	був	0.083333
ті	чи	інші	1.000000
тікати	за	кордон	1.000000
уваги	на	те	0.500000
увесь	цей	час	0.750000
удару	в	районі	0.904762
удару	по	україні	0.388889
удару	по	території	0.166667
удару	у	відповідь	0.750000
україні	а	серед	0.779221
україні	а	також	0.090909
україні	буде	дуже	0.187500
україні	все	ще	0.600000
україні	для	перемоги	0.500000
україні	з	початку	0.259259
україні	з	боку	0.148148
україні	з	року	0.111111
україні	написав	він	1.000000
україні	не	буде	0.153846
україні	новий	пакет	1.000000
україні	потрібно	більше	0.230769
україні	під	час	1.000000
україні	та	її	0.117647
україні	у	році	0.380952
україні	і	не	0.111111
україні	і	на	0.111111
успіху	за	будь	0.600000
успіху	на	полі	0.500000
успіху	не	мав	0.714286
успіху	не	мали	0.285714
усім	людям	які	1.000000
фонд	повернись	живим	1.000000
хотів	би	щоб	0.260870
хотів	би	бачити	0.130435
хоча	б	на	0.285714
хоча	б	раз	0.142857
хоча	б	один	0.107143
хоча	вони	не	0.750000
хоча	й	не	0.333333
хоча	це	не	0.307692
цей	день	вдарив	0.156250
цей	день	немає	0.156250
цей	день	пішла	0.156250
цей	день	пішов	0.156250
цей	день	не	0.039062
цей	день	ви	0.026042
цей	день	вам	0.015625
цей	день	на	0.010417
цей	день	буде	0.010417
цей	день	в	0.010417
цей	день	до	0.007812
цей	день	називали	0.007812
цей	день	можуть	0.007812
цей	день	був	0.007812
цей	день	наші	0.007812
цей	день	слід	0.007812
цей	день	варто	0.007812
цей	день	принесе	0.007812
цей	же	час	0.583333
цей	момент	у	0.142857
цей	об	єкт	1.000000
цей	період	не	0.173913
цей	процес	вже	0.176471
цей	процес	може	0.176471
цей	час	на	0.061224
цей	час	в	0.051020
цей	час	вони	0.030612
цей	час	це	0.030612
цей	час	може	0.030612
цей	час	відомо	0.030612
цей	час	він	0.030612
цей	час	ми	0.030612
цей	час	вже	0.030612
цей	час	у	0.030612
центру	з	контролю	0.750000
цю	дату	потрібно	0.746835
цю	історію	і	0.375000
цікаво	що	за	0.083333
частина	з	них	0.647059
чергу	вам	варто	0.750000
через	брак	військових	0.666667
через	велику	кількість	1.000000
через	великі	втрати	1.000000
через	війну	в	0.136364
через	годин	після	1.000000
через	два	дні	0.307692
через	два	роки	0.230769
через	два	тижні	0.230769
через	два	місяці	0.192308
через	день	після	0.571429
через	десять	років	0.600000
через	деякий	час	1.000000
через	днів	після	0.571429
через	кілька	днів	0.347826
через	кілька	років	0.173913
через	кілька	годин	0.173913
через	кілька	тижнів	0.130435
через	кілька	місяців	0.130435
через	місяць	після	0.272727
через	місяців	після	1.000000
через	п	ять	1.000000
через	певний	час	0.800000
через	проблеми	з	0.454545
через	півроку	після	0.600000
через	років	після	0.307692
через	рік	після	0.470588
через	стан	здоров	1.000000
через	те	що	1.000000
через	тиждень	після	0.400000
через	три	дні	0.391304
через	три	роки	0.173913
через	три	місяці	0.130435
через	це	в	0.100000
через	це	у	0.100000
через	це	на	0.060000
через	це	вони	0.060000
через	що	вони	0.121951
через	що	в	0.097561
чим	ближче	до	1.000000
чоловіка	та	жінку	0.272727
чорний	курс	євро	1.000000
чотири	місяці	року	0.166667
чотири	п	ять	1.000000
чотири	роки	тому	0.187500
шлях	до	перемоги	0.250000
шість	місяців	після	0.363636
явився	на	полі	0.250000
явився	на	світ	0.250000
язані	з	тим	0.375000
язку	з	цим	0.576271
язку	з	тим	0.152542
язку	з	його	0.050847
якийсь	момент	ми	0.884058
яких	може	бути	0.800000
яких	не	було	0.250000
яких	п	ять	1.000000
яких	є	діти	0.400000
якого	може	стати	0.428571
якою	буде	погода	0.714286
яку	не	можна	0.272727
якщо	в	цей	0.646643
якщо	в	якийсь	0.106007
якщо	в	цьому	0.106007
якщо	в	цю	0.104240
якщо	вам	не	0.130435
якщо	вам	здається	0.130435
якщо	вас	щось	0.400000
якщо	ви	не	0.176471
якщо	ви	хочете	0.124183
якщо	ви	відчуваєте	0.052288
якщо	ви	любите	0.045752
якщо	ви	в	0.039216
якщо	ви	будете	0.032680
якщо	ви	можете	0.032680
якщо	ви	бачите	0.019608
якщо	ви	все	0.019608
якщо	ви	шукаєте	0.019608
якщо	ви	ще	0.019608
якщо	вона	не	0.368421
якщо	вони	не	0.433333
якщо	вони	будуть	0.100000
якщо	все	ж	0.272727
якщо	вчасно	не	0.991597
якщо	він	не	0.230769
якщо	говоримо	про	1.000000
якщо	говорити	про	0.993711
якщо	його	не	0.333333
якщо	казати	про	0.750000
якщо	людина	не	0.375000
якщо	ми	говоримо	0.363636
якщо	ми	не	0.181818
якщо	не	буде	0.321429
якщо	ні	то	1.000000
якщо	нічого	не	1.000000
якщо	там	не	0.750000
якщо	у	вас	0.513514
якщо	у	нього	0.108108
якщо	у	них	0.108108
якщо	це	не	0.137931
якщо	це	буде	0.137931
якщо	щось	не	0.600000
якщо	інше	не	1.000000
якій	іншій	країні	1.000000
якісь	дії	стосовно	1.000000
ігри	у	парижі	0.750000
інтерв	ю	з	0.128571
інтерв	ю	в	0.100000
інтерв	ю	для	0.071429
інтерв	ю	і	0.057143
інтерв	ю	розповів	0.057143
інтерв	ю	радіо	0.057143
інтерв	ю	the	0.042857
інтерв	ю	на	0.042857
ї	години	ранку	0.750000
ї	та	ї	0.571429
їхній	сім	ї	1.000000
її	будинку	в	0.600000
її	в	тому	0.200000
її	до	себе	0.666667
її	здоров	я	0.666667
її	не	можна	0.176471
її	не	потрібно	0.176471
її	не	було	0.176471
її	словами	у	0.102273
її	словами	на	0.068182
її	словами	це	0.045455
її	словами	в	0.034091
її	словами	вона	0.034091
її	словами	вони	0.034091
її	словами	не	0.034091
її	словами	росіяни	0.034091
її	сім	я	0.750000
