p	ক	ন	0.666667
p	ত	র	0.352941
p	ত	ন	0.294118
অ	ক	র	0.750000
অ	ন	র	0.444444
অ	ন	ক	0.333333
অ	শ	ন	0.518336
অ	শ	হ	0.118477
অ	শ	র	0.100846
অ	শ	দ	0.079690
অ	শ	ক	0.021862
অ	শ	স	0.017630
অ	শ	পর	0.014104
অ	শ	ত	0.011989
অ	শ	ম	0.009873
অ	শ	শ	0.007757
অ	শ	অন	0.006347
অ	শ	বল	0.006347
অ	শ	ও	0.005642
অ	শ	গঠন	0.005642
অ	শ	এই	0.004231
অ	শ	দখল	0.003526
অ	শ	এর	0.002821
অ	শ	এখন	0.002821
অ	শ	আছ	0.002821
অ	শ	ড	0.002821
অ	শ	হত	0.002821
অ	শ	সর	0.002821
অ	শ	ই	0.002116
অ	শ	কর	0.002116
অ	শ	এ	0.002116
অ	শ	মন	0.002116
অ	শ	বর	0.002116
অ	শ	জন	0.002116
অ	শ	আল	0.002116
অ	শ	হল	0.002116
অ	শক	স	0.266667
অ	শক	ন	0.200000
অ	শট	ক	0.242424
অ	শট	ত	0.136364
অ	শট	দ	0.106061
অ	শট	র	0.106061
অ	শট	ন	0.045455
অ	শট	স	0.045455
অ	শট	হ	0.045455
অ	শট	হল	0.045455
অ	স	ন	0.400000
অজ	ত	র	0.400000
অজ	ন	ক	0.233333
অজ	ন	ত	0.166667
অজ	ন	স	0.133333
অজ	ন	ই	0.133333
অজ	হ	ত	1.000000
অত	ক	র	1.000000
অত	ত	র	0.396825
অত	ত	ক	0.079365
অত	ত	দ	0.079365
অত	ত	ত	0.063492
অত	ত	ও	0.063492
অত	ত	ম	0.063492
অত	ত	স	0.047619
অত	দ	র	1.000000
অত	ন	দ	0.571429
অত	পর	ত	0.380952
অত	পর	স	0.142857
অত	পর	ম	0.111111
অত	পর	ক	0.047619
অত	পর	র	0.047619
অত	ম	ত	0.857143
অত	র	ক	0.950893
অত	র	এল	0.040179
অত	স	ম	0.294118
অত	স	ক	0.294118
অত	স	বল	0.176471
অপহরণ	কর	ন	0.400000
অফ	অন	র	1.000000
অফ	আম	র	1.000000
অফ	ইন	ড	1.000000
অফ	এড	ক	1.000000
অফ	ক	র	0.500000
অফ	কম	র	0.900000
অফ	কমন	স	1.000000
অফ	ড	র	0.666667
অফ	ন	শন	0.500000
অফ	ম	ড	0.545455
অফ	র	কর	0.428571
অফ	র	জন	0.214286
অফ	রন	ত	1.000000
অফ	স	র	0.590747
অফ	স	স	0.046263
অফ	স	ক	0.042705
অফ	স	হ	0.024911
অফ	স	ইন	0.021352
অফ	স	ন	0.021352
অফ	স	ম	0.021352
অফ	স	কর	0.017794
অফ	স	রক	0.017794
অফ	স	সফল	0.014235
অফ	স	ভবন	0.014235
অফ	স	বন	0.010676
অফ	স	ত	0.010676
অফ	স	দ	0.010676
অফ	স	ও	0.010676
অফ	স	শ	0.010676
অব	অন	র	1.000000
অব	ইন	ড	1.000000
অব	ক	র	0.437500
অব	ক	ন	0.156250
অব	ক	কর	0.156250
অব	কমন	স	1.000000
অব	ড	স	0.416667
অব	ড	র	0.333333
অব	ত	শ	0.750000
অব	দ	র	0.333333
অব	দ	স	0.233333
অব	দ	ন	0.100000
অব	ন	উ	0.333333
অব	ন	স	0.333333
অব	ম	র	0.307692
অব	ম	ড	0.307692
অব	ম	ক	0.115385
অব	ম	ন	0.115385
অব	র	ম	0.750000
অব	শ	বস	0.500000
অব	স	মরণ	0.322581
অব	স	ন	0.258065
অব	স	ক	0.129032
অব	স	র	0.096774
অব	হ	ত	0.800000
অবতরণ	কর	র	0.333333
অবতরণ	কর	ন	0.250000
অমর	ন	দ	1.000000
অহ	ক	র	1.000000
আ	ক	ন	0.276596
আ	ক	র	0.234043
আ	ক	দ	0.063830
আ	ক	আ	0.063830
আ	কত	ন	0.428571
আ	ম	ন	0.600000
আ	র	ম	0.750000
আ	শ	ক	0.810811
আ	শ	র	0.094595
আ	স	ক	0.500000
আই	এম	এর	0.928571
আই	এর	স	0.333333
আই	দল	র	0.375000
আই	দল	ত	0.375000
আই	ম	ন	0.666667
আই	স	র	0.714286
আউট	কর	ন	0.590909
আউট	হব	র	0.750000
আটক	কর	ন	0.600000
আটক	ন	র	0.600000
আপন	ত	র	0.500000
আপন	দ	র	0.714286
আপন	ন	শ	0.600000
আপন	র	ক	0.175000
আপন	র	ম	0.125000
আপন	র	স	0.125000
আপন	র	ত	0.075000
আল	আন	দ	1.000000
আল	আম	ন	0.600000
আল	আস	দ	0.714286
আল	ও	ম	0.300000
আল	ক	স	0.285714
আল	ক	ত	0.207143
আল	ক	র	0.085714
আল	ক	ন	0.071429
আল	ক	দ	0.050000
আল	ক	বর	0.042857
আল	ক	শ	0.028571
আল	ক	ক	0.028571
আল	ক	ম	0.021429
আল	ক	পর	0.021429
আল	ক	সস	0.021429
আল	কম	ত	1.000000
আল	কস	ন	1.000000
আল	গড	ম	0.500000
আল	জন	ম	1.000000
আল	ড	ন	0.611111
আল	ড	ত	0.222222
আল	ত	স	0.210526
আল	ত	ক	0.157895
আল	ত	দ	0.157895
আল	দ	কর	0.353591
আল	দ	আল	0.138122
আল	দ	ক	0.088398
আল	দ	ন	0.077348
আল	দ	স	0.049724
আল	দ	র	0.044199
আল	দ	করত	0.038674
আল	দ	দ	0.033149
আল	দ	শ	0.033149
আল	দ	হ	0.027624
আল	দ	ম	0.027624
আল	ন	স	0.210526
আল	ন	র	0.157895
আল	ন	ড	0.157895
আল	বর	দ	1.000000
আল	ম	ম	0.202899
আল	ম	র	0.130435
আল	ম	ত	0.115942
আল	ম	স	0.101449
আল	ম	দ	0.072464
আল	ম	হ	0.057971
আল	ম	ক	0.057971
আল	ম	পর	0.057971
আল	ম	ন	0.057971
আল	মদ	র	1.000000
আল	র	স	0.233333
আল	র	ন	0.155556
আল	র	ক	0.111111
আল	র	ম	0.088889
আল	র	গত	0.066667
আল	র	দ	0.055556
আল	র	পর	0.044444
আল	শ	হ	0.312500
আল	শ	র	0.250000
আল	স	ক	0.545455
আল	স	ন	0.181818
আল	স	দ	0.151515
আল	হ	স	0.326923
আল	হ	ক	0.173077
আল	হ	দ	0.134615
আল	হ	ন	0.115385
আল	হ	র	0.076923
ই	অ	শ	0.888889
ই	অন	ক	0.317073
ই	অন	তর	0.170732
ই	অন	স	0.170732
ই	অন	ম	0.121951
ই	অন	শ	0.073171
ই	অপর	বর	0.750000
ই	অফ	স	0.750000
ই	আদর	শ	1.000000
ই	আন	তর	0.500000
ই	আন	দ	0.375000
ই	আম	র	0.500000
ই	আম	দ	0.142857
ই	আল	দ	0.384615
ই	ই	র	0.714286
ই	ইন	স	0.538462
ই	ইন	ড	0.307692
ই	এ	ম	0.178571
ই	এ	পর	0.142857
ই	এ	ক	0.142857
ই	এ	ন	0.107143
ই	এই	দ	0.129870
ই	এই	স	0.129870
ই	এই	ন	0.077922
ই	এই	ক	0.077922
ই	এই	শ	0.064935
ই	এই	সব	0.051948
ই	এই	র	0.051948
ই	এই	ম	0.051948
ই	এক	অপর	0.272727
ই	একই	স	0.666667
ই	এর	স	0.217391
ই	এর	ন	0.159420
ই	এর	ম	0.101449
ই	এর	ক	0.072464
ই	এর	জন	0.057971
ই	এর	শ	0.057971
ই	এর	পর	0.057971
ই	এল	ক	0.812500
ই	এস	স	0.444444
ই	ও	ত	0.260870
ই	ক	র	0.325714
ই	ক	ন	0.234286
ই	ক	ম	0.085714
ই	ক	শ	0.068571
ই	ক	বল	0.057143
ই	ক	নও	0.028571
ই	ক	ত	0.022857
ই	ক	স	0.022857
ই	ক	ক	0.022857
ই	ক	ইন	0.017143
ই	ক	হ	0.017143
ই	কব	ত	0.600000
ই	কম	শন	0.818182
ই	কর	র	0.303922
ই	কর	ন	0.225490
ই	কর	ত	0.117647
ই	কর	ক	0.058824
ই	কর	দ	0.049020
ই	কর	ম	0.049020
ই	কর	ই	0.029412
ই	গড	উঠ	0.400000
ই	জন	ম	0.571429
ই	জন	র	0.142857
ই	ড	স	0.647059
ই	ড	ম	0.117647
ই	ড	র	0.058824
ই	ড	ন	0.058824
ই	ড	ক	0.058824
ই	ত	র	0.415465
ই	ত	ন	0.340760
ই	ত	দ	0.083879
ই	ত	ক	0.077326
ই	ত	ত	0.036697
ই	ত	ম	0.013106
ই	ত	ই	0.006553
ই	ত	স	0.005242
ই	দ	শ	0.363128
ই	দ	ন	0.212291
ই	দ	র	0.201117
ই	দ	ক	0.061453
ই	দ	ই	0.039106
ই	দ	স	0.027933
ই	দ	হ	0.016760
ই	দল	র	0.782609
ই	ধর	ম	0.750000
ই	ন	র	0.420000
ই	ন	ম	0.140000
ই	ন	ই	0.080000
ই	ন	ত	0.080000
ই	ন	ন	0.053333
ই	ন	ক	0.046667
ই	ন	উ	0.033333
ই	ন	স	0.033333
ই	ন	হত	0.026667
ই	ন	শ	0.026667
ই	নত	ন	1.000000
ই	পর	ক	0.192308
ই	পর	ম	0.153846
ই	পর	হ	0.115385
ই	পর	ত	0.115385
ই	বছর	র	0.432692
ই	বছর	পর	0.240385
ই	বছর	ধর	0.086538
ই	বছর	আগ	0.048077
ই	বছর	ম	0.038462
ই	বছর	ত	0.028846
ই	বছর	ই	0.028846
ই	বর	তম	0.652174
ই	বল	হত	0.166667
ই	বলল	ই	0.700000
ই	বলল	ন	0.300000
ই	বস	ত	0.666667
ই	ম	স	0.371681
ই	ম	র	0.221239
ই	ম	ত	0.144543
ই	ম	ন	0.085546
ই	ম	ক	0.047198
ই	ম	হ	0.032448
ই	ম	দ	0.020649
ই	ম	ম	0.017699
ই	ম	শ	0.017699
ই	মন	কর	0.440000
ই	মন	দ	0.240000
ই	র	ন	0.160920
ই	র	স	0.137931
ই	র	ম	0.091954
ই	র	জন	0.091954
ই	র	শ	0.080460
ই	র	ত	0.068966
ই	র	ড	0.057471
ই	র	হ	0.045977
ই	র	জব	0.034483
ই	র	দ	0.034483
ই	শ	র	0.461538
ই	শ	ক	0.182692
ই	শ	ন	0.134615
ই	শ	শ	0.086538
ই	শ	হ	0.086538
ই	শক	ত	1.000000
ই	শন	ক	1.000000
ই	শহর	র	0.800000
ই	স	ক	0.372222
ই	স	ম	0.111111
ই	স	ন	0.097222
ই	স	স	0.063889
ই	স	র	0.055556
ই	স	ত	0.044444
ই	স	দ	0.044444
ই	স	ই	0.036111
ই	স	হ	0.027778
ই	স	রক	0.025000
ই	স	তর	0.022222
ই	স	শ	0.011111
ই	স	ড	0.008333
ই	স	সব	0.008333
ই	সব	ই	0.285714
ই	সব	ক	0.214286
ই	হ	ক	0.267857
ই	হ	স	0.250000
ই	হ	র	0.151786
ই	হ	ত	0.098214
ই	হ	ন	0.080357
ই	হ	ম	0.035714
ই	হ	শ	0.026786
ই	হ	দ	0.026786
ই	হব	ত	0.600000
ই	হল	ন	0.333333
ইশ	বর	র	1.000000
ইশ	র	ক	0.300000
উঠ	আস	ন	0.615385
উঠ	দ	ড	1.000000
উঠ	ন	র	0.320000
উঠ	ন	ম	0.200000
উঠ	ন	ত	0.160000
উঠ	র	আগ	0.333333
উৎস	র	জন	0.210526
উৎস	স	ক	0.600000
উৎস	হ	ত	0.555556
উৎস	হ	স	0.194444
উৎস	হ	দ	0.120370
উৎস	হ	কর	0.037037
উৎস	হ	র	0.027778
উৎসব	চল	ক	0.600000
উৎসব	ত	ন	0.714286
উৎসব	র	স	0.208333
উৎসব	র	ম	0.208333
উৎসব	র	জন	0.125000
উৎসব	শ	র	1.000000
উৎসব	হ	স	1.000000
এক	অজ	ন	1.000000
এক	অন	র	0.600000
এক	অপর	র	1.000000
এক	ই	র	0.444444
এক	ইন	স	0.916667
এক	এক	ত	0.312500
এক	এক	রকম	0.187500
এক	ক	ত	0.218182
এক	ক	ন	0.127273
এক	ক	র	0.109091
এক	ক	রকম	0.109091
এক	ক	ক	0.072727
এক	ক	ম	0.072727
এক	ক	শ	0.054545
এক	ড	ম	0.977186
এক	ড	ক	0.015209
এক	ত	ত	0.383333
এক	ত	র	0.166667
এক	ত	তর	0.166667
এক	ত	মত	0.083333
এক	ত	ন	0.083333
এক	দ	ন	0.339286
এক	দ	র	0.142857
এক	দ	ক	0.125000
এক	দ	শ	0.107143
এক	দ	ত	0.053571
এক	দশ	র	0.607477
এক	দশ	শত	0.112150
এক	দশ	ও	0.056075
এক	দশ	শ	0.037383
এক	দশ	দ	0.037383
এক	দশ	ম	0.028037
এক	দশ	স	0.028037
এক	ন	র	0.333333
এক	ন	ত	0.314815
এক	ন	ম	0.166667
এক	ন	ক	0.055556
এক	নত	ন	1.000000
এক	বছর	র	0.454545
এক	বছর	পর	0.311688
এক	বছর	ধর	0.064935
এক	ম	স	0.666667
এক	ম	ন	0.089744
এক	ম	র	0.076923
এক	ম	ত	0.038462
এক	মন	ত	0.375000
এক	মন	কর	0.375000
এক	র	পর	0.363636
এক	র	ত	0.340909
এক	র	স	0.068182
এক	র	ন	0.068182
এক	শ	র	0.297872
এক	শ	ক	0.170213
এক	শ	শ	0.127660
এক	শ	বছর	0.063830
এক	শ	ন	0.063830
এক	স	ক	0.331210
এক	স	স	0.140127
এক	স	ম	0.114650
এক	স	র	0.089172
এক	স	ন	0.070064
এক	স	ত	0.031847
এক	স	এর	0.019108
এক	স	ঘর	0.019108
এক	স	শ	0.019108
এক	স	তর	0.019108
এক	স	মর	0.019108
এক	হ	স	0.370370
এক	হ	ত	0.259259
এক	হ	ন	0.222222
একক	দ	র	0.500000
একক	ম	ড	0.600000
একক	র	স	0.250000
একক	শ	র	1.000000
একক	হ	স	0.666667
একজন	অফ	স	1.000000
একজন	আদর	শ	1.000000
একজন	আন	তর	1.000000
একজন	আম	র	1.000000
একজন	ই	র	1.000000
একজন	ক	র	0.342857
একজন	ক	ত	0.200000
একজন	ক	ন	0.171429
একজন	ক	ম	0.114286
একজন	ক	স	0.085714
একজন	কব	ও	0.750000
একজন	ড	ক	0.588235
একজন	ড	ন	0.235294
একজন	ড	র	0.176471
একজন	ত	র	0.461538
একজন	ত	ম	0.461538
একজন	দ	র	0.500000
একজন	দ	স	0.187500
একজন	ধর	ম	0.833333
একজন	ন	র	0.636364
একজন	ন	ত	0.200000
একজন	পর	মর	0.428571
একজন	ম	র	0.670213
একজন	ম	ন	0.148936
একজন	ম	ক	0.085106
একজন	ম	ত	0.042553
একজন	ম	ড	0.042553
একজন	র	জন	0.487179
একজন	র	ন	0.102564
একজন	র	স	0.102564
একজন	র	শ	0.076923
একজন	র	ক	0.076923
একজন	শ	ক	0.674419
একজন	শ	র	0.232558
একজন	শ	শ	0.069767
একজন	শক	ত	1.000000
একজন	স	ন	0.205882
একজন	স	ক	0.176471
একজন	স	পর	0.147059
একজন	স	র	0.102941
একজন	স	ম	0.073529
একজন	স	স	0.058824
একজন	স	হ	0.044118
একজন	স	বন	0.044118
একজন	স	মর	0.044118
একজন	হ	স	0.781250
একজন	হ	ন	0.156250
একজন	হল	ন	1.000000
এড	ক	শন	0.960000
এড	ত	ত	0.176471
এড	ত	অন	0.176471
এড	ন	র	0.833333
এড	র	স	0.555556
এড	র	ন	0.333333
এরকম	ক	ন	1.000000
এরপর	অন	ক	1.000000
এরপর	আর	ত	0.529412
এরপর	আর	ক	0.411765
এরপর	এক	এক	0.300000
এরপর	ড	স	0.800000
এরপর	ত	ন	0.701754
এরপর	ত	র	0.169591
এরপর	ত	ক	0.087719
এরপর	ত	দ	0.035088
এরপর	দ	র	0.500000
এরপর	দ	ই	0.250000
এরপর	দল	র	1.000000
এরপর	ধর	ম	1.000000
এরপর	ম	স	0.266667
এরপর	ম	র	0.266667
এরপর	র	স	0.473684
এরপর	শ	র	0.666667
এস	এম	স	0.428571
এস	এর	স	0.375000
এস	ক	স	0.468750
এস	ক	র	0.250000
এস	ক	ম	0.156250
এস	ক	দ	0.093750
এস	ড	র	0.333333
এস	ড	ক	0.166667
এস	ত	ন	0.447761
এস	ত	র	0.283582
এস	ত	দ	0.164179
এস	ত	ক	0.089552
এস	দ	ড	0.444444
এস	ন	ম	0.533333
এস	ন	ক	0.266667
এস	পর	ক	0.666667
এস	ম	বল	0.411765
এস	ম	র	0.176471
এস	স	ন	0.161290
এস	স	স	0.129032
এস	স	র	0.129032
এস	স	ম	0.129032
এস	স	হ	0.096774
এস	হ	স	0.428571
ওজন	র	ক	0.250000
ওজন	হ	র	0.625000
কখনও	কখনও	ত	0.117647
কখনও	কখনও	ম	0.117647
কখনও	কখনও	ক	0.098039
কখনও	কখনও	ন	0.098039
কখনও	কখনও	স	0.078431
কখনও	কখনও	এক	0.058824
কখনও	কখনও	হ	0.058824
কখনও	ত	র	0.444444
কব	ও	শ	0.333333
কব	ক	ন	0.500000
কব	ত	র	0.486301
কব	ত	ও	0.123288
কব	ত	স	0.095890
কব	ত	ক	0.047945
কব	ত	ন	0.034247
কব	ত	শ	0.034247
কব	ত	বর	0.020548
কব	ত	দ	0.020548
কব	তর	র	0.600000
কব	দ	র	0.894737
কব	ন	ক	0.250000
কব	ন	র	0.187500
কব	র	ত	0.106667
কব	র	র	0.093333
কব	র	স	0.080000
কব	র	ন	0.080000
কব	র	পর	0.066667
কব	র	ড	0.053333
কব	র	দ	0.053333
কব	র	হ	0.053333
কব	র	এই	0.040000
কব	র	ক	0.040000
কব	র	ম	0.040000
কব	স	হ	0.545455
কব	হ	ন	0.545455
কব	হ	স	0.424242
করত	অন	ক	0.444444
করত	অন	মত	0.333333
করত	আস	ন	0.538462
করত	ই	হব	0.500000
করত	উৎস	হ	0.909091
করত	ও	দ	0.300000
করত	ক	র	0.277778
করত	ক	ন	0.277778
করত	ত	র	0.358491
করত	ত	দ	0.320755
করত	ত	ন	0.207547
করত	দ	ই	0.187500
করত	দ	র	0.187500
করত	দ	নন	0.187500
করত	ন	ত	0.213018
করত	ন	ন	0.124260
করত	ন	স	0.100592
করত	ন	ক	0.076923
করত	ন	ম	0.065089
করত	ন	র	0.053254
করত	ন	ও	0.047337
করত	ন	বল	0.035503
করত	ন	দ	0.029586
করত	ন	তখন	0.023669
করত	ন	জন	0.023669
করত	ন	শ	0.017751
করত	ন	ড	0.017751
করত	ন	এই	0.017751
করত	পর	মর	0.600000
করত	বল	ন	0.842105
করত	বলল	ন	0.750000
করত	শ	র	0.982301
করত	স	হ	0.733333
করত	স	র	0.066667
করত	হব	স	0.285714
করত	হব	ত	0.238095
করত	হব	ক	0.142857
করত	হল	স	0.300000
করব	ক	ন	0.666667
করব	ত	ন	0.333333
করব	ন	ন	0.283019
করব	ন	বল	0.188679
করব	ন	ক	0.132075
করব	ন	ত	0.113208
করব	ন	স	0.075472
করব	র	জন	0.529412
করব	র	পর	0.176471
কসম	হ	র	0.714286
খবর	র	ক	0.636364
খবর	শ	ন	1.000000
চরম	দ	র	1.000000
চরম	ম	হ	0.500000
জগত	ত	র	0.750000
জগত	ত	ন	0.250000
জগত	পদ	র	1.000000
জগত	র	ক	0.153846
জগত	র	স	0.128205
জগত	র	একজন	0.128205
জগত	র	অন	0.102564
জগত	র	দ	0.076923
জন	অন	স	1.000000
জন	অফ	স	1.000000
জন	আম	র	1.000000
জন	আর	ক	0.500000
জন	আহত	হন	1.000000
জন	ই	র	0.125000
জন	ই	ম	0.125000
জন	ই	ন	0.125000
জন	এর	মত	0.600000
জন	ও	পর	0.222222
জন	ও	ন	0.155556
জন	ও	হ	0.111111
জন	ও	স	0.088889
জন	ও	দ	0.066667
জন	ক	র	0.454545
জন	ক	ন	0.218182
জন	ক	ম	0.127273
জন	ক	স	0.054545
জন	কর	ন	0.860619
জন	কর	র	0.037611
জন	কর	স	0.013274
জন	কর	ম	0.013274
জন	কর	আসছ	0.011062
জন	কর	হত	0.008850
জন	কর	শ	0.008850
জন	কর	ত	0.006637
জন	কর	ক	0.006637
জন	করত	ন	0.636364
জন	করল	ও	0.571429
জন	জন	জন	0.571429
জন	ড	র	0.400000
জন	ড	স	0.300000
জন	ত	ক	0.730556
জন	ত	ত	0.101389
জন	ত	র	0.086111
জন	ত	ন	0.015278
জন	ত	দ	0.012500
জন	ত	ও	0.011111
জন	ত	স	0.006944
জন	ত	পর	0.004167
জন	ত	কর	0.004167
জন	ত	ম	0.004167
জন	দ	শ	0.294118
জন	দ	ড	0.176471
জন	ন	র	0.423077
জন	ন	হত	0.221154
জন	ন	ই	0.096154
জন	ন	ত	0.076923
জন	ন	ম	0.028846
জন	ন	স	0.028846
জন	ন	হল	0.028846
জন	নত	ন	1.000000
জন	বন	দ	0.800000
জন	ম	র	0.214575
জন	ম	ন	0.192308
জন	ম	দ	0.135628
জন	ম	ম	0.109312
জন	ম	স	0.074899
জন	ম	ত	0.054656
জন	ম	ড	0.048583
জন	ম	ক	0.034413
জন	ম	ই	0.026316
জন	ম	একজন	0.020243
জন	ম	হল	0.018219
জন	ম	শ	0.016194
জন	ম	ও	0.014170
জন	ম	হ	0.010121
জন	মত	র	0.500000
জন	মদ	ন	0.904762
জন	মদ	ত	0.071429
জন	মন	ম	0.600000
জন	মন	ত	0.150000
জন	মন	র	0.150000
জন	র	জন	0.185606
জন	র	ম	0.140152
জন	র	স	0.128788
জন	র	পর	0.098485
জন	র	দ	0.060606
জন	র	ক	0.045455
জন	র	ন	0.041667
জন	র	ত	0.037879
জন	র	ফল	0.026515
জন	র	মত	0.022727
জন	র	অন	0.018939
জন	র	লক	0.018939
জন	র	পথ	0.018939
জন	র	উপর	0.015152
জন	র	আগ	0.015152
জন	র	এই	0.011364
জন	র	র	0.011364
জন	র	অ	0.011364
জন	শ	ক	0.761905
জন	শ	র	0.158730
জন	শক	ত	1.000000
জন	স	ন	0.252874
জন	স	স	0.206897
জন	স	ম	0.114943
জন	স	ক	0.103448
জন	স	হ	0.057471
জন	স	অ	0.034483
জন	স	ইন	0.034483
জন	স	ত	0.034483
জন	স	র	0.034483
জন	হ	ন	0.500000
জন	হ	স	0.250000
জন	হ	র	0.125000
জন	হল	ত	0.428571
টপ	ক	র	1.000000
টপ	ত	র	0.444444
ডক	ম	ন	1.000000
ডক	র	র	0.214286
ডক	র	স	0.214286
ডক	রস	র	0.750000
ডক	স	স	0.285714
ডক	স	র	0.214286
তখনও	ত	ন	0.444444
তখনও	ত	র	0.333333
তর	অ	শ	0.846154
তর	অন	তর	0.500000
তর	আম	র	0.948276
তর	আম	দ	0.051724
তর	আহত	হন	0.600000
তর	এই	স	0.600000
তর	এর	স	0.333333
তর	এল	ক	0.750000
তর	ক	র	0.474903
তর	ক	ত	0.235521
তর	ক	ন	0.054054
তর	ক	কর	0.046332
তর	ক	ক	0.027027
তর	ক	স	0.027027
তর	ক	অ	0.023166
তর	ক	শ	0.019305
তর	ক	ম	0.011583
তর	ক	আছ	0.011583
তর	কর	ন	0.595745
তর	কর	র	0.276596
তর	কর	ত	0.063830
তর	গত	ক	0.156250
তর	গত	কর	0.125000
তর	গত	র	0.093750
তর	গত	শ	0.093750
তর	ত	কর	0.413636
তর	ত	হন	0.122727
তর	ত	র	0.100000
তর	ত	ন	0.054545
তর	ত	তর	0.045455
তর	ত	করত	0.040909
তর	ত	শ	0.031818
তর	ত	হত	0.031818
তর	ত	হল	0.027273
তর	ত	ক	0.027273
তর	ত	হব	0.022727
তর	ত	দ	0.022727
তর	ত	ম	0.013636
তর	দ	ক	0.685393
তর	দ	ন	0.112360
তর	দ	র	0.067416
তর	দ	বন	0.033708
তর	দ	শ	0.033708
তর	দ	ত	0.033708
তর	ন	হ	0.376623
তর	ন	র	0.168831
তর	ন	দ	0.090909
তর	ন	ত	0.051948
তর	ন	স	0.051948
তর	ন	ম	0.051948
তর	ন	ন	0.038961
তর	পর	ক	0.714286
তর	বর	ত	1.000000
তর	বল	ন	0.500000
তর	ম	র	0.392857
তর	ম	ত	0.178571
তর	ম	ক	0.107143
তর	র	ক	0.145161
তর	র	দ	0.137097
তর	র	স	0.096774
তর	র	ম	0.092742
তর	র	শ	0.064516
তর	র	জন	0.060484
তর	র	অ	0.056452
তর	র	ন	0.048387
তর	র	পর	0.040323
তর	র	অন	0.036290
তর	র	ত	0.024194
তর	র	হ	0.020161
তর	র	র	0.016129
তর	র	উপর	0.016129
তর	র	আন	0.012097
তর	র	কর	0.012097
তর	র	ড	0.012097
তর	শ	র	0.320000
তর	শ	ক	0.280000
তর	স	ম	0.204082
তর	স	র	0.142857
তর	স	ইপ	0.122449
তর	স	ন	0.102041
তর	স	তর	0.102041
তর	স	ত	0.061224
তর	হ	স	0.571429
তর	হ	ন	0.190476
তলব	কর	ন	0.600000
দমন	ও	দ	0.800000
দমন	কর	র	0.400000
দমন	কর	ন	0.250000
ন	অ	শ	0.885246
ন	অ	শক	0.024590
ন	অজ	ন	0.700000
ন	অত	ক	0.360000
ন	অত	র	0.280000
ন	অত	পর	0.160000
ন	অন	ক	0.384906
ন	অন	র	0.196226
ন	অন	স	0.135849
ন	অন	তর	0.109434
ন	অন	ম	0.041509
ন	অন	শ	0.037736
ন	অন	দ	0.022642
ন	অন	মত	0.018868
ন	অন	তত	0.015094
ন	অন	ত	0.011321
ন	অফ	স	0.717949
ন	অফ	দ	0.128205
ন	অব	দ	0.571429
ন	অব	ক	0.107143
ন	অব	স	0.107143
ন	অল	ম	0.828571
ন	অল	আউট	0.057143
ন	অল	ক	0.057143
ন	আ	শ	0.333333
ন	আ	স	0.200000
ন	আ	ক	0.200000
ন	আইন	র	0.280000
ন	আইন	ও	0.120000
ন	আইন	স	0.120000
ন	আইন	দ	0.120000
ন	আইন	ম	0.120000
ন	আউট	হন	0.466667
ন	আউট	র	0.200000
ন	আগ	র	0.176471
ন	আগ	ন	0.156863
ন	আগ	ম	0.117647
ন	আগ	স	0.098039
ন	আগ	ত	0.098039
ন	আগ	পর	0.078431
ন	আগ	ক	0.078431
ন	আছ	ন	0.173913
ন	আছ	ক	0.130435
ন	আছ	স	0.130435
ন	আছ	ত	0.130435
ন	আছ	বল	0.130435
ন	আজ	দ	0.346154
ন	আজ	বন	0.230769
ন	আজ	র	0.153846
ন	আদর	শ	1.000000
ন	আন	তর	0.636364
ন	আন	দ	0.181818
ন	আন	ম	0.060606
ন	আন	ত	0.060606
ন	আন	ড	0.018182
ন	আপন	র	0.642857
ন	আপন	ক	0.214286
ন	আম	র	0.554348
ন	আম	দ	0.103261
ন	আম	ত	0.097826
ন	আম	ক	0.070652
ন	আম	ন	0.043478
ন	আম	ম	0.032609
ন	আর	ম	0.176471
ন	আর	ক	0.176471
ন	আর	বল	0.098039
ন	আর	ত	0.078431
ন	আর	স	0.068627
ন	আর	দ	0.068627
ন	আর	ন	0.058824
ন	আর	হ	0.029412
ন	আরও	বল	0.333333
ন	আরও	অন	0.214286
ন	আরও	দ	0.119048
ন	আরও	এক	0.095238
ন	আরব	র	0.285714
ন	আরব	ন	0.214286
ন	আল	ক	0.243243
ন	আল	র	0.171171
ন	আল	দ	0.117117
ন	আল	ম	0.072072
ন	আল	হ	0.063063
ন	আল	ত	0.063063
ন	আল	স	0.045045
ন	আল	কবর	0.036036
ন	আল	ন	0.036036
ন	আল	ও	0.027027
ন	আস	ন	0.263158
ন	আস	র	0.184211
ন	আস	ম	0.184211
ন	আস	ত	0.105263
ন	আস	স	0.078947
ন	আস	ক	0.078947
ন	আসন	ন	0.400000
ন	আসন	র	0.400000
ন	আসল	ম	0.333333
ন	আহ	ম	0.600000
ন	আহত	হন	1.000000
ন	ই	র	0.197640
ন	ই	ত	0.168142
ন	ই	স	0.088496
ন	ই	ক	0.088496
ন	ই	ম	0.053097
ন	ই	দ	0.035398
ন	ই	ন	0.029499
ন	ই	শ	0.023599
ন	ই	অন	0.020649
ন	ই	এর	0.020649
ন	ই	বলল	0.020649
ন	ই	বল	0.017699
ন	ই	এই	0.017699
ন	ই	হ	0.017699
ন	ই	শহর	0.014749
ন	ই	পর	0.011799
ন	ই	এক	0.011799
ন	ই	ও	0.011799
ন	ই	সর	0.008850
ন	ই	কর	0.008850
ন	ই	বর	0.008850
ন	ইজ	র	0.694915
ন	ইজ	শন	0.254237
ন	ইট	র	0.640449
ন	ইট	স	0.067416
ন	ইট	দ	0.044944
ন	ইট	ও	0.033708
ন	ইট	অ	0.033708
ন	ইন	দ	0.265957
ন	ইন	ড	0.255319
ন	ইন	স	0.180851
ন	ইন	ন	0.063830
ন	ইন	র	0.053191
ন	ইন	ত	0.053191
ন	ইন	ম	0.031915
ন	ইপ	র	0.600000
ন	ইস	ক	0.357143
ন	ইস	ত	0.285714
ন	উ	স	0.448598
ন	উ	হ	0.121495
ন	উ	ম	0.074766
ন	উ	ক	0.074766
ন	উ	ই	0.065421
ন	উ	ন	0.037383
ন	উঠ	আস	0.600000
ন	উম	ন	0.576923
ন	উম	র	0.153846
ন	উর	স	0.500000
ন	উর	দ	0.233333
ন	উর	ন	0.100000
ন	উৎস	হ	0.333333
ন	উৎস	র	0.190476
ন	উৎস	ক	0.142857
ন	উৎসব	র	0.428571
ন	ঋণ	ত	0.714286
ন	এ	স	0.135593
ন	এ	দ	0.093220
ন	এ	ক	0.084746
ন	এ	ম	0.084746
ন	এ	ত	0.076271
ন	এ	র	0.050847
ন	এ	ন	0.050847
ন	এ	পর	0.042373
ন	এ	অ	0.033898
ন	এ	পদ	0.033898
ন	এ	এর	0.033898
ন	এ	সব	0.025424
ন	এ	হ	0.025424
ন	এই	ক	0.207547
ন	এই	স	0.127358
ন	এই	দ	0.089623
ন	এই	ম	0.066038
ন	এই	পদ	0.056604
ন	এই	ন	0.056604
ন	এই	র	0.051887
ন	এই	হ	0.028302
ন	এই	মন	0.023585
ন	এই	দল	0.023585
ন	এই	বন	0.018868
ন	এই	শহর	0.018868
ন	এই	অন	0.018868
ন	এই	ত	0.018868
ন	এই	তত	0.014151
ন	এই	কল	0.014151
ন	এই	শ	0.014151
ন	এই	পথ	0.014151
ন	এই	পর	0.014151
ন	এই	অ	0.014151
ন	এক	ড	0.246479
ন	এক	স	0.112676
ন	এক	ম	0.084507
ন	এক	ক	0.070423
ন	এক	বছর	0.056338
ন	এক	ত	0.035211
ন	এক	দশ	0.035211
ন	এক	দ	0.035211
ন	এক	কন	0.028169
ন	এক	শ	0.028169
ন	এক	র	0.028169
ন	এক	ন	0.021127
ন	এক	অজ	0.021127
ন	একই	বছর	0.214286
ন	একই	দল	0.178571
ন	একই	স	0.107143
ন	একক	স	0.300000
ন	একজন	ম	0.242105
ন	একজন	স	0.152632
ন	একজন	ক	0.078947
ন	একজন	শ	0.073684
ন	একজন	ন	0.068421
ন	একজন	ই	0.057895
ন	একজন	র	0.042105
ন	একজন	ড	0.042105
ন	একজন	ধর	0.021053
ন	একজন	আম	0.015789
ন	একজন	ত	0.015789
ন	একজন	পর	0.015789
ন	একজন	হ	0.015789
ন	একজন	রস	0.015789
ন	এখন	স	0.222222
ন	এত	ত	0.210526
ন	এন	ড	0.478261
ন	এন	ম	0.173913
ন	এম	এ	0.272727
ন	এম	ড	0.272727
ন	এমন	ক	0.241379
ন	এমন	একজন	0.206897
ন	এমন	ন	0.137931
ন	এমন	এক	0.103448
ন	এর	স	0.135021
ন	এর	ন	0.130802
ন	এর	ক	0.105485
ন	এর	জন	0.075949
ন	এর	ম	0.063291
ন	এর	মত	0.059072
ন	এর	পর	0.054852
ন	এর	দ	0.042194
ন	এর	শ	0.037975
ন	এর	অন	0.029536
ন	এর	উপর	0.025316
ন	এর	ফল	0.016878
ন	এর	র	0.016878
ন	এর	আগ	0.016878
ন	এর	হ	0.012658
ন	এর	কন	0.012658
ন	এর	ড	0.012658
ন	এর	এক	0.012658
ন	এরকম	ক	1.000000
ন	এরপর	ত	0.333333
ন	এল	ক	0.850467
ন	এল	হ	0.037383
ন	এল	র	0.028037
ন	এস	স	0.242424
ন	এস	ত	0.181818
ন	এস	ম	0.121212
ন	এস	ক	0.090909
ন	এস	ড	0.090909
ন	এসব	র	0.250000
ন	ঐ	দ	0.363636
ন	ও	স	0.160000
ন	ও	ত	0.123429
ন	ও	ম	0.082286
ন	ও	র	0.062857
ন	ও	ন	0.059429
ন	ও	ক	0.053714
ন	ও	শ	0.040000
ন	ও	দ	0.038857
ন	ও	অন	0.037714
ন	ও	হ	0.030857
ন	ও	পর	0.027429
ন	ও	হত	0.022857
ন	ও	ড	0.021714
ন	ও	এই	0.014857
ন	ও	দল	0.012571
ন	ও	অ	0.011429
ন	ও	বল	0.009143
ন	ও	একজন	0.009143
ন	ও	কর	0.009143
ন	ও	এর	0.009143
ন	ও	উইক	0.008000
ন	ও	জন	0.006857
ন	ও	আর	0.005714
ন	ও	ধর	0.005714
ন	ও	ই	0.005714
ন	ও	আন	0.005714
ন	ও	অব	0.004571
ন	ও	আল	0.004571
ন	ও	কম	0.004571
ন	ও	এক	0.004571
ন	ওই	দ	0.272727
ন	ওজন	র	0.600000
ন	ওম	ন	0.500000
ন	ওর	ম	0.500000
ন	ক	ন	0.267108
ন	ক	র	0.197572
ন	ক	স	0.093083
ন	ক	ম	0.063282
ন	ক	ক	0.042678
ন	ক	ত	0.041207
ন	ক	শ	0.032745
ন	ক	দ	0.025018
ন	ক	হ	0.018396
ন	ক	পর	0.017292
ন	ক	ও	0.015085
ন	ক	পদ	0.015085
ন	ক	বল	0.012509
ন	ক	ড	0.011405
ন	ক	নও	0.009198
ন	ক	রক	0.006255
ন	ক	অন	0.004415
ন	ক	নন	0.004415
ন	ক	গঠন	0.004047
ন	ক	সহ	0.004047
ন	ক	কর	0.003679
ন	ক	কল	0.003679
ন	ক	জন	0.003311
ন	ক	অ	0.003311
ন	ক	উ	0.003311
ন	ক	গড	0.003311
ন	ক	শহর	0.003311
ন	ক	ই	0.003311
ন	ক	টন	0.003311
ন	ক	এই	0.002943
ন	কখন	ই	0.272727
ন	কখনও	কখনও	1.000000
ন	কত	র	0.733333
ন	কব	ত	0.441860
ন	কব	র	0.186047
ন	কব	স	0.093023
ন	কবর	দ	1.000000
ন	কম	ন	0.602941
ন	কম	শন	0.176471
ন	কম	ক	0.044118
ন	কর	ন	0.569393
ন	কর	র	0.131970
ন	কর	ত	0.092937
ন	কর	ম	0.021685
ন	কর	স	0.020446
ন	কর	হত	0.019207
ন	কর	ক	0.016729
ন	কর	দ	0.016729
ন	কর	শ	0.009294
ন	কর	পর	0.008674
ন	কর	ই	0.008055
ন	কর	ও	0.006815
ন	কর	হব	0.006196
ন	কর	নন	0.004337
ন	কর	ড	0.004337
ন	কর	এই	0.004337
ন	কর	হল	0.003717
ন	কর	সর	0.003098
ন	কর	আসছ	0.002478
ন	কর	এক	0.002478
ন	কর	বল	0.002478
ন	কর	চল	0.001859
ন	কর	গড	0.001859
ন	কর	মন	0.001859
ন	কর	লক	0.001859
ন	কর	অন	0.001859
ন	কর	তখন	0.001859
ন	কর	এর	0.001859
ন	করছ	ন	0.766667
ন	করছ	ত	0.100000
ন	করত	ন	0.462810
ন	করত	হব	0.099174
ন	করত	দ	0.057851
ন	করত	ও	0.049587
ন	করত	শ	0.041322
ন	করত	বল	0.033058
ন	করত	অন	0.024793
ন	করত	ক	0.024793
ন	করত	স	0.024793
ন	করব	ন	0.666667
ন	করল	ও	0.428571
ন	করল	ত	0.160714
ন	করল	স	0.089286
ন	করল	ন	0.089286
ন	করল	ই	0.053571
ন	কল	র	0.268293
ন	কল	ন	0.219512
ন	কল	ম	0.146341
ন	কল	স	0.073171
ন	খরচ	কর	0.678571
ন	খরচ	করত	0.214286
ন	গঠন	কর	0.591837
ন	গঠন	র	0.306122
ন	গড	ন	0.325000
ন	গড	ত	0.175000
ন	গড	উঠ	0.112500
ন	গড	র	0.100000
ন	গড	ওঠ	0.075000
ন	গড	উইক	0.037500
ন	গত	ক	0.484848
ন	গত	ত	0.121212
ন	গত	ন	0.090909
ন	ঘর	র	0.411765
ন	চল	চল	0.567164
ন	চল	আস	0.194030
ন	চল	র	0.134328
ন	চল	ন	0.059701
ন	জগত	র	1.000000
ন	জন	ম	0.545455
ন	জন	ক	0.066116
ন	জন	র	0.057851
ন	জন	স	0.049587
ন	জন	শ	0.049587
ন	জন	হ	0.041322
ন	জন	ন	0.033058
ন	জন	ড	0.024793
ন	জন	মদ	0.024793
ন	জনগণ	র	0.923077
ন	জল	র	0.600000
ন	টন	ক	0.113636
ন	টন	র	0.113636
ন	টন	ম	0.090909
ন	টন	এর	0.090909
ন	টন	স	0.090909
ন	টন	ড	0.068182
ন	টন	হ	0.068182
ন	টম	স	0.318182
ন	টম	র	0.181818
ন	টম	ন	0.181818
ন	টম	ক	0.136364
ন	ড	র	0.481942
ন	ড	স	0.058252
ন	ড	ক	0.053204
ন	ড	দল	0.045825
ন	ড	ম	0.041553
ন	ড	ন	0.041165
ন	ড	দ	0.028350
ন	ড	ত	0.025243
ন	ড	ও	0.019806
ন	ড	ড	0.019029
ন	ড	সফর	0.017864
ন	ড	হ	0.013592
ন	ড	অন	0.013204
ন	ড	এর	0.009320
ন	ড	অ	0.008155
ন	ড	পর	0.007379
ন	ড	শ	0.007379
ন	ড	এ	0.006990
ন	ড	ইন	0.006990
ন	ড	জন	0.005825
ন	ড	কর	0.004660
ন	ড	এক	0.004660
ন	ড	অফ	0.004272
ন	ড	এল	0.003883
ন	ড	বল	0.003495
ন	ড	কম	0.002718
ন	ড	রক	0.002718
ন	ড	কল	0.002718
ন	ড	চল	0.002718
ন	ড	আর	0.002718
ন	ডক	ম	0.150000
ন	ডক	পর	0.150000
ন	ডক	ক	0.150000
ন	ডট	র	0.448276
ন	ডট	স	0.172414
ন	ডট	ত	0.103448
ন	ডন	র	0.250000
ন	ডম	র	0.500000
ন	ডল	র	0.919149
ন	ডল	ক	0.017021
ন	ডল	ড	0.012766
ন	ডল	স	0.012766
ন	ডস	র	0.380952
ন	ডস	ক	0.158730
ন	ডস	ম	0.063492
ন	ডস	ন	0.063492
ন	ডস	অ	0.047619
ন	ত	র	0.286062
ন	ত	ন	0.197609
ন	ত	ত	0.098306
ন	ত	ক	0.055795
ন	ত	দ	0.047714
ন	ত	কর	0.043175
ন	ত	স	0.039411
ন	ত	ম	0.024244
ন	ত	হন	0.019041
ন	ত	হ	0.017381
ন	ত	শ	0.014281
ন	ত	পর	0.014060
ন	ত	ও	0.011956
ন	ত	রক	0.008081
ন	ত	অন	0.007749
ন	ত	এই	0.007307
ন	ত	ই	0.006864
ন	ত	হল	0.006089
ন	ত	বর	0.004539
ন	ত	ড	0.004428
ন	ত	এর	0.004318
ন	ত	হব	0.004207
ন	ত	মন	0.003210
ন	ত	কত	0.003100
ন	ত	করত	0.002989
ন	ত	বল	0.002325
ন	ত	যখন	0.002325
ন	ত	আল	0.002214
ন	ত	কম	0.002214
ন	ত	আম	0.002103
ন	তখন	ত	0.571429
ন	তখন	স	0.047619
ন	তখন	ক	0.038095
ন	তখন	দ	0.028571
ন	তখন	ম	0.028571
ন	তখন	ন	0.028571
ন	তত	ত	0.925926
ন	তম	লক	0.333333
ন	তম	স	0.222222
ন	তম	ম	0.166667
ন	তর	ত	0.538211
ন	তর	কর	0.206504
ন	তর	র	0.107317
ন	তর	করত	0.032520
ন	তর	ন	0.019512
ন	তর	স	0.014634
ন	তর	হ	0.011382
ন	তর	ক	0.009756
ন	তর	দ	0.008130
ন	তর	করব	0.004878
ন	দ	র	0.585397
ন	দ	শ	0.053310
ন	দ	ন	0.042698
ন	দ	দ	0.039666
ন	দ	রন	0.035371
ন	দ	ক	0.031582
ন	দ	স	0.029813
ন	দ	ত	0.029308
ন	দ	ম	0.016675
ন	দ	ই	0.016170
ন	দ	ধর	0.015412
ন	দ	রস	0.012127
ন	দ	ড	0.011117
ন	দ	ও	0.008085
ন	দ	হ	0.007832
ন	দ	ইট	0.006569
ন	দ	রক	0.005053
ন	দ	মন	0.005053
ন	দ	কর	0.004800
ন	দ	জন	0.003032
ন	দ	বন	0.003032
ন	দ	বস	0.002779
ন	দ	পর	0.002274
ন	দ	এর	0.001769
ন	দ	হল	0.001769
ন	দ	শহর	0.001516
ন	দ	ইন	0.001516
ন	দ	উর	0.001516
ন	দ	কল	0.001263
ন	দ	বছর	0.001011
ন	দখল	কর	0.907407
ন	দল	র	0.758333
ন	দল	গঠন	0.050000
ন	দল	ন	0.033333
ন	দল	ত	0.033333
ন	দশ	র	0.333333
ন	দশ	বছর	0.333333
ন	ধন	কর	0.272727
ন	ধন	ত	0.272727
ন	ধর	ম	0.656250
ন	ধর	র	0.087500
ন	ধর	ই	0.037500
ন	ধর	দ	0.037500
ন	ধর	ন	0.037500
ন	ধর	ক	0.025000
ন	ধর	স	0.025000
ন	ধর	হ	0.018750
ন	ধর	চল	0.018750
ন	ন	র	0.187130
ন	ন	ম	0.098277
ন	ন	স	0.086699
ন	ন	ত	0.078352
ন	ন	ক	0.072429
ন	ন	তর	0.071621
ন	ন	দ	0.067582
ন	ন	ন	0.049812
ন	ন	শ	0.026925
ন	ন	কর	0.026656
ন	ন	ই	0.018848
ন	ন	হ	0.018578
ন	ন	রকম	0.018309
ন	ন	পর	0.011039
ন	ন	ও	0.010770
ন	ন	অ	0.009155
ন	ন	হত	0.008885
ন	ন	অন	0.008616
ন	ন	পদ	0.007539
ন	ন	ড	0.006462
ন	ন	আন	0.005654
ন	ন	উ	0.005385
ন	ন	এল	0.005116
ন	ন	ধর	0.005116
ন	ন	মত	0.004577
ন	ন	হল	0.004308
ন	ন	ঘর	0.003500
ন	ন	দল	0.003500
ন	ন	বর	0.003500
ন	ন	বল	0.003231
ন	নক	র	0.300000
ন	নত	ন	0.517647
ন	নত	র	0.164706
ন	নত	দ	0.100000
ন	নত	ক	0.035294
ন	নত	পর	0.029412
ন	নত	ত	0.023529
ন	নত	লক	0.017647
ন	নত	স	0.017647
ন	নন	দ	0.250000
ন	নন	ত	0.250000
ন	পথ	র	0.166667
ন	পদ	র	0.735849
ন	পদ	ত	0.075472
ন	পদ	দ	0.075472
ন	পর	বর	0.198777
ন	পর	ক	0.137615
ন	পর	বহন	0.113150
ন	পর	স	0.110092
ন	পর	ত	0.091743
ন	পর	কল	0.073394
ন	পর	ম	0.042813
ন	পর	র	0.033639
ন	পর	মর	0.024465
ন	পর	ন	0.024465
ন	পর	ই	0.024465
ন	পর	শ	0.021407
ন	পর	পর	0.015291
ন	পর	লক	0.015291
ন	পর	দ	0.009174
ন	পরই	ত	0.800000
ন	পল	শ	0.150000
ন	পল	স	0.150000
ন	পল	ন	0.150000
ন	ফল	ত	0.275862
ন	ফল	ফল	0.206897
ন	বছর	র	0.450000
ন	বছর	পর	0.175000
ন	বছর	ধর	0.058333
ন	বছর	ম	0.058333
ন	বছর	আগ	0.050000
ন	বছর	ত	0.041667
ন	বছর	ক	0.025000
ন	বছর	শ	0.025000
ন	বছর	দ	0.025000
ন	বন	ধন	0.582090
ন	বন	দ	0.283582
ন	বন	ম	0.059701
ন	বন	ড	0.044776
ন	বব	ক	0.500000
ন	বর	তম	0.572917
ন	বর	ত	0.114583
ন	বর	বর	0.062500
ন	বর	দ	0.031250
ন	বর	ন	0.031250
ন	বল	ন	0.419214
ন	বল	র	0.078603
ন	বল	ত	0.078603
ন	বল	স	0.065502
ন	বল	মন	0.048035
ন	বল	দ	0.039301
ন	বল	হ	0.030568
ন	বল	ও	0.026201
ন	বল	ক	0.017467
ন	বল	ই	0.017467
ন	বল	অন	0.013100
ন	বল	হত	0.013100
ন	বল	পর	0.013100
ন	বল	এই	0.013100
ন	বলত	ন	0.400000
ন	বলল	ন	0.545455
ন	বলল	ই	0.454545
ন	বস	ত	0.773585
ন	বস	ন	0.132075
ন	বহন	কর	0.875000
ন	ভবন	র	0.333333
ন	ভবন	ম	0.222222
ন	ভবন	ন	0.166667
ন	ভর	ত	0.714286
ন	ম	র	0.193415
ন	ম	ন	0.170014
ন	ম	পর	0.127563
ন	ম	স	0.074550
ন	ম	ত	0.062953
ন	ম	দ	0.051149
ন	ম	ক	0.041209
ন	ম	ও	0.039139
ন	ম	হ	0.030234
ন	ম	ম	0.024436
ন	ম	ড	0.019259
ন	ম	এক	0.015945
ন	ম	শ	0.014496
ন	ম	ই	0.013667
ন	ম	অন	0.009733
ন	ম	শন	0.008905
ন	ম	হল	0.008076
ন	ম	আস	0.007455
ন	ম	একজন	0.006834
ন	ম	কর	0.006212
ন	ম	আর	0.004556
ন	ম	এই	0.004142
ন	ম	লক	0.003313
ন	ম	এস	0.002692
ন	ম	এর	0.002485
ন	ম	বদল	0.002485
ন	ম	ইন	0.002485
ন	ম	আল	0.002278
ন	ম	অ	0.002071
ন	ম	সর	0.001864
ন	মত	ন	0.425926
ন	মত	র	0.074074
ন	মত	ত	0.074074
ন	মত	দ	0.055556
ন	মত	স	0.055556
ন	মদ	ন	0.600000
ন	মন	ত	0.310345
ন	মন	দ	0.281609
ন	মন	কর	0.183908
ন	মন	র	0.068966
ন	মন	করত	0.057471
ন	মন	ন	0.034483
ন	মন	স	0.028736
ন	মম	ত	0.875000
ন	মর	স	0.222222
ন	মর	ম	0.222222
ন	মর	ত	0.166667
ন	যখন	ত	0.396226
ন	যখন	ম	0.113208
ন	যখন	ক	0.113208
ন	যখন	স	0.094340
ন	যত	দ	0.466667
ন	র	ম	0.222911
ন	র	দ	0.147886
ন	র	স	0.106293
ন	র	জন	0.076008
ন	র	ক	0.056637
ন	র	ন	0.045034
ন	র	র	0.040315
ন	র	পর	0.025467
ন	র	ভর	0.023599
ন	র	ত	0.021632
ন	র	শ	0.020256
ন	র	অন	0.018191
ন	র	হ	0.015044
ন	র	পদ	0.011111
ন	র	উপর	0.010914
ন	র	মত	0.009636
ন	র	আন	0.008850
ন	র	ড	0.007866
ন	র	ও	0.007276
ন	র	ইন	0.006588
ন	র	কর	0.006490
ন	র	সর	0.004916
ন	র	অ	0.004720
ন	র	ফল	0.004326
ন	র	এই	0.004228
ন	র	এক	0.003736
ন	র	গত	0.003540
ন	র	লক	0.003147
ন	র	মন	0.002950
ন	র	বর	0.002852
ন	রক	ত	0.500000
ন	রকম	র	0.511628
ন	রকম	ক	0.093023
ন	রকম	স	0.069767
ন	রঙ	র	0.625000
ন	রঙ	ক	0.125000
ন	রস	ত	0.666667
ন	রস	ন	0.100000
ন	রস	ক	0.100000
ন	রহম	ন	0.500000
ন	রহম	নক	0.500000
ন	লক	ন	0.500000
ন	লক	স	0.375000
ন	লগ	র	0.363636
ন	লস	ন	0.230769
ন	লস	এর	0.230769
ন	শ	র	0.354762
ন	শ	ক	0.267857
ন	শ	ন	0.095238
ন	শ	শ	0.053571
ন	শ	হ	0.052381
ন	শ	স	0.048810
ন	শ	ম	0.015476
ন	শ	দ	0.014286
ন	শ	ত	0.009524
ন	শ	ড	0.009524
ন	শ	বর	0.008333
ন	শ	নত	0.007143
ন	শ	কর	0.004762
ন	শ	করত	0.003571
ন	শ	পর	0.003571
ন	শ	চল	0.003571
ন	শক	ত	0.704545
ন	শক	র	0.090909
ন	শক	ন	0.068182
ন	শট	র	0.600000
ন	শত	র	0.666667
ন	শত	শ	0.222222
ন	শন	স	0.392857
ন	শন	ক	0.285714
ন	শহর	র	0.500000
ন	শহর	হ	0.083333
ন	শহর	ও	0.055556
ন	শহর	স	0.055556
ন	শহর	পর	0.041667
ন	শহর	অন	0.041667
ন	স	র	0.231026
ন	স	ন	0.156923
ন	স	স	0.116410
ন	স	ত	0.088718
ন	স	ক	0.072564
ন	স	ম	0.067179
ন	স	হ	0.031026
ন	স	ই	0.026667
ন	স	দ	0.026410
ন	স	মর	0.011026
ন	স	ড	0.010769
ন	স	শ	0.010256
ন	স	ও	0.009744
ন	স	রক	0.008974
ন	স	তর	0.008974
ন	স	এর	0.008462
ন	স	পর	0.006667
ন	স	বল	0.005897
ন	স	বর	0.005897
ন	স	অন	0.005897
ন	স	কর	0.005641
ন	স	কল	0.005641
ন	স	অ	0.004872
ন	স	ইন	0.004359
ন	স	এ	0.003333
ন	স	ধন	0.002821
ন	স	এক	0.002564
ন	স	গঠন	0.002308
ন	স	দল	0.002308
ন	স	মন	0.002308
ন	সকল	র	0.470588
ন	সকল	ক	0.235294
ন	সফর	ম	0.500000
ন	সফর	কর	0.333333
ন	সব	র	0.644444
ন	সব	ই	0.111111
ন	সব	ম	0.111111
ন	সব	ক	0.066667
ন	সর	সর	0.200000
ন	সর	ন	0.129412
ন	সর	বশ	0.105882
ন	সর	ত	0.105882
ন	সর	র	0.094118
ন	সর	বদ	0.094118
ন	সর	দ	0.058824
ন	সর	কর	0.035294
ন	সহ	অন	0.312500
ন	সহ	দ	0.125000
ন	সহ	ত	0.093750
ন	সহজ	ই	0.500000
ন	হ	স	0.517146
ন	হ	র	0.132530
ন	হ	ত	0.109361
ন	হ	ন	0.078777
ন	হ	ম	0.040778
ন	হ	ক	0.024096
ন	হ	দ	0.018536
ন	হ	ই	0.012975
ন	হ	ড	0.005561
ন	হ	লস	0.005561
ন	হ	লক	0.004634
ন	হ	শ	0.004634
ন	হ	রক	0.003707
ন	হ	কল	0.002780
ন	হ	এর	0.002780
ন	হ	ও	0.002780
ন	হত	হন	0.420000
ন	হত	শ	0.086667
ন	হত	ও	0.073333
ন	হত	হব	0.060000
ন	হত	ত	0.040000
ন	হত	দ	0.033333
ন	হত	অন	0.026667
ন	হত	র	0.026667
ন	হত	ক	0.026667
ন	হত	হত	0.020000
ন	হত	স	0.020000
ন	হত	হল	0.020000
ন	হন	ম	0.200000
ন	হন	ত	0.200000
ন	হব	র	0.640000
ন	হব	ন	0.160000
ন	হল	ও	0.287234
ন	হল	ন	0.239362
ন	হল	ত	0.079787
ন	হল	স	0.063830
ন	হল	ম	0.053191
ন	হল	ক	0.053191
ন	হল	র	0.031915
ন	হল	এই	0.021277
ন	হল	আম	0.015957
নত	আন	দ	1.000000
নত	ই	কর	1.000000
নত	ও	স	0.285714
নত	ও	ম	0.285714
নত	ক	ন	0.388889
নত	কর	র	0.678571
নত	কর	ম	0.107143
নত	ত	ত	0.833333
নত	ত	র	0.055556
নত	দ	বস	0.357143
নত	দ	শ	0.285714
নত	দ	ই	0.178571
নত	ন	স	0.144538
নত	ন	র	0.115966
নত	ন	ক	0.089076
নত	ন	কর	0.085714
নত	ন	দ	0.085714
নত	ন	ন	0.073950
নত	ন	ম	0.055462
নত	ন	নত	0.043697
নত	ন	শ	0.040336
নত	ন	পর	0.028571
নত	ন	বল	0.015126
নত	ন	ড	0.013445
নত	ন	এক	0.013445
নত	ন	ত	0.011765
নত	ন	আইন	0.010084
নত	ন	দল	0.010084
নত	ন	অন	0.008403
নত	ন	পদ	0.006723
নত	ন	শহর	0.006723
নত	ন	অ	0.006723
নত	ন	হ	0.006723
নত	ন	ও	0.006723
নত	ন	মন	0.006723
নত	ন	রক	0.006723
নত	ন	ভবন	0.006723
নত	ন	বছর	0.005042
নত	ন	অফ	0.005042
নত	ন	আম	0.005042
নত	ন	বন	0.005042
নত	ন	ধর	0.005042
নত	পর	লক	0.714286
নত	ম	ন	0.500000
নত	ম	স	0.150000
নত	র	পর	0.262500
নত	র	জন	0.193750
নত	র	স	0.106250
নত	র	দ	0.081250
নত	র	ক	0.081250
নত	র	আগ	0.043750
নত	র	ম	0.037500
নত	র	র	0.025000
নত	র	ন	0.018750
নত	র	ফল	0.018750
নত	শ	র	0.625000
নত	স	ধন	0.452381
নত	স	স	0.214286
নত	স	র	0.095238
নত	হ	স	0.500000
নন	এমন	ক	0.750000
নন	ক	ন	0.923077
নন	ত	ন	0.674419
নন	ত	র	0.162791
নন	ত	দ	0.069767
নন	দ	ন	0.323529
নন	দ	র	0.220588
নন	দ	স	0.088235
নন	দ	দ	0.080882
নন	দ	ত	0.051471
নন	দ	ম	0.029412
নন	দ	ক	0.029412
নন	দ	ও	0.029412
নন	দ	শ	0.029412
নন	র	ম	0.324324
নন	র	স	0.135135
নন	র	ক	0.108108
নন	র	জন	0.108108
নন	র	ভর	0.108108
নন	স	ম	0.187500
নন	স	দ	0.187500
পরও	ত	র	0.444444
পরও	ত	ন	0.333333
পরম	ত	ম	1.000000
পরম	পর	গত	0.363636
পরম	পর	অন	0.272727
পরম	শ	ন	0.600000
বলত	ক	ন	0.444444
বলত	র	ক	0.583333
বলত	শ	ন	0.600000
বলত	স	ই	0.500000
বশ	যত	স	1.000000
বশ	স	ত	0.920000
ম	অ	শ	0.777778
ম	অ	শট	0.111111
ম	অত	ক	0.428571
ম	অন	স	0.493506
ম	অন	তর	0.246753
ম	অন	ক	0.103896
ম	অন	দ	0.051948
ম	অন	ম	0.038961
ম	অফ	স	0.666667
ম	অব	স	0.285714
ম	অব	আর	0.214286
ম	আ	শ	0.375000
ম	আইন	র	0.333333
ম	আগ	ন	0.666667
ম	আজ	দ	0.444444
ম	আন	দ	0.428571
ম	আন	তর	0.238095
ম	আম	র	0.583333
ম	আম	ন	0.125000
ম	আর	ক	0.461538
ম	আর	ম	0.115385
ম	আল	দ	0.205882
ম	আল	ম	0.176471
ম	আল	ক	0.176471
ম	আল	শ	0.088235
ম	আল	ন	0.088235
ম	আল	র	0.088235
ম	আস	ন	0.363636
ম	আস	র	0.227273
ম	আস	ম	0.136364
ম	আস	দ	0.136364
ম	ই	র	0.150538
ম	ই	স	0.129032
ম	ই	ত	0.118280
ম	ই	পর	0.107527
ম	ই	ন	0.075269
ম	ই	ম	0.064516
ম	ই	দ	0.043011
ম	ই	হ	0.032258
ম	ই	ক	0.032258
ম	ইজ	শন	0.363636
ম	ইজ	স	0.136364
ম	ইজ	র	0.136364
ম	ইট	কন	0.357143
ম	ইট	স	0.285714
ম	ইট	র	0.214286
ম	ইন	র	0.236842
ম	ইন	ন	0.171053
ম	ইন	ড	0.144737
ম	ইন	দ	0.105263
ম	ইন	স	0.092105
ম	ইন	ত	0.052632
ম	ইন	ম	0.039474
ম	ইশ	র	0.750000
ম	ইস	ন	0.625000
ম	উম	ম	1.000000
ম	এ	ক	0.148148
ম	এ	র	0.111111
ম	এ	স	0.111111
ম	এ	ম	0.111111
ম	এ	ত	0.111111
ম	এই	দ	0.200000
ম	এই	ক	0.200000
ম	এই	ম	0.133333
ম	এই	ন	0.100000
ম	এক	স	0.127273
ম	এক	ড	0.127273
ম	এক	র	0.109091
ম	এক	ম	0.072727
ম	এক	দ	0.072727
ম	এক	শ	0.054545
ম	এক	ন	0.054545
ম	একজন	ম	0.200000
ম	একজন	স	0.160000
ম	একজন	ন	0.160000
ম	এড	ক	0.750000
ম	এন	ড	0.428571
ম	এমন	ক	0.428571
ম	এর	স	0.200000
ম	এর	ন	0.109091
ম	এর	ম	0.109091
ম	এর	মত	0.109091
ম	এর	পর	0.054545
ম	এর	জন	0.054545
ম	এল	ক	0.888889
ম	ও	পর	0.334211
ম	ও	ক	0.110526
ম	ও	স	0.100000
ম	ও	ম	0.063158
ম	ও	ন	0.047368
ম	ও	ত	0.044737
ম	ও	ড	0.039474
ম	ও	শ	0.028947
ম	ও	র	0.021053
ম	ও	অন	0.015789
ম	ও	হ	0.015789
ম	ও	এর	0.013158
ম	ও	দ	0.010526
ম	ও	অ	0.010526
ম	ও	এই	0.007895
ম	ও	বল	0.007895
ম	ও	ই	0.007895
ম	ও	বর	0.007895
ম	ক	ত	0.567352
ম	ক	র	0.150685
ম	ক	স	0.062405
ম	ক	ন	0.059361
ম	ক	ম	0.025114
ম	ক	ক	0.023592
ম	ক	দ	0.010654
ম	ক	হ	0.009132
ম	ক	ড	0.008371
ম	ক	শ	0.007610
ম	ক	ও	0.006088
ম	ক	ভবন	0.005327
ম	ক	ইন	0.003805
ম	ক	পর	0.003805
ম	ক	অ	0.003425
ম	ক	অন	0.003425
ম	ক	লস	0.002664
ম	ক	বল	0.002664
ম	ক	বন	0.002664
ম	ক	ধর	0.001903
ম	ক	ই	0.001903
ম	ক	আম	0.001903
ম	ক	আছ	0.001903
ম	ক	লক	0.001142
ম	ক	নও	0.001142
ম	ক	হত	0.001142
ম	ক	এর	0.001142
ম	ক	আইন	0.001142
ম	ক	অব	0.001142
ম	ক	একজন	0.001142
ম	কত	র	0.600000
ম	কত	ম	0.150000
ম	কন	ড	0.714286
ম	কব	ত	0.300000
ম	কব	র	0.300000
ম	কম	ন	0.600000
ম	কর	ন	0.256757
ম	কর	ত	0.202703
ম	কর	র	0.175676
ম	কর	দ	0.067568
ম	কর	ম	0.067568
ম	কর	ক	0.040541
ম	কস	দ	0.400000
ম	খবর	ত	1.000000
ম	গঠন	কর	0.785714
ম	গঠন	র	0.214286
ম	গড	ত	0.400000
ম	গড	র	0.300000
ম	গত	পর	0.388889
ম	গত	স	0.222222
ম	ঘন	দ	0.375000
ম	ঘন	র	0.250000
ম	চল	আস	0.600000
ম	জন	ম	0.650000
ম	জন	র	0.100000
ম	জন	হ	0.075000
ম	ড	ক	0.479915
ম	ড	স	0.200846
ম	ড	ন	0.103594
ম	ড	র	0.073996
ম	ড	ম	0.029598
ম	ড	কত	0.016913
ম	ড	ই	0.010571
ম	ড	ড	0.008457
ম	ড	হ	0.006342
ম	ড	ও	0.006342
ম	ডল	স	0.304348
ম	ডল	র	0.130435
ম	ডল	ইস	0.130435
ম	ত	র	0.602542
ম	ত	ক	0.055651
ম	ত	স	0.054277
ম	ত	ত	0.043971
ম	ত	ন	0.041910
ম	ত	দ	0.031948
ম	ত	ম	0.028513
ম	ত	শ	0.014428
ম	ত	হ	0.013397
ম	ত	ও	0.012023
ম	ত	পর	0.009275
ম	ত	কর	0.008245
ম	ত	এই	0.007214
ম	ত	অন	0.005153
ম	ত	মন	0.004809
ম	ত	অ	0.003779
ম	ত	হব	0.003779
ম	ত	রন	0.002748
ম	ত	ই	0.002748
ম	ত	রক	0.002748
ম	ত	বল	0.002405
ম	ত	আল	0.002405
ম	ত	ড	0.002405
ম	ত	হল	0.002061
ম	ত	হত	0.002061
ম	ত	শক	0.001718
ম	ত	বস	0.001718
ম	ত	একজন	0.001718
ম	ত	জন	0.001374
ম	ত	অত	0.001031
ম	তত	ত	1.000000
ম	দ	র	0.646617
ম	দ	ন	0.093985
ম	দ	ত	0.064662
ম	দ	ক	0.057143
ম	দ	স	0.028571
ম	দ	ম	0.015789
ম	দ	দ	0.015038
ম	দ	শ	0.009774
ম	দ	ই	0.009774
ম	দ	এর	0.005263
ম	দ	বস	0.004511
ম	দ	ইট	0.004511
ম	দ	হ	0.004511
ম	দ	আল	0.003759
ম	দ	জন	0.003008
ম	দ	ড	0.003008
ম	দ	রন	0.002256
ম	দ	ও	0.002256
ম	দ	রক	0.002256
ম	দ	শট	0.002256
ম	দখল	কর	0.625000
ম	দল	র	0.533333
ম	ধর	ম	0.907895
ম	ন	র	0.225356
ম	ন	স	0.113910
ম	ন	ত	0.108708
ম	ন	ক	0.094743
ম	ন	ন	0.072563
ম	ন	ম	0.049562
ম	ন	দ	0.040526
ম	ন	কর	0.038335
ম	ন	ড	0.024370
ম	ন	ও	0.019441
ম	ন	হ	0.017525
ম	ন	শ	0.016977
ম	ন	পর	0.015608
ম	ন	চল	0.010953
ম	ন	বন	0.010679
ম	ন	তর	0.010405
ম	ন	অন	0.007667
ম	ন	এ	0.006846
ম	ন	ই	0.006846
ম	ন	এক	0.005750
ম	ন	এর	0.005476
ম	ন	অ	0.004929
ম	ন	হল	0.004929
ম	ন	বছর	0.003560
ম	ন	বল	0.003286
ম	ন	হত	0.003012
ম	ন	বর	0.003012
ম	ন	এই	0.002738
ম	ন	রক	0.002738
ম	ন	কম	0.002738
ম	নক	স	0.161290
ম	নক	ন	0.129032
ম	নক	র	0.129032
ম	নক	আরও	0.096774
ম	নত	ন	0.533333
ম	নত	র	0.166667
ম	নত	স	0.100000
ম	নন	দ	0.378378
ম	নন	র	0.243243
ম	নন	স	0.081081
ম	পদ	শ	0.300000
ম	পর	বর	0.666667
ম	পর	ক	0.097561
ম	পর	ম	0.040650
ম	পর	কল	0.040650
ম	পর	ত	0.032520
ম	পর	বহন	0.032520
ম	পর	স	0.032520
ম	পল	র	0.250000
ম	পল	ম	0.125000
ম	পল	অব	0.093750
ম	পল	স	0.093750
ম	বই	দল	0.214286
ম	বছর	র	0.750000
ম	বন	দ	0.388889
ম	বন	কর	0.166667
ম	বর	স	0.221281
ম	বর	ত	0.219397
ম	বর	ম	0.155367
ম	বর	র	0.068738
ম	বর	এ	0.048023
ম	বর	পর	0.039548
ম	বর	ক	0.028249
ম	বর	ন	0.026365
ম	বর	একজন	0.024482
ম	বর	দ	0.015066
ম	বর	হ	0.012241
ম	বর	শ	0.012241
ম	বর	এর	0.011299
ম	বর	এই	0.010358
ম	বর	জন	0.009416
ম	বর	অন	0.009416
ম	বর	হল	0.009416
ম	বর	ড	0.008475
ম	বর	বছর	0.005650
ম	বর	ই	0.004708
ম	বর	হত	0.004708
ম	বর	তম	0.004708
ম	বর	ও	0.003766
ম	বর	কম	0.003766
ম	বর	অ	0.002825
ম	বর	আজ	0.002825
ম	বর	ইন	0.002825
ম	বর	আল	0.002825
ম	বল	র	0.230769
ম	বল	ন	0.173077
ম	বল	স	0.096154
ম	বল	ক	0.076923
ম	বল	দ	0.057692
ম	বলব	দ	1.000000
ম	ভর	ত	0.571429
ম	ম	র	0.199041
ম	ম	স	0.187050
ম	ম	দ	0.155875
ম	ম	ন	0.141487
ম	ম	ত	0.058753
ম	ম	ক	0.056355
ম	ম	বই	0.032374
ম	ম	হ	0.029976
ম	ম	ম	0.029976
ম	ম	ড	0.016787
ম	ম	শ	0.013189
ম	ম	কর	0.005995
ম	ম	একজন	0.005995
ম	ম	পর	0.004796
ম	ম	বর	0.004796
ম	ম	ঘন	0.004796
ম	ম	হব	0.003597
ম	ম	কত	0.003597
ম	ম	ও	0.003597
ম	মত	ক	0.428571
ম	মদ	র	0.245690
ম	মদ	স	0.137931
ম	মদ	আল	0.133621
ম	মদ	ম	0.064655
ম	মদ	হ	0.056034
ম	মদ	ন	0.051724
ম	মদ	শ	0.047414
ম	মদ	ত	0.047414
ম	মদ	এর	0.047414
ম	মদ	ক	0.047414
ম	মদ	ও	0.017241
ম	মদ	আর	0.012931
ম	মদ	আন	0.012931
ম	মন	দ	0.384615
ম	মন	ত	0.230769
ম	মর	ক	0.307692
ম	র	ক	0.247642
ম	র	ত	0.103130
ম	র	স	0.094554
ম	র	র	0.075257
ম	র	অন	0.069254
ম	র	ন	0.060034
ম	র	শ	0.048242
ম	র	ম	0.046741
ম	র	দ	0.038165
ম	র	জন	0.027230
ম	র	পর	0.018868
ম	র	মত	0.015223
ম	র	হ	0.014151
ম	র	এক	0.012007
ম	র	উপর	0.009220
ম	র	ড	0.008576
ম	র	ও	0.008576
ম	র	অ	0.006647
ম	র	একজন	0.005360
ম	র	কর	0.004503
ম	র	এই	0.003431
ম	র	সর	0.002787
ম	র	কম	0.002787
ম	র	কস	0.002787
ম	র	বন	0.002787
ম	র	বর	0.002144
ম	র	সব	0.002144
ম	র	আগ	0.001930
ম	র	মন	0.001930
ম	র	এর	0.001930
ম	রক	স	0.339286
ম	রক	ড	0.107143
ম	রক	ন	0.071429
ম	রক	ম	0.071429
ম	রক	হ	0.053571
ম	রক	ত	0.053571
ম	রক	র	0.053571
ম	রক	ও	0.053571
ম	রঙ	র	1.000000
ম	রন	র	0.300000
ম	রস	ন	0.250000
ম	রস	ক	0.250000
ম	রস	র	0.200000
ম	রস	স	0.150000
ম	লক	ক	0.126638
ম	লক	স	0.109170
ম	লক	কর	0.087336
ম	লক	ন	0.087336
ম	লক	শ	0.048035
ম	লক	পর	0.043668
ম	লক	ম	0.043668
ম	লক	হ	0.039301
ম	লক	অন	0.030568
ম	লক	কম	0.026201
ম	লক	পদ	0.026201
ম	লক	র	0.026201
ম	লক	ও	0.021834
ম	লক	তত	0.017467
ম	লক	দ	0.017467
ম	লক	অ	0.017467
ম	লক	মন	0.013100
ম	লক	কব	0.013100
ম	লক	ত	0.013100
ম	লক	রস	0.013100
ম	লক	বল	0.013100
ম	লগ	র	0.307692
ম	লগ	ড	0.230769
ম	লস	অ	0.428571
ম	শ	র	0.511777
ম	শ	ন	0.218415
ম	শ	ক	0.089936
ম	শ	হ	0.029979
ম	শ	শ	0.021413
ম	শ	বর	0.019272
ম	শ	স	0.012848
ম	শ	ত	0.012848
ম	শ	ই	0.008565
ম	শ	ম	0.008565
ম	শ	দ	0.006424
ম	শ	লক	0.006424
ম	শ	কর	0.006424
ম	শ	করত	0.006424
ম	শক	ত	0.900000
ম	শত	ক	0.700000
ম	শন	র	0.492063
ম	শন	ক	0.079365
ম	শন	স	0.079365
ম	শন	ন	0.063492
ম	শন	শ	0.039683
ম	শন	ও	0.031746
ম	শন	দ	0.023810
ম	শহর	র	0.647059
ম	স	ম	0.376238
ম	স	র	0.142488
ম	স	ক	0.097718
ম	স	ত	0.070598
ম	স	স	0.051227
ম	স	ন	0.043909
ম	স	পর	0.042617
ম	স	দ	0.026259
ম	স	হ	0.022385
ম	স	শ	0.012053
ম	স	ড	0.007318
ম	স	ধর	0.006457
ম	স	কর	0.005596
ম	স	ই	0.005596
ম	স	এই	0.004735
ম	স	তর	0.004735
ম	স	অন	0.003874
ম	স	ইন	0.003874
ম	স	বল	0.003874
ম	স	বর	0.003874
ম	স	রক	0.003874
ম	স	আগ	0.003444
ম	স	ও	0.003444
ম	স	গঠন	0.003013
ম	স	অ	0.002583
ম	স	এ	0.002583
ম	স	জন	0.002583
ম	স	আল	0.002152
ম	স	যখন	0.002152
ম	স	এক	0.002152
ম	সব	র	0.333333
ম	সর	র	0.454545
ম	সহ	দ	0.176471
ম	হ	ম	0.515066
ম	হ	স	0.182674
ম	হ	র	0.114878
ম	হ	ত	0.067797
ম	হ	ন	0.062147
ম	হ	দ	0.016949
ম	হ	ক	0.014124
ম	হ	ই	0.008475
ম	হত	ম	0.259259
ম	হত	র	0.185185
ম	হন	র	0.229167
ম	হন	ত	0.104167
ম	হন	কল	0.104167
ম	হন	দ	0.104167
ম	হন	ম	0.083333
ম	হন	স	0.083333
ম	হন	ও	0.062500
ম	হল	ন	0.263158
ম	হল	ও	0.122807
ম	হল	ম	0.087719
ম	হল	র	0.087719
ম	হল	দ	0.070175
ম	হল	ক	0.052632
যত	ও	স	0.375000
যত	ক	ন	0.307692
যত	ক	র	0.230769
যত	গড	উঠ	0.600000
যত	ত	অন	0.254545
যত	ত	ড	0.127273
যত	ত	ন	0.090909
যত	ত	স	0.072727
যত	ত	ক	0.072727
যত	ত	র	0.054545
যত	ত	অপর	0.054545
যত	ত	শ	0.054545
যত	দ	ন	0.625000
যত	ন	র	0.326531
যত	ন	ন	0.204082
যত	ন	কর	0.122449
যত	ন	শ	0.102041
যত	ন	দ	0.081633
যত	ম	লক	0.954545
যত	র	স	0.150000
যত	র	জন	0.130000
যত	র	দ	0.100000
যত	র	ক	0.090000
যত	র	ন	0.090000
যত	র	ম	0.050000
যত	র	উপর	0.040000
যত	র	শ	0.040000
যত	র	চল	0.030000
যত	র	পথ	0.030000
যত	হ	স	0.750000
র	অ	শ	0.937778
র	অ	শট	0.035556
র	অ	শক	0.008889
র	অজ	ন	0.666667
র	অজ	হ	0.266667
র	অত	র	0.380435
র	অত	ত	0.250000
র	অত	ক	0.163043
র	অত	দ	0.043478
র	অত	স	0.043478
র	অত	ম	0.043478
র	অন	তর	0.255844
র	অন	ক	0.203247
র	অন	স	0.187662
র	অন	র	0.107792
র	অন	মত	0.100649
র	অন	ম	0.057143
র	অন	শ	0.024026
র	অন	ত	0.022078
র	অন	দ	0.013636
র	অন	তত	0.006494
র	অন	ন	0.005844
র	অন	গত	0.005844
র	অন	যত	0.003896
র	অন	হ	0.003247
র	অপর	ন	0.166667
র	অপর	স	0.166667
র	অপর	দ	0.166667
র	অপর	হ	0.083333
র	অপর	ক	0.083333
র	অপহরণ	কর	0.625000
র	অফ	স	0.514925
র	অফ	দ	0.231343
র	অফ	শ	0.044776
র	অফ	র	0.044776
র	অফ	ক	0.022388
র	অফ	কম	0.022388
র	অব	স	0.285714
র	অব	দ	0.142857
র	অব	শ	0.095238
র	অব	ক	0.095238
র	অব	ড	0.063492
র	অব	র	0.063492
র	অব	ম	0.047619
র	অবতরণ	র	0.600000
র	অবসর	র	0.666667
র	অল	ম	0.500000
র	অল	ক	0.195652
র	অল	র	0.173913
র	অহ	স	0.600000
র	আ	ক	0.440678
র	আ	শ	0.288136
র	আ	ত	0.067797
র	আইন	র	0.291667
র	আইন	অন	0.145833
র	আইন	পর	0.104167
র	আইন	স	0.083333
র	আইন	ও	0.062500
র	আইন	শ	0.062500
র	আগ	পর	0.221968
র	আগ	ই	0.194508
র	আগ	র	0.137300
র	আগ	ত	0.109840
র	আগ	ন	0.064073
র	আগ	স	0.057208
র	আগ	ক	0.034325
র	আগ	এই	0.020595
র	আগ	ম	0.018307
র	আগ	দ	0.016018
র	আগ	অন	0.013730
র	আগ	ও	0.011442
র	আগ	শ	0.011442
র	আগ	হ	0.006865
র	আগ	কর	0.006865
র	আগ	আর	0.006865
র	আগমন	র	0.742857
র	আচরণ	র	0.434783
র	আছ	ন	0.280000
র	আজ	বন	0.470588
র	আজ	দ	0.235294
র	আট	বছর	0.333333
র	আটক	কর	0.428571
র	আটক	র	0.214286
র	আদর	শ	0.979592
র	আন	তর	0.442308
র	আন	দ	0.263736
র	আন	ত	0.087912
র	আন	ম	0.060440
র	আন	গত	0.032967
র	আন	ড	0.027473
র	আন	ন	0.024725
র	আন	র	0.013736
র	আন	স	0.013736
র	আন	ক	0.008242
র	আন	শ	0.008242
র	আপ	ক	0.413043
র	আপ	ত	0.195652
র	আপ	র	0.130435
র	আপ	হ	0.086957
র	আপন	ক	0.500000
র	আম	র	0.666667
র	আম	ন	0.100000
র	আম	দ	0.077778
র	আম	ক	0.055556
র	আর	ক	0.301471
র	আর	ম	0.161765
র	আর	দ	0.088235
র	আর	স	0.058824
র	আর	ধন	0.044118
র	আর	ত	0.044118
র	আর	অন	0.036765
র	আর	ন	0.036765
র	আর	র	0.029412
র	আর	এক	0.029412
র	আর	শ	0.022059
র	আরও	দ	0.205128
র	আরও	ক	0.205128
র	আরও	অন	0.102564
র	আরও	স	0.102564
র	আরও	বল	0.076923
র	আরও	ত	0.076923
র	আরব	র	0.312500
র	আরব	স	0.250000
র	আরব	শ	0.187500
র	আল	ক	0.277457
র	আল	দ	0.265896
র	আল	র	0.144509
র	আল	ম	0.069364
র	আল	স	0.052023
র	আল	হ	0.052023
র	আল	ত	0.017341
র	আস	ন	0.573222
র	আস	র	0.242678
র	আস	ম	0.058577
র	আস	ত	0.046025
র	আস	দ	0.016736
র	আস	নন	0.012552
র	আসন	ন	0.421053
র	আসন	র	0.315789
র	আসল	ন	0.477273
র	আসল	ও	0.068182
র	আসল	ক	0.068182
র	আসল	পর	0.068182
র	আহত	হন	0.750000
র	ই	র	0.231638
র	ই	ম	0.135593
র	ই	স	0.093220
র	ই	ত	0.081921
র	ই	ড	0.067797
র	ই	ন	0.048023
র	ই	ক	0.036723
র	ই	এই	0.033898
র	ই	দ	0.033898
র	ই	শ	0.025424
র	ই	কর	0.016949
র	ই	এর	0.016949
র	ই	হ	0.014124
র	ই	এ	0.014124
র	ই	একই	0.011299
র	ই	পর	0.008475
র	ই	সর	0.008475
র	ই	এত	0.008475
র	ইজ	র	0.305556
র	ইজ	স	0.194444
র	ইজ	শন	0.111111
র	ইট	র	0.386667
র	ইট	স	0.106667
র	ইট	আইন	0.053333
র	ইট	ক	0.053333
র	ইট	ন	0.053333
র	ইট	অফ	0.040000
র	ইন	স	0.520202
র	ইন	ড	0.161616
র	ইন	দ	0.126263
র	ইন	র	0.055556
র	ইন	ম	0.030303
র	ইন	ক	0.025253
র	ইন	ত	0.020202
র	ইন	ন	0.015152
র	ইপ	র	0.555556
র	ইপ	আর	0.333333
র	ইশ	র	0.363636
র	ইস	ত	0.259259
র	ইস	স	0.222222
র	ইস	র	0.185185
র	উ	দ	0.428571
র	উপর	ন	0.273072
র	উপর	দ	0.125158
র	উপর	র	0.092288
র	উপর	ত	0.068268
র	উপর	স	0.064475
র	উপর	ক	0.054362
র	উপর	ম	0.024020
র	উপর	অন	0.022756
র	উপর	হ	0.020228
র	উপর	আর	0.018963
র	উপর	কর	0.017699
র	উপর	ও	0.015171
র	উপর	শ	0.013906
র	উপর	এই	0.012642
র	উপর	ই	0.012642
র	উপর	পর	0.012642
র	উপর	অত	0.011378
র	উপর	আল	0.010114
র	উপর	এক	0.010114
র	উপর	এর	0.008850
র	উপর	কল	0.006321
র	উপর	বর	0.006321
র	উপর	নজর	0.006321
র	উপর	ড	0.006321
র	উপর	ভর	0.005057
র	উপর	গড	0.005057
র	উপর	আস	0.005057
র	উপর	অ	0.005057
র	উপর	লক	0.003793
র	উপর	সর	0.003793
র	উম	ম	0.545455
র	উম	মত	0.272727
র	উর	দ	0.600000
র	উর	বর	0.200000
র	উৎস	হ	0.500000
র	উৎস	র	0.078125
র	উৎস	স	0.078125
র	উৎস	হল	0.046875
র	উৎস	ন	0.046875
র	উৎসব	র	0.200000
র	উৎসব	ন	0.090909
র	উৎসব	ত	0.072727
র	উৎসব	হ	0.072727
র	উৎসব	এ	0.072727
র	উৎসব	ও	0.072727
র	উৎসব	দ	0.054545
র	ঋণ	দ	0.307692
র	এ	স	0.167785
র	এ	ক	0.100671
র	এ	ত	0.087248
র	এ	র	0.087248
র	এ	ন	0.067114
র	এ	দ	0.060403
র	এ	ম	0.060403
র	এ	অন	0.040268
র	এ	শ	0.033557
র	এ	পর	0.033557
র	এ	ইন	0.026846
র	এ	হ	0.020134
র	এ	এল	0.020134
র	এ	মন	0.020134
র	এই	স	0.132964
র	এই	দ	0.121884
র	এই	ক	0.102493
র	এই	র	0.069252
র	এই	ম	0.055402
র	এই	ন	0.055402
র	এই	শ	0.044321
র	এই	পর	0.041551
র	এই	অন	0.036011
র	এই	অ	0.033241
র	এই	মন	0.030471
র	এই	ত	0.027701
র	এই	শহর	0.019391
র	এই	পদ	0.016620
র	এই	হ	0.016620
র	এই	নত	0.011080
র	এই	মত	0.011080
র	এই	ধর	0.008310
র	এই	তত	0.008310
র	এই	এক	0.008310
র	এই	আইন	0.008310
র	এক	স	0.101604
র	এক	শ	0.096257
র	এক	ড	0.090909
র	এক	বছর	0.074866
র	এক	ক	0.064171
র	এক	অপর	0.058824
র	এক	দ	0.053476
র	এক	দশ	0.048128
র	এক	ম	0.040107
র	এক	ন	0.040107
র	এক	ত	0.040107
র	এক	র	0.040107
র	এক	পর	0.026738
র	এক	অন	0.021390
র	এক	হ	0.021390
র	এক	বন	0.018717
র	এক	কন	0.013369
র	এক	জন	0.013369
র	এক	শত	0.010695
র	এক	নত	0.010695
র	এক	তর	0.008021
র	এক	এক	0.008021
র	একই	স	0.228571
র	একই	ন	0.171429
র	একই	পর	0.085714
র	একই	দ	0.085714
র	একক	স	0.152174
র	একক	দ	0.130435
র	একক	শ	0.108696
র	একক	ও	0.086957
র	একক	র	0.086957
র	একক	অ	0.086957
র	একক	ক	0.065217
র	একজন	স	0.181818
র	একজন	ন	0.105263
র	একজন	র	0.081340
র	একজন	হ	0.081340
র	একজন	শ	0.081340
র	একজন	ক	0.076555
র	একজন	ম	0.066986
র	একজন	অন	0.052632
র	একজন	কর	0.043062
র	একজন	পর	0.019139
র	একজন	অফ	0.014354
র	একজন	অ	0.014354
র	একজন	মন	0.014354
র	একজন	দ	0.014354
র	একদম	ক	0.428571
র	এখন	ক	0.222222
র	এখন	আর	0.166667
র	এড	ক	0.333333
র	এত	দ	0.250000
র	এন	ড	0.394737
র	এন	দ	0.184211
র	এন	র	0.078947
র	এম	র	0.294118
র	এম	এ	0.176471
র	এমন	ক	0.222222
র	এমন	ন	0.138889
র	এমন	স	0.083333
র	এমন	অন	0.083333
র	এমন	এক	0.083333
র	এর	স	0.333333
র	এর	ম	0.086957
র	এর	ন	0.086957
র	এর	ক	0.079710
র	এর	মত	0.039855
র	এর	জন	0.036232
র	এর	উপর	0.028986
র	এর	শ	0.025362
র	এর	পর	0.021739
র	এর	অন	0.021739
র	এর	হ	0.018116
র	এর	বর	0.018116
র	এর	র	0.018116
র	এর	আগ	0.018116
র	এর	দ	0.014493
র	এর	নজর	0.010870
র	এর	আন	0.010870
র	এর	সহ	0.010870
র	এল	ক	0.913295
র	এল	ম	0.034682
র	এল	ন	0.017341
র	এস	ত	0.306122
র	এস	স	0.224490
র	এস	ক	0.081633
র	এস	ম	0.061224
র	এস	ড	0.061224
র	এহ	ন	0.750000
র	ঐ	স	0.150000
র	ও	স	0.142857
র	ও	ত	0.093220
র	ও	ক	0.083535
র	ও	ন	0.076271
র	ও	ম	0.066586
র	ও	র	0.054479
র	ও	শ	0.054479
র	ও	দ	0.049637
র	ও	হ	0.026634
র	ও	অন	0.026634
র	ও	পর	0.025424
র	ও	ড	0.024213
র	ও	এই	0.021792
র	ও	কর	0.018160
র	ও	এর	0.016949
র	ও	মন	0.013317
র	ও	অত	0.010896
র	ও	জন	0.009685
র	ও	এক	0.008475
র	ও	কম	0.008475
র	ও	অল	0.007264
র	ও	আল	0.007264
র	ও	একই	0.007264
র	ও	শক	0.006053
র	ও	ইন	0.006053
র	ও	ধর	0.004843
র	ও	আর	0.004843
র	ও	জনগণ	0.004843
র	ও	কন	0.004843
র	ও	ও	0.004843
র	ওজন	র	0.258065
র	ওজন	কম	0.129032
র	ওজন	হ	0.096774
র	ওজন	স	0.096774
র	ওঠ	ন	0.666667
র	ওপর	ন	0.254438
র	ওপর	দ	0.094675
র	ওপর	র	0.082840
র	ওপর	স	0.076923
র	ওপর	ত	0.053254
র	ওপর	হ	0.047337
র	ওপর	ক	0.041420
র	ওপর	শ	0.035503
র	ওপর	এক	0.017751
র	ওপর	পর	0.017751
র	ওপর	আল	0.017751
র	ওপর	ম	0.017751
র	ওপর	অন	0.017751
র	ওপর	বস	0.017751
র	ওপর	উঠ	0.017751
র	ওপর	অত	0.017751
র	ওম	ন	0.600000
র	ওমর	হ	1.000000
র	ওর	স	0.307692
র	ক	ন	0.303408
র	ক	র	0.267526
র	ক	ত	0.106678
র	ক	স	0.062898
র	ক	ম	0.035605
র	ক	ক	0.029094
র	ক	হ	0.020920
র	ক	শ	0.017456
র	ক	দ	0.016625
র	ক	ও	0.012192
র	ক	নও	0.009282
র	ক	ড	0.007758
র	ক	বল	0.007343
র	ক	পর	0.006789
র	ক	কর	0.004710
র	ক	টন	0.004710
র	ক	উ	0.004295
র	ক	দল	0.004156
র	ক	অন	0.003602
র	ক	অ	0.003186
র	ক	সফর	0.002494
র	ক	ইন	0.002494
র	ক	বর	0.002494
র	ক	এর	0.002355
র	ক	আন	0.002355
র	ক	এ	0.002217
র	ক	এল	0.002078
র	ক	মর	0.002078
র	ক	রন	0.002078
র	ক	ই	0.002078
র	কখন	ই	0.352941
র	কখন	কখন	0.294118
র	কখন	ত	0.176471
র	কখনও	কখনও	0.625000
র	কত	র	0.500000
র	কন	ন	0.312500
র	কন	ড	0.250000
র	কব	ত	0.705882
র	কব	তর	0.070588
র	কব	র	0.070588
র	কব	ও	0.035294
র	কব	হ	0.035294
র	কম	ন	0.568345
র	কম	শন	0.151079
র	কম	ক	0.057554
র	কম	ড	0.043165
র	কম	ত	0.035971
র	কম	খরচ	0.021583
র	কম	ম	0.021583
র	কর	ন	0.423562
র	কর	ড	0.129734
র	কর	র	0.112202
র	কর	ত	0.084502
র	কর	ম	0.034712
র	কর	দ	0.026297
র	কর	হত	0.024544
র	কর	স	0.022440
র	কর	ক	0.016830
র	কর	ডস	0.010168
র	কর	শ	0.009818
র	কর	এই	0.006311
র	কর	হল	0.006311
র	কর	হব	0.006311
র	কর	ও	0.005610
র	কর	ডক	0.005259
র	কর	ডট	0.004909
র	কর	হ	0.004558
র	কর	ই	0.003857
র	কর	এর	0.003506
র	কর	আসছ	0.003156
র	কর	পর	0.003156
র	কর	তখন	0.002805
র	কর	কর	0.002805
র	কর	বল	0.002454
র	কর	যখন	0.002454
র	কর	সর	0.002454
র	কর	আন	0.002454
র	কর	গড	0.002104
র	কর	অন	0.002104
র	করছ	ন	0.714286
র	করত	ন	0.320988
র	করত	শ	0.117284
র	করত	হব	0.086420
র	করত	দ	0.080247
র	করত	স	0.055556
র	করত	বল	0.043210
র	করত	ত	0.043210
র	করত	সহ	0.030864
র	করত	ও	0.024691
র	করত	পর	0.018519
র	করত	ক	0.018519
র	করত	অন	0.018519
র	করব	ন	0.562500
র	করল	ন	0.449275
র	করল	ও	0.217391
র	করল	ত	0.115942
র	করল	স	0.057971
র	কল	ন	0.355263
র	কল	র	0.144737
র	কল	ম	0.131579
র	কল	ক	0.118421
র	কল	ভবন	0.039474
র	কল	স	0.039474
র	কস	র	0.171429
র	কস	ত	0.114286
র	কস	স	0.114286
র	কস	এর	0.114286
র	কস	ন	0.085714
র	খবর	স	0.222222
র	খবর	শ	0.166667
র	খরচ	বহন	0.227273
র	খরচ	কম	0.136364
র	গঠন	কর	0.366197
র	গঠন	র	0.225352
র	গঠন	ক	0.070423
র	গঠন	করত	0.056338
র	গড	ত	0.274725
র	গড	স	0.164835
র	গড	উঠ	0.142857
র	গড	র	0.087912
র	গড	দ	0.054945
র	গড	ন	0.043956
র	গড	ওঠ	0.032967
র	গড	ম	0.032967
র	গড	এর	0.032967
র	গড	হ	0.032967
র	গত	র	0.198020
র	গত	পথ	0.089109
র	গত	ন	0.089109
র	গত	ত	0.089109
র	গত	ক	0.079208
র	গত	শ	0.079208
র	গত	কর	0.069307
র	গত	শক	0.059406
র	গত	স	0.039604
র	গত	পর	0.029703
র	গত	হ	0.029703
র	ঘন	ঘন	0.444444
র	ঘর	র	0.365079
র	ঘর	ন	0.158730
র	ঘর	জন	0.158730
র	চরম	ম	0.375000
র	চল	চল	0.413793
র	চল	ক	0.189655
র	চল	আস	0.103448
র	চল	র	0.086207
র	চল	ইট	0.051724
র	জগত	র	0.514286
র	জগত	ত	0.200000
র	জন	ত	0.620271
র	জন	ম	0.249108
র	জন	র	0.026410
র	জন	কর	0.015703
র	জন	মদ	0.014989
র	জন	ক	0.009279
র	জন	স	0.008565
র	জন	শ	0.007138
র	জন	করত	0.004996
র	জন	ও	0.004283
র	জন	মন	0.004283
র	জন	ন	0.003569
র	জন	হ	0.002855
র	জন	এর	0.002141
র	জন	মত	0.002141
র	জন	পর	0.002141
র	জনগণ	র	0.756098
র	জব	শ	0.744792
র	জব	ড	0.192708
র	জব	শক	0.020833
র	জল	র	0.434783
র	জল	ন	0.101449
র	জল	স	0.072464
র	জল	শ	0.057971
র	জল	ড	0.043478
র	জল	ম	0.043478
র	জশ	হ	0.973214
র	জশ	র	0.026786
র	টন	র	0.434783
র	টন	স	0.086957
র	টন	ও	0.065217
র	টম	ন	0.875000
র	টম	স	0.071429
র	ড	র	0.233333
র	ড	স	0.152511
র	ড	ন	0.123288
র	ড	ক	0.075799
র	ড	ও	0.072603
র	ড	ম	0.045205
র	ড	শ	0.031507
র	ড	ড	0.027397
র	ড	হ	0.024658
র	ড	ত	0.016438
র	ড	দ	0.015525
র	ড	এর	0.011872
র	ড	পর	0.010959
র	ড	জন	0.009589
র	ড	কর	0.008676
র	ড	অ	0.008219
র	ড	এ	0.008219
র	ড	ই	0.007306
র	ড	কন	0.007306
র	ড	বল	0.005936
র	ড	ইন	0.005936
র	ড	অফ	0.005479
র	ড	আর	0.005023
র	ড	হল	0.004566
র	ড	অব	0.004566
র	ড	বর	0.004110
র	ড	মন	0.004110
র	ড	এল	0.004110
র	ড	এই	0.003653
র	ড	অন	0.003653
র	ডক	র	0.300000
র	ডক	ম	0.175000
র	ডক	স	0.150000
র	ডক	রস	0.125000
র	ডট	স	0.363636
র	ডন	র	0.777778
র	ডম	র	0.647059
র	ডল	র	0.571429
র	ডস	র	0.216216
র	ডস	স	0.135135
র	ডস	ন	0.108108
র	ডস	এর	0.081081
র	ত	র	0.340421
র	ত	ত	0.100271
র	ত	ন	0.096936
র	ত	দ	0.095059
র	ত	ক	0.062331
র	ত	কর	0.043569
র	ত	স	0.039817
র	ত	ম	0.026683
র	ত	ও	0.012508
র	ত	হ	0.012508
র	ত	পর	0.011049
র	ত	শ	0.011049
র	ত	ই	0.010632
র	ত	অন	0.009589
র	ত	ড	0.009172
র	ত	হত	0.006671
র	ত	মন	0.006462
র	ত	রক	0.005837
র	ত	বর	0.005629
র	ত	হন	0.005212
র	ত	আছ	0.004586
র	ত	এর	0.003752
র	ত	হল	0.003544
র	ত	বদ	0.003544
র	ত	গত	0.003335
র	ত	অ	0.002918
র	ত	বল	0.002918
র	ত	হব	0.002710
র	ত	করত	0.002710
র	ত	এই	0.002502
র	তখন	ত	0.235294
র	তত	ত	0.852713
র	তত	র	0.077519
র	তত	ক	0.031008
র	তম	দ	0.309859
র	তম	স	0.140845
র	তম	র	0.098592
র	তম	ম	0.098592
র	তম	জন	0.056338
র	তম	বর	0.042254
র	তর	আহত	0.250000
র	তর	ক	0.204545
র	তর	ত	0.090909
র	তর	শ	0.090909
র	তর	ন	0.068182
র	তরল	র	0.375000
র	দ	র	0.286527
র	দ	ক	0.232067
র	দ	শ	0.151595
র	দ	ন	0.086365
র	দ	ই	0.049583
র	দ	হ	0.037797
র	দ	শন	0.017883
র	দ	ত	0.016257
র	দ	জন	0.013615
র	দ	দ	0.013005
র	দ	ইট	0.012599
র	দ	স	0.012193
র	দ	ম	0.010364
র	দ	ড	0.009348
র	দ	শক	0.009348
র	দ	রক	0.005283
র	দ	বন	0.004064
র	দ	বস	0.003861
র	দ	নন	0.003658
র	দ	ও	0.002642
র	দ	শট	0.001626
র	দ	বদ	0.001422
র	দ	বছর	0.001422
র	দ	রন	0.001016
র	দ	হত	0.000813
র	দ	রস	0.000813
র	দ	নক	0.000813
র	দ	হট	0.000813
র	দ	হক	0.000813
র	দ	এর	0.000813
র	দখল	ন	0.339623
র	দখল	কর	0.226415
র	দখল	চল	0.132075
র	দখল	র	0.094340
র	দখল	আস	0.056604
র	দম	র	0.375000
র	দম	ক	0.250000
র	দমন	কর	0.307692
র	দল	র	0.569231
র	দল	ন	0.056410
র	দল	স	0.056410
র	দল	ত	0.041026
র	দল	দ	0.030769
র	দল	অন	0.030769
র	দল	হ	0.030769
র	দল	উইক	0.015385
র	দল	ম	0.015385
র	দল	পর	0.015385
র	দশ	র	0.227273
র	দশ	শত	0.181818
র	দশ	ক	0.090909
র	দশ	বছর	0.068182
র	দশ	ত	0.068182
র	ধন	ত	0.250000
র	ধন	ও	0.187500
র	ধন	ক	0.187500
র	ধর	ম	0.760331
র	ধর	র	0.057851
র	ধর	ন	0.049587
র	ধর	মন	0.033058
র	ন	ম	0.243237
র	ন	ত	0.230004
র	ন	র	0.211734
র	ন	স	0.094508
র	ন	ন	0.038880
র	ন	দ	0.023422
র	ন	ক	0.019440
র	ন	কর	0.017215
র	ন	ড	0.013585
র	ন	শ	0.011008
র	ন	ই	0.007612
র	ন	ও	0.006675
র	ন	হ	0.005738
র	ন	উ	0.005036
র	ন	বন	0.004801
র	ন	খরচ	0.004450
র	ন	তর	0.002694
র	ন	পর	0.002576
র	ন	ইট	0.002459
র	ন	আউট	0.002108
র	ন	হত	0.001991
র	ন	চল	0.001757
র	ন	পথ	0.001757
র	ন	অ	0.001757
র	ন	এর	0.001640
র	ন	রক	0.001522
র	ন	ইন	0.001522
র	ন	অপর	0.001405
র	ন	অন	0.001405
র	ন	ডস	0.001405
র	নক	স	0.153846
র	নক	আউট	0.115385
র	নক	র	0.115385
র	নকল	কর	0.625000
র	নজর	আস	0.440000
র	নজর	ক	0.320000
র	নজর	চল	0.120000
র	নত	ন	0.980263
র	নন	ত	0.343750
র	নন	দ	0.187500
র	নন	ক	0.125000
র	নন	র	0.093750
র	পতন	র	0.745098
র	পতন	ন	0.058824
র	পতন	ও	0.058824
র	পতন	শ	0.058824
র	পথ	র	0.194030
র	পথ	স	0.097015
র	পথ	ন	0.082090
র	পথ	দ	0.067164
র	পথ	ত	0.059701
র	পথ	ক	0.059701
র	পথ	হ	0.044776
র	পথ	ম	0.044776
র	পথ	অন	0.044776
র	পথ	ধর	0.029851
র	পথ	শ	0.022388
র	পথ	আছ	0.022388
র	পথ	আর	0.022388
র	পথ	পর	0.022388
র	পদ	র	0.220264
র	পদ	ন	0.171806
র	পদ	স	0.096916
র	পদ	ক	0.052863
র	পদ	ও	0.052863
র	পদ	ত	0.048458
র	পদ	দ	0.044053
র	পদ	বল	0.035242
র	পদ	ম	0.026432
র	পদ	পদ	0.022026
র	পদ	শ	0.017621
র	পদ	এল	0.017621
র	পদ	ড	0.013216
র	পদ	নত	0.013216
র	পদ	আরব	0.013216
র	পর	ত	0.154127
র	পর	ম	0.146457
র	পর	বর	0.116143
র	পর	স	0.107743
র	পর	কল	0.076698
র	পর	ক	0.066837
র	পর	মর	0.034697
র	পর	দ	0.028488
র	পর	র	0.025566
র	পর	শ	0.020818
র	পর	ও	0.019722
র	পর	বহন	0.017896
র	পর	ই	0.017531
র	পর	এই	0.016070
র	পর	ন	0.015705
র	পর	হ	0.010957
র	পর	এক	0.009496
র	পর	আর	0.006939
র	পর	ড	0.006574
র	পর	বছর	0.006574
র	পর	এর	0.006209
র	পর	এ	0.005844
র	পর	অন	0.005478
র	পর	পর	0.005478
র	পর	নত	0.003652
র	পর	আন	0.003652
র	পর	সর	0.003652
র	পর	যখন	0.003287
র	পর	আম	0.002922
র	পর	আরও	0.002557
র	পরও	ত	0.363636
র	পরও	র	0.136364
র	পরপরই	ত	0.263158
র	পরপরই	স	0.263158
র	পরম	পর	0.545455
র	পল	টন	0.444444
র	পল	স	0.185185
র	পল	এইচ	0.055556
র	পল	ম	0.055556
র	ফল	ফল	0.154185
র	ফল	ত	0.127753
র	ফল	স	0.118943
র	ফল	ক	0.077093
র	ফল	ম	0.055066
র	ফল	এই	0.044053
র	ফল	দ	0.041850
র	ফল	ই	0.035242
র	ফল	র	0.033040
র	ফল	ন	0.026432
র	ফল	শ	0.019824
র	ফল	এর	0.017621
র	ফল	হ	0.015419
র	ফল	ড	0.015419
র	ফল	পর	0.015419
র	ফল	জন	0.013216
র	ফল	এক	0.013216
র	ফল	অন	0.011013
র	ফল	আন	0.008811
র	ফল	অত	0.006608
র	ফল	ও	0.006608
র	ফল	একজন	0.006608
র	ফল	মন	0.006608
র	ফল	এ	0.006608
র	ফল	বন	0.006608
র	ফল	বর	0.006608
র	ফসল	হ	0.363636
র	ফসল	র	0.272727
র	বই	দ	0.176471
র	বই	স	0.176471
র	বছর	র	0.375000
র	বছর	পর	0.113971
র	বছর	ধর	0.102941
র	বছর	আগ	0.073529
র	বছর	স	0.055147
র	বছর	ম	0.047794
র	বছর	ত	0.033088
র	বছর	বল	0.029412
র	বছর	শ	0.018382
র	বছর	ক	0.018382
র	বছর	হ	0.018382
র	বছর	অত	0.018382
র	বছর	দ	0.014706
র	বছর	ন	0.011029
র	বদ	ক	0.826923
র	বদ	র	0.096154
র	বদ	শ	0.057692
র	বদল	ন	0.190476
র	বদল	ক	0.166667
র	বদল	ত	0.095238
র	বদল	স	0.095238
র	বদল	দ	0.071429
র	বন	দ	0.296296
র	বন	র	0.125000
র	বন	ধন	0.115741
র	বন	ড	0.097222
র	বন	ম	0.060185
র	বন	ন	0.046296
র	বন	পরম	0.037037
র	বন	স	0.032407
র	বন	ত	0.032407
র	বন	ক	0.027778
র	বন	ও	0.018519
র	বন	বন	0.013889
র	বন	পর	0.013889
র	বব	র	0.666667
র	বর	তম	0.649606
র	বর	বর	0.070866
র	বর	ত	0.059055
র	বর	শ	0.047244
র	বর	দ	0.031496
র	বর	জন	0.027559
র	বর	ম	0.027559
র	বর	ধন	0.019685
র	বর	ড	0.015748
র	বল	ন	0.186916
র	বল	র	0.088785
র	বল	দ	0.079439
র	বল	স	0.074766
র	বল	মন	0.074766
র	বল	ক	0.065421
র	বল	ড	0.046729
র	বল	ম	0.042056
র	বল	কর	0.037383
র	বল	অন	0.028037
র	বল	বর	0.023364
র	বল	হ	0.023364
র	বল	পর	0.023364
র	বল	হত	0.023364
র	বল	ত	0.018692
র	বল	ই	0.018692
র	বল	শ	0.014019
র	বল	বল	0.014019
র	বলত	র	0.321429
র	বলত	ক	0.178571
র	বশ	যত	0.333333
র	বস	ত	0.405405
র	বস	র	0.387387
র	বস	ন	0.045045
র	বস	স	0.027027
র	বস	ক	0.027027
র	বস	ম	0.027027
র	বহন	কর	0.705882
র	বহন	করত	0.117647
র	বহন	করছ	0.117647
র	ভবন	ন	0.272727
র	ভবন	র	0.181818
র	ভবন	স	0.136364
র	ভর	কর	0.569811
র	ভর	ত	0.113208
র	ভর	র	0.071698
র	ভর	করত	0.049057
র	ভর	ক	0.033962
র	ভর	ন	0.026415
র	ভর	করছ	0.022642
র	ভর	স	0.018868
র	ভর	ও	0.015094
র	ভর	দ	0.011321
র	ভর	পর	0.011321
র	ম	ন	0.237180
র	ম	ত	0.235941
র	ম	র	0.177382
র	ম	ক	0.073896
র	ম	স	0.063826
র	ম	ম	0.030364
র	ম	দ	0.020604
র	ম	শ	0.019675
র	ম	হ	0.018590
র	ম	ড	0.018435
র	ম	জন	0.013013
র	ম	ও	0.012858
র	ম	পর	0.006042
র	ম	কর	0.004028
র	ম	হন	0.003408
র	ম	বল	0.002943
র	ম	এর	0.002789
র	ম	শন	0.002324
র	ম	এই	0.002324
র	ম	শহর	0.002169
র	ম	ই	0.002014
র	ম	ইন	0.001859
র	ম	এক	0.001859
র	ম	নক	0.001549
র	ম	নন	0.001394
র	ম	অ	0.001394
র	ম	নত	0.001394
র	ম	বন	0.001239
র	ম	অন	0.001239
র	ম	লক	0.001239
র	মত	ক	0.109283
র	মত	স	0.108108
র	মত	দ	0.070505
র	মত	ত	0.059929
র	মত	ম	0.054054
র	মত	ই	0.050529
র	মত	ন	0.041128
র	মত	এই	0.039953
র	মত	কর	0.036428
র	মত	মত	0.032902
র	মত	শ	0.030552
র	মত	অন	0.030552
র	মত	র	0.029377
র	মত	হ	0.022327
র	মত	পর	0.012926
র	মত	এ	0.011751
র	মত	একই	0.010576
র	মত	শক	0.009401
র	মত	অ	0.009401
র	মত	আর	0.008226
র	মত	ড	0.008226
র	মত	মন	0.008226
র	মত	আন	0.005875
র	মত	আরও	0.005875
র	মত	হত	0.005875
র	মত	ইন	0.005875
র	মত	সর	0.005875
র	মত	আল	0.005875
র	মত	নত	0.004700
র	মত	হব	0.004700
র	মতই	ক	0.181818
র	মতই	একই	0.136364
র	মদ	ন	0.571429
র	মদ	স	0.214286
র	মন	ত	0.349432
র	মন	দ	0.218750
র	মন	ন	0.088068
র	মন	কর	0.076705
র	মন	র	0.073864
র	মন	ড	0.039773
র	মন	বল	0.028409
র	মন	ক	0.022727
র	মন	ম	0.019886
র	মন	স	0.017045
র	মন	ডল	0.008523
র	মন	করত	0.008523
র	মম	হন	0.476190
র	মম	হত	0.142857
র	মর	স	0.318182
র	মর	ম	0.227273
র	মর	ও	0.181818
র	যখন	ত	0.187500
র	যখন	স	0.187500
র	যখন	দ	0.125000
র	যত	ন	0.405405
র	যত	ক	0.135135
র	যত	র	0.108108
র	র	স	0.141100
র	র	ক	0.110568
র	র	জন	0.104046
র	র	ন	0.079591
র	র	দ	0.069809
র	র	ম	0.068178
র	র	মত	0.052912
র	র	ত	0.043130
র	র	পর	0.030532
র	র	শ	0.025345
র	র	র	0.024900
র	র	অন	0.024604
র	র	ড	0.020750
র	র	হ	0.020602
র	র	কর	0.020157
র	র	উপর	0.013636
র	র	মন	0.010227
র	র	অ	0.007114
র	র	এক	0.005187
র	র	বর	0.005039
র	র	ফল	0.004595
র	র	সর	0.004595
র	র	আগ	0.004446
র	র	এই	0.004002
র	র	আন	0.003854
র	র	পদ	0.003705
র	র	একজন	0.003705
র	র	ও	0.003557
র	র	মর	0.003409
র	র	ওপর	0.003261
র	রক	ত	0.800000
র	রঙ	ন	0.220000
র	রঙ	র	0.160000
র	রঙ	স	0.140000
র	রঙ	পর	0.080000
র	রঙ	ক	0.080000
র	রঙ	হ	0.060000
র	রস	ম	0.200000
র	রহম	ন	0.945312
র	রহম	নক	0.054688
র	লগ	ড	0.550000
র	লগ	র	0.250000
র	লগ	ন	0.150000
র	লস	স	0.204082
র	লস	হ	0.132653
র	লস	র	0.081633
র	লস	অ	0.071429
র	লস	ক	0.061224
র	লস	ম	0.061224
র	লস	ন	0.051020
র	লস	ড	0.040816
র	লস	ত	0.040816
র	লস	কল	0.040816
র	লস	এ	0.030612
র	শ	র	0.457908
র	শ	ক	0.255952
র	শ	স	0.052296
র	শ	ন	0.031037
র	শ	দ	0.030187
র	শ	ম	0.027211
র	শ	শ	0.025510
র	শ	হ	0.022534
র	শ	ত	0.016156
র	শ	ড	0.011054
র	শ	কর	0.010629
র	শ	বর	0.008078
র	শ	বছর	0.006378
র	শ	বশ	0.004677
র	শ	ও	0.004677
র	শ	শত	0.002976
র	শ	কন	0.002551
র	শ	বদ	0.002126
র	শ	বন	0.002126
র	শ	পর	0.001701
র	শ	হব	0.001701
র	শ	হল	0.001276
র	শ	বল	0.001276
র	শ	জন	0.001276
র	শ	নত	0.001276
র	শ	করত	0.001276
র	শ	ধন	0.001276
র	শক	ত	0.972973
র	শট	র	0.400000
র	শত	শ	0.462366
র	শত	র	0.333333
র	শত	শত	0.043011
র	শন	র	0.302500
র	শন	ক	0.237500
র	শন	স	0.080000
র	শন	কর	0.057500
র	শন	ন	0.032500
র	শন	অ	0.022500
র	শন	আর	0.022500
র	শন	এর	0.022500
র	শন	ম	0.020000
র	শন	দ	0.020000
র	শন	অফ	0.017500
র	শন	ড	0.012500
র	শন	ও	0.012500
র	শন	পর	0.012500
র	শন	ত	0.012500
র	শন	আইন	0.010000
র	শন	গঠন	0.010000
র	শন	এই	0.007500
র	শন	শ	0.007500
র	শন	অব	0.007500
র	শপথ	কর	0.454545
র	শপথ	দ	0.272727
র	শহর	র	0.654676
র	শহর	স	0.050360
র	শহর	দ	0.043165
র	শহর	হ	0.035971
র	শহর	ও	0.028777
র	শহর	ক	0.021583
র	শহর	ন	0.021583
র	শহর	হত	0.021583
র	শহর	বল	0.021583
র	শহর	কর	0.021583
র	স	র	0.146222
র	স	ত	0.122796
র	স	ক	0.096538
র	স	ন	0.089844
র	স	ম	0.077874
র	স	স	0.075042
র	স	দ	0.060497
র	স	হ	0.051744
র	স	ড	0.033724
র	স	টপ	0.027803
র	স	মন	0.025486
র	স	রক	0.015961
র	স	মর	0.012099
র	স	কর	0.011971
র	স	শ	0.011971
র	স	ই	0.010555
র	স	বর	0.009525
র	স	ও	0.009268
র	স	তর	0.009010
র	স	ফল	0.006178
র	স	মরণ	0.005921
র	স	গঠন	0.005020
র	স	বল	0.004505
র	স	কল	0.004248
র	স	অ	0.004119
র	স	লস	0.003990
র	স	এর	0.003990
র	স	পর	0.003862
র	স	তম	0.002832
র	স	কত	0.002832
র	সকল	হ	0.270492
র	সকল	ক	0.163934
র	সকল	র	0.090164
র	সকল	স	0.090164
র	সকল	ই	0.090164
র	সকল	ম	0.049180
র	সকল	দ	0.049180
র	সকল	শ	0.032787
র	সকল	অ	0.024590
র	সকল	কর	0.024590
র	সফর	কর	0.428571
র	সফর	র	0.214286
র	সব	র	0.208861
র	সব	দ	0.196203
র	সব	ন	0.158228
র	সব	ই	0.151899
র	সব	স	0.069620
র	সব	ক	0.044304
র	সব	শ	0.044304
র	সব	হ	0.025316
র	সর	বশ	0.376147
র	সর	সর	0.238532
র	সর	বব	0.146789
র	সর	বন	0.068807
র	সর	বদ	0.027523
র	সর	স	0.022936
র	সর	ন	0.022936
র	সর	বস	0.022936
র	সর	দ	0.022936
র	সর	ম	0.013761
র	সস	ত	0.428571
র	সহ	ত	0.369863
র	সহ	স	0.095890
র	সহ	ম	0.082192
র	সহ	অন	0.068493
র	সহ	ন	0.054795
র	সহ	র	0.054795
র	সহ	হ	0.041096
র	সহ	এক	0.041096
র	সহজ	ত	0.318182
র	সহজ	ই	0.272727
র	হ	স	0.396376
র	হ	র	0.259967
র	হ	ত	0.142669
র	হ	ম	0.049423
র	হ	ন	0.038550
র	হ	দ	0.016474
র	হ	ড	0.012521
র	হ	ক	0.012191
র	হ	ই	0.010214
র	হ	কর	0.007249
র	হ	দমন	0.005272
র	হ	শ	0.005272
র	হ	লক	0.004942
র	হ	ও	0.003295
র	হ	ইস	0.002636
র	হ	মন	0.001977
র	হ	ইপ	0.001977
র	হ	লস	0.001647
র	হ	দল	0.001647
র	হ	ডক	0.001647
র	হ	রক	0.001647
র	হ	বল	0.001318
র	হ	তর	0.000988
র	হ	হ	0.000988
র	হ	পর	0.000988
র	হক	র	0.277778
র	হক	পর	0.166667
র	হক	হন	0.148148
র	হক	স	0.074074
র	হত	শ	0.227273
র	হত	ত	0.090909
র	হত	স	0.075758
র	হত	হত	0.075758
র	হত	ক	0.075758
র	হত	দ	0.060606
র	হত	ন	0.060606
র	হত	হব	0.045455
র	হন	ও	0.225806
র	হন	ত	0.161290
র	হন	স	0.129032
র	হন	হ	0.096774
র	হন	ক	0.096774
র	হব	র	0.595238
র	হব	ন	0.166667
র	হব	বল	0.071429
র	হব	স	0.071429
র	হল	ন	0.245455
র	হল	ও	0.168182
র	হল	ত	0.081818
র	হল	ম	0.063636
র	হল	র	0.059091
র	হল	স	0.059091
র	হল	দ	0.050000
র	হল	হ	0.027273
র	হল	এর	0.022727
র	হল	ক	0.018182
র	হল	ড	0.018182
র	হল	ই	0.013636
র	হল	পর	0.013636
র	হল	জন	0.013636
রক	অন	তর	0.375000
রক	অন	ক	0.375000
রক	আল	দ	0.800000
রক	ও	ত	0.176471
রক	ক	ন	0.375000
রক	ক	র	0.375000
রক	ক	ম	0.093750
রক	কর	র	0.428571
রক	ত	র	0.388759
রক	ত	ন	0.079625
রক	ত	দ	0.070258
রক	ত	ক	0.067916
রক	ত	ম	0.065574
রক	ত	ত	0.056206
রক	ত	স	0.046838
রক	ত	সর	0.030445
রক	ত	ও	0.028103
রক	ত	কর	0.025761
রক	ত	পর	0.025761
রক	ত	শ	0.014052
রক	ত	হত	0.009368
রক	ত	হল	0.007026
রক	ত	হ	0.007026
রক	ত	অন	0.007026
রক	দ	র	0.653846
রক	দ	শ	0.115385
রক	দল	র	0.600000
রক	ন	র	0.271186
রক	ন	দ	0.271186
রক	ন	ত	0.118644
রক	ন	ম	0.050847
রক	ন	ড	0.050847
রক	ন	স	0.050847
রক	পদ	র	1.000000
রক	পর	স	0.333333
রক	ম	র	0.360000
রক	ম	ক	0.280000
রক	ম	দ	0.120000
রক	ম	ত	0.120000
রক	র	র	0.325581
রক	র	দ	0.154070
রক	র	স	0.081395
রক	র	ক	0.069767
রক	র	হ	0.037791
রক	র	ন	0.037791
রক	র	ও	0.034884
রক	র	জন	0.020349
রক	র	ড	0.020349
রক	র	অন	0.017442
রক	র	শ	0.017442
রক	র	ইন	0.014535
রক	র	ম	0.014535
রক	র	পদ	0.014535
রক	র	পর	0.011628
রক	র	ই	0.008721
রক	র	কর	0.008721
রক	র	ফল	0.008721
রক	র	বল	0.008721
রক	শ	ত	0.437817
রক	শ	কর	0.409116
রক	শ	র	0.083286
রক	শ	করত	0.025886
রক	শ	ন	0.005627
রক	শ	করল	0.004502
রক	শ	বর	0.003376
রক	শ	ম	0.002814
রক	শ	ও	0.002814
রক	শ	ক	0.002251
রক	শ	শ	0.002251
রক	শ	হ	0.002251
রক	শ	স	0.001688
রক	শ	হব	0.001688
রক	শ	করছ	0.001688
রক	শক	র	0.451613
রক	শক	ও	0.129032
রক	শন	র	0.412371
রক	শন	স	0.226804
রক	শন	শ	0.061856
রক	শন	ক	0.051546
রক	শন	কর	0.051546
রক	শন	বন	0.030928
রক	শন	দ	0.030928
রক	স	স	0.276923
রক	স	ক	0.169231
রক	স	ম	0.092308
রক	স	হ	0.076923
রক	স	র	0.061538
রক	স	ন	0.046154
রক	স	রক	0.046154
রক	হ	স	0.867647
রক	হ	র	0.044118
শক	ত	শ	0.343391
শক	ত	র	0.234195
শক	ত	ক	0.054598
শক	ত	স	0.040230
শক	ত	ত	0.040230
শক	ত	ও	0.037356
শক	ত	দ	0.033046
শক	ত	হ	0.025862
শক	ত	ম	0.022989
শক	ত	ন	0.022989
শক	ত	মত	0.015805
শক	ত	কর	0.014368
শক	ত	ধর	0.012931
শক	ত	কম	0.010057
শক	ত	পর	0.007184
শক	ত	আছ	0.005747
শক	ত	বল	0.005747
শক	ত	বহন	0.004310
শক	ত	সহ	0.004310
শক	ত	গত	0.004310
শক	ত	হল	0.004310
শক	দ	র	0.750000
শক	ন	র	0.533333
শক	ন	ত	0.100000
শক	র	স	0.173077
শক	র	দ	0.115385
শক	র	ম	0.096154
শক	র	ক	0.076923
শক	র	ত	0.076923
শক	র	হ	0.076923
শক	র	পদ	0.057692
শক	র	মন	0.057692
শক	র	র	0.057692
শক	শ	র	0.600000
শক	হ	স	1.000000
শহর	ও	ত	0.272727
শহর	ক	ন	0.500000
শহর	ক	র	0.375000
শহর	গড	ওঠ	0.500000
শহর	চল	আস	1.000000
শহর	ত	র	0.437500
শহর	ত	দ	0.250000
শহর	দখল	কর	0.571429
শহর	ন	ম	0.545455
শহর	ন	র	0.272727
শহর	র	ক	0.223881
শহর	র	ন	0.186567
শহর	র	ম	0.089552
শহর	র	স	0.089552
শহর	র	দ	0.052239
শহর	র	র	0.033582
শহর	র	অন	0.033582
শহর	র	মর	0.029851
শহর	র	উপর	0.026119
শহর	র	এক	0.022388
শহর	র	শ	0.018657
শহর	র	জন	0.014925
শহর	র	ত	0.014925
শহর	র	পর	0.014925
শহর	র	গড	0.011194
শহর	র	মত	0.011194
শহর	র	হ	0.011194
শহর	স	ক	0.294118
শহর	হ	স	0.968750
শহর	হত	ক	1.000000
সরল	ক	ত	0.857143
সস	ত	র	0.461538
সস	ম	স	0.500000
হব	এর	ক	0.750000
হব	ক	ন	0.647059
হব	ত	ন	0.255814
হব	ত	র	0.255814
হব	ত	দ	0.069767
হব	ত	ক	0.069767
হব	ত	ই	0.069767
হব	ন	ক	0.312500
হব	ন	ত	0.093750
হব	ন	ন	0.093750
হব	ন	স	0.093750
হব	বল	মন	0.428571
হব	র	পর	0.508065
হব	র	ক	0.088710
হব	র	আগ	0.064516
হব	র	স	0.064516
হব	র	জন	0.048387
হব	র	পথ	0.024194
হব	র	পরপরই	0.024194
হব	র	ম	0.024194
হব	স	ই	0.500000
