अगर	आज	क	0.600000
अगर	आप	क	0.203704
अगर	आप	एक	0.138889
अगर	आप	द	0.074074
अगर	आप	इस	0.064815
अगर	आप	ब	0.046296
अगर	आप	ल	0.037037
अगर	आप	घर	0.037037
अगर	आप	न	0.037037
अगर	आप	इन	0.027778
अगर	आप	व	0.027778
अगर	आप	श	0.027778
अगर	इस	तरह	0.250000
अगर	इस	ब	0.250000
अगर	क	ई	0.907407
अगर	क	द	0.027778
अगर	द	सर	0.235294
अगर	द	न	0.205882
अगर	द	श	0.205882
अगर	द	ब	0.117647
अगर	द	व	0.088235
अगर	द	ख	0.088235
अगर	न	त	0.555556
अगर	पर	व	1.000000
अगर	ब	त	0.600000
अगर	ब	ल	0.200000
अगर	बल	ल	1.000000
अगर	लग	त	1.000000
अगर	व	श	0.160000
अगर	व	व	0.120000
अगर	व	द	0.120000
अगर	वह	क	0.250000
अगर	सब	क	1.000000
अलग	अ	द	1.000000
अलग	अलग	क	0.171429
अलग	अलग	व	0.097143
अलग	अलग	तरह	0.085714
अलग	अलग	ब	0.080000
अलग	अलग	द	0.080000
अलग	अलग	जगह	0.068571
अलग	अलग	शहर	0.057143
अलग	अलग	ट	0.051429
अलग	अलग	न	0.045714
अलग	अलग	ल	0.040000
अलग	अलग	पद	0.022857
अलग	अलग	समय	0.022857
अलग	अलग	कप	0.017143
अलग	क	न	0.375000
अलग	कप	त	1.000000
अलग	कर	ल	0.666667
अलग	कर	द	0.277778
अलग	जगह	पर	0.769231
अलग	तरह	क	1.000000
अलग	द	श	0.550000
अलग	द	न	0.250000
अलग	द	व	0.150000
अलग	पद	पर	0.750000
अलग	ब	त	0.611111
अलग	ब	ल	0.222222
अलग	रह	रह	0.800000
अलग	ल	क	1.000000
अलग	व	क	0.375000
अलग	समय	पर	1.000000
अवसर	द	त	0.500000
अवसर	पर	ब	0.107143
अवसर	पर	क	0.107143
अवसर	पर	एक	0.107143
अहम	कदम	उठ	1.000000
अहम	ब	त	1.000000
अहम	सब	त	1.000000
आइस	ल	ट	1.000000
आकलन	क	ल	0.428571
आग	आ	रह	1.000000
आग	आन	व	0.600000
आग	क	क	0.283582
आग	क	ल	0.194030
आग	क	तरह	0.089552
आग	क	ई	0.059701
आग	क	ब	0.044776
आग	क	व	0.044776
आग	क	द	0.044776
आग	कह	क	0.739837
आग	कह	हम	0.032520
आग	कह	जब	0.024390
आग	चल	रह	0.942857
आग	त	क	1.000000
आग	न	कल	0.789474
आग	पर	क	0.923077
आग	बढ़	ए	0.473684
आग	बढ़	न	0.157895
आग	बढ़	रह	0.157895
आग	रह	क	0.822222
आग	रह	पर	0.088889
आग	रह	कर	0.066667
आग	ल	ख	0.769231
आग	ल	कर	0.115385
आग	लग	गई	0.494624
आग	लग	द	0.290323
आग	लग	न	0.075269
आग	लग	कर	0.032258
आग	व	ल	0.750000
आज	और	कल	0.833333
आज	क	द	0.338028
आज	क	समय	0.161972
आज	क	न	0.161972
आज	क	त	0.091549
आज	क	ब	0.042254
आज	क	ई	0.035211
आज	क	क	0.035211
आज	क	उप	0.028169
आज	क	व	0.021127
आज	त	न	0.666667
आज	तक	क	0.600000
आज	तक	हम	0.150000
आज	द	क	0.554113
आज	द	न	0.116883
आज	द	ल	0.056277
आज	द	श	0.051948
आज	द	द	0.047619
आज	द	और	0.021645
आज	द	सर	0.017316
आज	द	ब	0.017316
आज	द	ख	0.012987
आज	न	त	0.750000
आज	ब	ल	0.266667
आज	ब	क	0.200000
आज	मई	क	0.800000
आज	मन	ई	0.833333
आज	ल	न	0.750000
आज	व	द	0.250000
आज	व	क	0.218750
आज	व	श	0.093750
आज	वन	क	1.000000
आज	श	क	1.000000
आज	हम	ब	0.250000
आज	हल	क	0.750000
आठ	बज	तक	0.333333
आठ	मई	क	1.000000
आठ	व	क	0.928571
आय	और	क	0.142857
आय	और	ब	0.142857
आय	और	वह	0.107143
आय	और	कह	0.107143
आय	क	त	0.596154
आय	क	क	0.048077
आय	क	ब	0.038462
आय	क	व	0.038462
आय	क	बच	0.028846
आय	क	ल	0.028846
आय	जन	क	0.775701
आय	जन	कर	0.093458
आय	जन	द	0.037383
आय	जब	उन	0.300000
आय	त	क	0.301887
आय	त	पर	0.245283
आय	त	श	0.075472
आय	त	उन	0.056604
आय	त	त	0.056604
आय	द	न	1.000000
आय	ल	क	0.875000
आय	व	ल	0.750000
आर	क	ट	0.230769
आर	क	ल	0.211538
आर	क	व	0.076923
आर	क	ख	0.076923
आर	क	द	0.057692
आर	क	ब	0.057692
आर	कट	क	1.000000
आर	ख	न	1.000000
आर	ट	कल	0.685714
आर	ट	क	0.114286
आर	ट	और	0.085714
आर	धन	क	0.571429
आर	न	कह	0.187500
आर	न	क	0.187500
आर	व	ल	0.500000
इन	अप	ल	0.666667
इन	ऑफ	एक	0.750000
इन	क	ल	0.311111
इन	क	ब	0.088889
इन	क	द	0.077778
इन	क	व	0.055556
इन	क	न	0.044444
इन	क	ए	0.044444
इन	क	ट	0.033333
इन	क	त	0.033333
इन	क	श	0.033333
इन	क	क	0.033333
इन	कर	ल	0.461538
इन	ख	ल	0.611111
इन	ख	न	0.166667
इन	ख	त	0.166667
इन	खबर	क	0.750000
इन	जगह	पर	0.833333
इन	ट	कट	0.333333
इन	ठग	क	0.800000
इन	त	न	0.926829
इन	द	न	0.866906
इन	द	श	0.050360
इन	द	व	0.017986
इन	द	ख	0.014388
इन	द	द	0.010791
इन	दस	त	1.000000
इन	न	त	0.304348
इन	न	यम	0.130435
इन	पद	पर	0.850000
इन	पद	क	0.150000
इन	पर	क	0.333333
इन	पर	व	0.148148
इन	ब	त	0.421053
इन	ब	ल	0.236842
इन	ब	क	0.157895
इन	बदल	व	1.000000
इन	भर	त	1.000000
इन	ल	क	0.625000
इन	व	ट	0.312500
इन	व	ल	0.187500
इन	व	बस	0.156250
इन	व	क	0.093750
इन	व	व	0.093750
इन	व	द	0.093750
इन	श	क	0.857143
इन	शहर	क	1.000000
इन	सब	क	0.500000
इन	सब	ब	0.222222
इन	सबक	ब	0.840000
इन	सर	व	0.800000
इस	अ	द	0.600000
इस	अवसर	पर	1.000000
इस	आ	द	0.875000
इस	आप	ब	0.200000
इस	आय	जन	1.000000
इस	आर	ट	0.800000
इस	आस	न	1.000000
इस	इस	त	0.600000
इस	उड	न	0.800000
इस	ए	ट	0.833333
इस	एक	ट	0.214286
इस	क	ल	0.213018
इस	क	न	0.183432
इस	क	ब	0.106509
इस	क	त	0.071006
इस	क	क	0.053254
इस	क	ट	0.053254
इस	क	व	0.053254
इस	क	श	0.041420
इस	क	द	0.041420
इस	क	मत	0.023669
इस	क	तहत	0.017751
इस	कदम	क	0.695652
इस	कदम	पर	0.260870
इस	कम	क	0.333333
इस	कम	ट	0.333333
इस	कह	न	0.900000
इस	ख	ल	0.410256
इस	ख	बस	0.153846
इस	ख	न	0.153846
इस	खबर	क	0.571429
इस	खबर	पर	0.285714
इस	गलत	क	1.000000
इस	घर	क	0.833333
इस	जगह	क	0.500000
इस	जगह	पर	0.250000
इस	ट	व	0.500000
इस	ट	क	0.258065
इस	ट	बल	0.080645
इस	डबल	मर	1.000000
इस	त	ब	0.321429
इस	त	न	0.285714
इस	त	सर	0.178571
इस	त	ल	0.107143
इस	तरह	क	0.744361
इस	तरह	द	0.037594
इस	तरह	न	0.020050
इस	तरह	ब	0.017544
इस	तरह	उन	0.015038
इस	तरह	आप	0.012531
इस	तरह	एक	0.012531
इस	तरह	व	0.012531
इस	तरह	त	0.010025
इस	तरह	श	0.007519
इस	तरह	अगर	0.007519
इस	तरह	ट	0.007519
इस	तरह	यह	0.007519
इस	तरह	वह	0.007519
इस	द	न	0.647230
इस	द	श	0.151603
इस	द	व	0.084548
इस	द	ख	0.037901
इस	द	ल	0.023324
इस	द	ब	0.017493
इस	द	क	0.014577
इस	द	सर	0.008746
इस	दर	द	1.000000
इस	न	त	0.191489
इस	न	यम	0.170213
इस	न	क	0.127660
इस	न	ट	0.085106
इस	न	ल	0.085106
इस	न	ब	0.085106
इस	नए	व	0.600000
इस	पद	पर	0.800000
इस	पद	क	0.200000
इस	पर	क	0.287500
इस	पर	व	0.141667
इस	पर	ब	0.054167
इस	पर	श	0.045833
इस	पर	न	0.041667
इस	पर	द	0.041667
इस	पर	उन	0.033333
इस	पर	त	0.025000
इस	पर	ल	0.025000
इस	पर	पर	0.025000
इस	पर	ट	0.020833
इस	पर	आप	0.016667
इस	पर	अ	0.016667
इस	पर	कई	0.016667
इस	पर	जल	0.016667
इस	पर	एक	0.012500
इस	पर	अब	0.012500
इस	पर	ख	0.012500
इस	पर	और	0.012500
इस	पहल	क	0.500000
इस	ब	त	0.871154
इस	ब	ल	0.046154
इस	ब	जन	0.017308
इस	ब	हद	0.015385
इस	ब	क	0.013462
इस	ब	द	0.009615
इस	ब	न	0.009615
इस	बदल	व	0.777778
इस	बन	न	0.947368
इस	बल	ल	1.000000
इस	बह	त	0.800000
इस	भर	त	1.000000
इस	मर	डर	0.750000
इस	ल	कर	0.423645
इस	ल	ए	0.300493
इस	ल	क	0.123153
इस	ल	न	0.054187
इस	ल	ख	0.029557
इस	ल	इन	0.024631
इस	ल	ब	0.014778
इस	व	व	0.351064
इस	व	श	0.159574
इस	व	क	0.138298
इस	व	ब	0.053191
इस	व	ल	0.053191
इस	व	त	0.053191
इस	व	द	0.053191
इस	व	ट	0.053191
इस	श	क	0.454545
इस	श	द	0.363636
इस	श	व	0.060606
इस	श	न	0.045455
इस	शहर	क	0.625000
इस	सफर	क	1.000000
इस	सब	क	1.000000
इस	सबक	ब	0.888889
इस	समझ	त	0.714286
इस	समय	क	0.275000
इस	समय	द	0.137500
इस	समय	ब	0.062500
इस	समय	त	0.062500
इस	समय	न	0.050000
इस	समय	व	0.050000
इस	समय	ल	0.037500
इस	समय	एक	0.037500
इस	सर	व	0.913043
इस	हट	न	0.750000
ई	अ	त	0.363636
ई	आस	न	1.000000
ई	इस	ब	0.450000
ई	इस	त	0.150000
ई	इस	व	0.150000
ई	उस	पर	0.250000
ई	उस	द	0.250000
ई	ऑफ	श	1.000000
ई	और	ब	0.149606
ई	और	व	0.094488
ई	और	द	0.070866
ई	और	ल	0.062992
ई	और	क	0.062992
ई	और	कह	0.047244
ई	और	उन	0.047244
ई	और	उस	0.039370
ई	और	एक	0.039370
ई	और	कई	0.031496
ई	और	श	0.031496
ई	और	न	0.023622
ई	और	यह	0.023622
ई	और	इस	0.023622
ई	और	अब	0.023622
ई	क	ल	0.171472
ई	क	द	0.132018
ई	क	ब	0.118361
ई	क	क	0.071320
ई	क	मर	0.051593
ई	क	श	0.040971
ई	क	न	0.033384
ई	क	व	0.033384
ई	क	गई	0.030349
ई	क	त	0.028832
ई	क	एक	0.022762
ई	क	अ	0.021244
ई	क	ख	0.016692
ई	क	आ	0.013657
ई	क	ट	0.012140
ई	क	और	0.012140
ई	क	इस	0.010622
ई	क	आय	0.009105
ई	क	पहल	0.009105
ई	क	ए	0.007587
ई	क	दर	0.007587
ई	क	ई	0.007587
ई	क	समय	0.007587
ई	क	वह	0.006070
ई	क	घर	0.006070
ई	क	ओर	0.004552
ई	क	मत	0.004552
ई	क	वजह	0.004552
ई	क	कम	0.004552
ई	क	यह	0.004552
ई	कप	त	0.750000
ई	कम	ट	0.375000
ई	कर	रह	0.483607
ई	कर	द	0.172131
ई	कर	ल	0.114754
ई	कर	मच	0.065574
ई	कर	ब	0.032787
ई	कर	न	0.024590
ई	कर	त	0.024590
ई	ख	ल	0.375000
ई	ख	द	0.218750
ई	ख	न	0.156250
ई	ख	श	0.093750
ई	गई	क	0.190476
ई	गई	और	0.142857
ई	गई	श	0.095238
ई	गई	त	0.071429
ई	गई	ल	0.071429
ई	चरम	पर	1.000000
ई	चल	रह	0.833333
ई	ट	क	0.387097
ई	ट	व	0.161290
ई	ट	ल	0.096774
ई	ट	न	0.096774
ई	ट	और	0.096774
ई	त	वह	0.096154
ई	त	न	0.096154
ई	त	यह	0.076923
ई	त	श	0.076923
ई	त	सर	0.076923
ई	त	द	0.057692
ई	त	ल	0.057692
ई	त	उन	0.057692
ई	तक	चल	0.136364
ई	तक	क	0.136364
ई	द	रह	0.282913
ई	द	त	0.210084
ई	द	न	0.117647
ई	द	क	0.084034
ई	द	ए	0.070028
ई	द	श	0.050420
ई	द	सर	0.050420
ई	द	ख	0.033613
ई	द	ल	0.022409
ई	द	व	0.022409
ई	द	द	0.019608
ई	द	गई	0.011204
ई	द	पक	0.008403
ई	धन	क	0.744186
ई	धन	और	0.116279
ई	न	क	0.153846
ई	न	त	0.109890
ई	न	ट	0.109890
ई	न	कह	0.076923
ई	न	व	0.054945
ई	न	गर	0.054945
ई	न	ल	0.054945
ई	न	न	0.043956
ई	न	श	0.043956
ई	न	इस	0.043956
ई	न	द	0.043956
ई	न	यम	0.032967
ई	नई	ब	0.750000
ई	नजर	आ	0.555556
ई	नजर	आई	0.333333
ई	पर	श	0.219178
ई	पर	क	0.136986
ई	पर	ब	0.082192
ई	पर	त	0.068493
ई	पर	व	0.054795
ई	पर	न	0.054795
ई	पर	उड	0.041096
ई	ब	त	0.368421
ई	ब	ल	0.250000
ई	ब	क	0.105263
ई	ब	द	0.092105
ई	ब	ट	0.065789
ई	बदल	व	1.000000
ई	बल	क	0.571429
ई	बल	ल	0.428571
ई	बह	त	0.333333
ई	बह	मत	0.333333
ई	बहन	क	0.733333
ई	भर	त	1.000000
ई	यह	कह	0.571429
ई	ल	क	0.390244
ई	ल	न	0.280488
ई	ल	ख	0.195122
ई	व	ल	0.360656
ई	व	कल	0.147541
ई	व	क	0.122951
ई	व	द	0.098361
ई	व	श	0.065574
ई	व	व	0.057377
ई	व	ट	0.049180
ई	व	न	0.040984
ई	व	ब	0.024590
ई	श	क	0.407407
ई	श	ल	0.222222
ई	श	त	0.111111
ई	सब	त	1.000000
ई	समझ	त	0.714286
ई	सर	व	1.000000
उठ	ई	गई	0.750000
उठ	ए	गए	0.761905
उठ	कर	ल	0.200000
उठ	कर	आप	0.160000
उठ	कर	उस	0.120000
उठ	त	रह	0.571429
उठ	न	क	0.755814
उठ	न	व	0.104651
उठ	न	और	0.046512
उठ	न	श	0.034884
उड	क	एक	0.500000
उड	त	द	0.384615
उड	त	रह	0.307692
उड	द	ए	0.888889
उड	न	क	0.423423
उड	न	भर	0.297297
उड	न	व	0.090090
उड	न	पर	0.045045
उड	न	न	0.036036
उड	न	द	0.027027
उपर	क	त	1.000000
उम	श	क	0.444444
उम	श	कर	0.222222
उम	श	न	0.166667
उमर	अब	द	1.000000
उमर	न	मल	0.543478
उमर	न	क	0.239130
उमर	न	न	0.108696
एम	और	ब	0.375000
एम	क	क	0.301370
एम	क	न	0.123288
एम	क	ल	0.082192
एम	क	इस	0.054795
एम	क	श	0.041096
एम	द	व	0.700000
एम	न	कह	0.457944
एम	न	त	0.196262
एम	न	ट	0.046729
एम	न	क	0.037383
एम	न	एक	0.028037
एम	न	यह	0.028037
एम	न	ल	0.028037
एम	पद	क	0.906250
एम	ब	ल	0.785714
एम	बन	न	0.307692
एम	व	क	0.636364
एम	श	द	1.000000
एम	सच	न	1.000000
एल	क	व	0.202128
एल	क	ब	0.127660
एल	क	ल	0.095745
एल	क	न	0.085106
एल	क	पहल	0.074468
एल	क	द	0.074468
एल	क	श	0.063830
एल	क	हल	0.042553
एल	क	इस	0.031915
एल	ट	क	0.615385
एल	द	व	0.750000
एल	न	क	0.500000
एल	न	न	0.125000
एल	बम	क	0.750000
ओर	कल	क	0.750000
ओर	द	ख	0.375000
ओर	ल	ट	0.333333
कई	अलग	अलग	1.000000
कई	एक	ट	0.750000
कई	और	ल	0.214286
कई	क	ल	0.391304
कई	क	द	0.173913
कई	कदम	उठ	1.000000
कई	कर	मच	0.800000
कई	कह	न	1.000000
कई	ख	ल	0.714286
कई	जगह	पर	0.730769
कई	जगह	द	0.057692
कई	ट	व	0.666667
कई	ट	क	0.142857
कई	तरह	क	1.000000
कई	द	श	0.441379
कई	द	न	0.420690
कई	द	सर	0.089655
कई	द	व	0.034483
कई	दर	जन	1.000000
कई	दस	त	1.000000
कई	न	त	0.756098
कई	पर	श	0.625000
कई	पर	व	0.375000
कई	पहल	ओ	0.600000
कई	ब	त	0.347826
कई	ब	ल	0.260870
कई	ब	क	0.173913
कई	ब	जन	0.130435
कई	बदल	व	1.000000
कई	ल	क	0.428571
कई	व	श	0.290323
कई	व	व	0.193548
कई	व	पक	0.129032
कई	व	द	0.096774
कई	श	क	0.777778
कप	क	ल	0.333333
कप	क	ब	0.107843
कप	क	श	0.107843
कप	क	द	0.078431
कप	क	आग	0.058824
कप	क	ख	0.058824
कप	क	पहल	0.058824
कप	क	आय	0.049020
कप	क	ट	0.029412
कप	ख	ल	0.636364
कप	ख	त	0.363636
कप	ट	ख	0.428571
कप	त	न	1.000000
कप	ल	क	0.464286
कप	ल	द	0.232143
कप	ल	न	0.160714
कप	ल	और	0.071429
कल	ई	क	0.600000
कल	ई	पर	0.266667
कल	एक	ट	0.750000
कल	ऑफ	सर	1.000000
कल	क	ल	0.456693
कल	क	ट	0.102362
कल	क	त	0.102362
कल	क	क	0.086614
कल	क	न	0.031496
कल	क	द	0.031496
कल	क	व	0.023622
कल	ट	क	0.304348
कल	ट	ब	0.173913
कल	ट	पद	0.130435
कल	ट	द	0.130435
कल	त	क	0.230769
कल	त	न	0.230769
कल	द	न	0.444444
कल	न	क	0.434783
कल	न	न	0.217391
कल	न	त	0.065217
कल	न	और	0.065217
कल	पर	क	0.714286
कल	भर	त	1.000000
कल	ल	न	0.312500
कल	ल	क	0.187500
कल	व	श	0.250000
कल	श	क	0.500000
कल	सर	व	0.875000
कवर	कर	ल	0.600000
कवर	ल	न	1.000000
कसम	ख	त	0.444444
कहकर	ब	ल	0.750000
खबर	आ	रह	0.875000
खबर	आई	क	0.833333
खबर	क	ब	0.312500
खबर	क	ल	0.187500
खबर	क	गलत	0.156250
खबर	क	ख	0.125000
खबर	चल	रह	0.750000
खबर	ल	ख	0.818182
गए	और	द	0.157895
गए	और	उन	0.140351
गए	और	वह	0.122807
गए	और	ब	0.070175
गए	और	न	0.070175
गए	और	व	0.052632
गए	क	उन	0.272727
गए	क	व	0.181818
गए	क	ल	0.181818
गए	कदम	क	1.000000
गए	ख	ल	1.000000
गए	ट	व	0.857143
गए	त	न	0.200000
गए	त	सर	0.133333
गए	त	वह	0.133333
गए	त	हम	0.100000
गए	द	सर	0.375000
गए	न	ट	0.500000
गए	न	यम	0.200000
गए	न	व	0.150000
गए	ब	क	0.500000
गए	ल	क	0.857143
गए	व	द	0.400000
गठन	और	व	0.750000
गठन	क	ल	0.136364
गठन	क	क	0.136364
गठन	क	द	0.121212
गठन	क	ब	0.106061
गठन	क	एक	0.045455
गठन	क	न	0.045455
गठन	क	व	0.045455
गठन	क	ओर	0.045455
गठन	कर	द	0.857143
गठन	द	व	1.000000
गठन	न	व	0.173913
गठन	न	ट	0.130435
गठन	न	कह	0.130435
गन	क	क	0.288462
गन	क	ब	0.153846
गन	क	ल	0.134615
गन	क	एक	0.057692
गन	क	श	0.057692
गन	क	द	0.057692
गन	न	क	0.464286
गन	मत	रह	0.875000
गन	रन	त	0.960000
गन	लग	त	0.571429
गन	व	ल	0.769231
गरम	न	लग	1.000000
घर	आए	और	1.000000
घर	आन	क	0.500000
घर	और	क	0.571429
घर	और	द	0.428571
घर	क	ब	0.245989
घर	क	अ	0.149733
घर	क	क	0.122995
घर	क	द	0.058824
घर	क	ल	0.058824
घर	क	व	0.042781
घर	क	छत	0.042781
घर	क	एक	0.037433
घर	क	न	0.037433
घर	क	तल	0.032086
घर	क	ख	0.026738
घर	क	त	0.016043
घर	क	ओर	0.016043
घर	ख	ल	0.750000
घर	घर	क	0.375000
घर	चल	गई	0.500000
घर	न	क	0.714286
घर	पर	व	0.216216
घर	पर	ब	0.135135
घर	पर	त	0.094595
घर	पर	क	0.067568
घर	पर	ल	0.054054
घर	पर	ख	0.054054
घर	बन	ए	0.375000
घर	ल	ट	0.240385
घर	ल	ब	0.182692
घर	ल	क	0.163462
घर	ल	न	0.067308
घर	ल	कर	0.067308
घर	ल	टन	0.057692
घर	ल	व	0.057692
घर	ल	श	0.028846
घर	ल	रस	0.028846
घर	व	ल	0.944444
चमक	न	क	1.000000
छह	क	ल	0.500000
छह	द	न	0.857143
छह	बज	तक	0.875000
छह	मई	क	1.000000
छह	ल	ख	1.000000
छह	व	क	0.950000
जन	इस	त	0.714286
जन	ए	ल	0.263158
जन	ए	चल	0.157895
जन	ए	श	0.157895
जन	ओ	क	0.813187
जन	ओ	पर	0.131868
जन	ओ	और	0.054945
जन	और	क	0.277778
जन	क	ल	0.225806
जन	क	तहत	0.099078
जन	क	ब	0.071429
जन	क	व	0.069124
जन	क	द	0.059908
जन	क	क	0.052995
जन	क	श	0.046083
जन	क	ख	0.036866
जन	क	न	0.034562
जन	क	त	0.027650
जन	क	कम	0.023041
जन	क	आर	0.020737
जन	क	अ	0.018433
जन	क	इस	0.016129
जन	क	पहल	0.013825
जन	क	आग	0.011521
जन	क	ट	0.011521
जन	क	कर	0.009217
जन	क	तरह	0.009217
जन	क	सफल	0.009217
जन	क	आप	0.009217
जन	क	समय	0.006912
जन	क	यह	0.006912
जन	क	एक	0.006912
जन	क	ओर	0.006912
जन	कर	न	0.200000
जन	कर	रह	0.200000
जन	कर	ए	0.200000
जन	चल	रह	1.000000
जन	त	क	0.866426
जन	त	और	0.025271
जन	त	न	0.012635
जन	त	ओ	0.012635
जन	त	श	0.010830
जन	त	पर	0.010830
जन	त	कर	0.007220
जन	त	व	0.007220
जन	त	द	0.007220
जन	त	एक	0.005415
जन	त	त	0.005415
जन	द	श	0.562500
जन	द	न	0.156250
जन	द	व	0.125000
जन	न	कह	0.142857
जन	न	ब	0.119048
जन	न	त	0.119048
जन	न	द	0.071429
जन	न	व	0.071429
जन	न	उस	0.071429
जन	पर	क	0.500000
जन	बन	ई	0.357143
जन	बन	रह	0.285714
जन	बन	न	0.160714
जन	बन	ए	0.107143
जन	बन	ल	0.053571
जन	ल	न	0.555556
जन	व	ल	0.444444
जन	व	श	0.222222
जन	व	क	0.166667
ट	अ	क	0.821429
ट	अब	द	0.222222
ट	अब	ब	0.166667
ट	अल	व	0.700000
ट	अलग	अलग	0.625000
ट	आ	रह	0.400000
ट	आई	क	0.736842
ट	आई	न	0.157895
ट	आई	और	0.052632
ट	आउट	ल	0.555556
ट	आन	क	0.608696
ट	आन	व	0.130435
ट	आन	ब	0.130435
ट	आप	क	0.400000
ट	आय	त	0.375000
ट	आर	ट	0.500000
ट	आस	न	1.000000
ट	इन	व	0.400000
ट	इन	क	0.266667
ट	इस	ब	0.176471
ट	ई	क	0.452830
ट	ई	कर	0.358491
ट	उठ	न	0.800000
ट	उन	क	0.727273
ट	ए	ट	0.347826
ट	ए	क	0.130435
ट	ए	गए	0.130435
ट	ए	कर	0.130435
ट	एक	ट	0.407407
ट	एक	द	0.185185
ट	एक	ब	0.111111
ट	एन	ल	0.500000
ट	एम	क	0.727273
ट	एस	त	0.444444
ट	एस	ट	0.333333
ट	ऑफ	सर	0.205128
ट	ऑफ	ट	0.128205
ट	ऑफ	ल	0.128205
ट	ऑफ	व	0.102564
ट	ऑफ	क	0.102564
ट	ऑफ	द	0.076923
ट	ऑफ	न	0.076923
ट	ओम	क	1.000000
ट	और	क	0.162162
ट	और	द	0.103604
ट	और	ब	0.103604
ट	और	ट	0.085586
ट	और	व	0.072072
ट	और	एक	0.072072
ट	और	श	0.058559
ट	और	त	0.054054
ट	और	ल	0.040541
ट	और	न	0.036036
ट	और	इस	0.018018
ट	क	ल	0.143475
ट	क	न	0.095396
ट	क	क	0.095141
ट	क	ब	0.088781
ट	क	हल	0.069194
ट	क	द	0.052404
ट	क	व	0.040448
ट	क	ट	0.036123
ट	क	त	0.031799
ट	क	श	0.026711
ट	क	एक	0.020097
ट	क	ए	0.017553
ट	क	अ	0.015772
ट	क	ख	0.015518
ट	क	तहत	0.013228
ट	क	वजह	0.012211
ट	क	इस	0.011447
ट	क	ओर	0.009921
ट	क	लग	0.009667
ट	क	सर	0.008140
ट	क	पर	0.007886
ट	क	और	0.007632
ट	क	गई	0.007377
ट	क	पहल	0.006105
ट	क	कम	0.005851
ट	क	कर	0.005597
ट	क	अल	0.005088
ट	क	उम	0.005088
ट	क	जन	0.005088
ट	क	ऊ	0.004833
ट	कट	क	0.359447
ट	कट	द	0.198157
ट	कट	पर	0.179724
ट	कट	ब	0.082949
ट	कट	ल	0.036866
ट	कट	कट	0.018433
ट	कट	व	0.018433
ट	कट	कर	0.018433
ट	कट	ट	0.018433
ट	कट	और	0.013825
ट	कप	त	0.920000
ट	कम	श	0.380952
ट	कम	ट	0.190476
ट	कम	ए	0.119048
ट	कम	डर	0.095238
ट	कर	रह	0.262530
ट	कर	द	0.262530
ट	कर	ल	0.119332
ट	कर	कह	0.093079
ट	कर	न	0.054893
ट	कर	क	0.040573
ट	कर	ब	0.026253
ट	कर	और	0.019093
ट	कर	इस	0.016706
ट	कर	ए	0.011933
ट	कर	लग	0.007160
ट	कर	व	0.007160
ट	कर	रख	0.007160
ट	कर	उन	0.007160
ट	कर	नल	0.007160
ट	कर	यह	0.007160
ट	कल	क	0.375000
ट	कल	पर	0.083333
ट	कल	ल	0.083333
ट	कल	हट	0.062500
ट	कल	और	0.062500
ट	कह	ल	0.285714
ट	ख	ल	0.535211
ट	ख	द	0.119718
ट	ख	कर	0.119718
ट	ख	न	0.070423
ट	ख	त	0.035211
ट	ख	श	0.028169
ट	ख	ब	0.028169
ट	ख	ए	0.021127
ट	ख	लव	0.021127
ट	गई	और	0.500000
ट	गए	और	0.333333
ट	गन	क	0.857143
ट	गर	क	0.853659
ट	गर	व	0.073171
ट	घर	क	1.000000
ट	चल	रह	0.625000
ट	जन	ट	0.272727
ट	जन	क	0.272727
ट	जल	द	0.800000
ट	ट	क	0.399312
ट	ट	न	0.084337
ट	ट	व	0.077453
ट	ट	ब	0.070568
ट	ट	ल	0.044750
ट	ट	द	0.032702
ट	ट	गई	0.029260
ट	ट	और	0.025818
ट	ट	बल	0.022375
ट	ट	गए	0.022375
ट	ट	पर	0.020654
ट	ट	ट	0.017212
ट	ट	कर	0.017212
ट	ट	त	0.010327
ट	ट	बन	0.010327
ट	ट	रह	0.008606
ट	ट	श	0.008606
ट	ट	ऑफ	0.006885
ट	ट	तय	0.005164
ट	ट	पद	0.005164
ट	ट	मन	0.005164
ट	ट	ई	0.005164
ट	टन	क	0.833333
ट	डर	न	0.600000
ट	त	क	0.400000
ट	त	न	0.145455
ट	त	ल	0.090909
ट	त	कर	0.072727
ट	तक	क	0.412698
ट	तक	चल	0.142857
ट	तक	द	0.063492
ट	तक	ल	0.063492
ट	तक	ब	0.047619
ट	तय	कर	0.600000
ट	द	न	0.236311
ट	द	ख	0.184438
ट	द	व	0.112392
ट	द	त	0.077810
ट	द	ए	0.072046
ट	द	ल	0.060519
ट	द	श	0.057637
ट	द	रह	0.043228
ट	द	गई	0.037464
ट	द	द	0.034582
ट	द	कर	0.020173
ट	द	सर	0.011527
ट	द	क	0.011527
ट	द	ब	0.011527
ट	द	और	0.008646
ट	द	पक	0.008646
ट	दर	द	0.875000
ट	दल	क	0.800000
ट	न	क	0.356152
ट	न	कह	0.084181
ट	न	न	0.064755
ट	न	त	0.045328
ट	न	ट	0.043478
ट	न	ब	0.036078
ट	न	और	0.035153
ट	न	इस	0.033302
ट	न	द	0.032377
ट	न	श	0.025902
ट	न	एक	0.022202
ट	न	व	0.020352
ट	न	ल	0.019426
ट	न	उन	0.015726
ट	न	यह	0.014801
ट	न	कर	0.009251
ट	न	ख	0.007401
ट	न	अब	0.007401
ट	न	उस	0.006475
ट	न	कम	0.006475
ट	न	अ	0.005550
ट	न	सह	0.005550
ट	न	पहल	0.005550
ट	न	कल	0.005550
ट	न	पर	0.004625
ट	न	आर	0.004625
ट	न	इन	0.003700
ट	न	उम	0.003700
ट	न	आग	0.003700
ट	न	बन	0.003700
ट	नजर	आए	0.500000
ट	पद	पर	0.777778
ट	पर	क	0.162210
ट	पर	रन	0.108734
ट	पर	ब	0.099822
ट	पर	व	0.060606
ट	पर	न	0.055258
ट	पर	द	0.053476
ट	पर	ल	0.040998
ट	पर	श	0.035651
ट	पर	ट	0.030303
ट	पर	एक	0.028520
ट	पर	त	0.026738
ट	पर	सर	0.017825
ट	पर	नजर	0.016043
ट	पर	कब	0.014260
ट	पर	रख	0.014260
ट	पर	कर	0.014260
ट	पर	लग	0.014260
ट	पर	आग	0.010695
ट	पर	गई	0.010695
ट	पर	कई	0.008913
ट	पर	आ	0.008913
ट	पर	उतर	0.007130
ट	पर	आए	0.007130
ट	पर	पहल	0.007130
ट	पर	ख	0.007130
ट	पर	बन	0.007130
ट	पर	कम	0.007130
ट	पर	आय	0.007130
ट	पर	इस	0.005348
ट	पर	और	0.005348
ट	पल	ल	0.500000
ट	पहल	क	0.230769
ट	ब	क	0.312139
ट	ब	ल	0.239884
ट	ब	द	0.144509
ट	ब	ट	0.066474
ट	ब	न	0.054913
ट	ब	जल	0.040462
ट	ब	त	0.020231
ट	ब	गर	0.017341
ट	ब	जन	0.014451
ट	ब	ब	0.011561
ट	ब	पर	0.011561
ट	ब	हद	0.011561
ट	ब	दर	0.008671
ट	बज	त	0.600000
ट	बट	रन	0.750000
ट	बदल	व	0.625000
ट	बन	न	0.391753
ट	बन	ई	0.144330
ट	बन	कर	0.103093
ट	बन	ए	0.103093
ट	बन	रह	0.051546
ट	बन	त	0.051546
ट	बन	गई	0.051546
ट	बन	द	0.041237
ट	बल	ट	0.344538
ट	बल	क	0.218487
ट	बल	पर	0.092437
ट	बल	ल	0.067227
ट	बल	भर	0.058824
ट	बल	न	0.042017
ट	बल	और	0.033613
ट	बल	ब	0.025210
ट	बल	द	0.025210
ट	बल	पद	0.025210
ट	बह	त	0.481481
ट	बह	मत	0.333333
ट	भर	त	0.500000
ट	मई	क	1.000000
ट	यम	क	0.555556
ट	रन	क	0.454545
ट	रस	ट	0.573770
ट	रस	क	0.262295
ट	रस	न	0.114754
ट	ल	क	0.278164
ट	ल	न	0.179416
ट	ल	ट	0.097357
ट	ल	ए	0.079277
ट	ल	व	0.058414
ट	ल	कर	0.047288
ट	ल	द	0.037552
ट	ल	ख	0.037552
ट	ल	ब	0.036161
ट	ल	ल	0.033380
ट	ल	और	0.020862
ट	ल	इन	0.015299
ट	ल	त	0.013908
ट	ल	पर	0.009736
ट	ल	रह	0.008345
ट	ल	इस	0.005563
ट	ल	कम	0.005563
ट	ल	श	0.005563
ट	लग	त	0.200000
ट	लग	न	0.183333
ट	लग	रह	0.116667
ट	लग	ए	0.100000
ट	लग	कर	0.100000
ट	लग	गई	0.083333
ट	लग	और	0.066667
ट	लग	द	0.050000
ट	व	ट	0.461252
ट	व	क	0.152012
ट	व	ल	0.087183
ट	व	श	0.055887
ट	व	न	0.048435
ट	व	पर	0.034277
ट	व	और	0.017884
ट	व	ब	0.014903
ट	व	व	0.014158
ट	व	एक	0.014158
ट	व	मर	0.010432
ट	व	द	0.010432
ट	व	आई	0.008197
ट	व	आय	0.007452
ट	व	रह	0.005216
ट	व	बन	0.004471
ट	व	दर	0.004471
ट	व	त	0.003726
ट	व	कल	0.003726
ट	व	एस	0.002981
ट	व	आन	0.002981
ट	व	सर	0.002235
ट	व	आ	0.002235
ट	व	आए	0.002235
ट	व	जय	0.002235
ट	श	ट	0.361111
ट	श	क	0.212963
ट	श	व	0.101852
ट	श	यम	0.064815
ट	श	ल	0.055556
ट	श	द	0.055556
ट	श	झलक	0.027778
ट	श	ब	0.027778
ट	शक	ल	0.857143
ट	शहर	क	0.500000
ट	सच	व	1.000000
ट	सर	क	0.384615
ट	सर	व	0.230769
ट	सर	ट	0.115385
ट	सर	न	0.115385
ट	सह	त	0.750000
ट	हम	श	1.000000
ट	हर	द	0.600000
ट	हल	क	0.750000
ठग	क	श	0.250000
ठग	क	अ	0.187500
तब	आई	जब	1.000000
तब	आज	द	0.750000
तब	एक	ब	0.500000
तब	क	ल	0.300000
तब	तक	क	0.339623
तब	तक	हम	0.075472
तब	तक	यह	0.056604
तब	तक	व	0.056604
तब	तक	वह	0.056604
तब	द	ल	0.693878
तब	द	न	0.142857
तब	द	श	0.102041
तब	दल	कर	0.466667
तब	दल	क	0.400000
तब	ब	न	0.272727
तब	व	द	0.300000
तब	हर	क	1.000000
तय	क	गई	0.575758
तय	क	ए	0.424242
तय	कर	द	0.487179
तय	कर	ल	0.358974
तय	समय	क	0.625000
तय	समय	पर	0.375000
तहत	आन	व	1.000000
तहत	क	द	0.300000
तहत	द	श	0.375000
तहत	द	ल	0.312500
तहत	द	न	0.187500
तहत	भर	त	1.000000
तहत	ल	न	0.750000
तहत	श	क	0.875000
थक	क	ब	0.210526
थक	क	न	0.157895
थक	क	क	0.157895
थक	न	त	0.176471
दरअसल	इस	ब	0.300000
दरअसल	क	द	0.294118
दरअसल	द	ल	0.555556
दरअसल	द	न	0.166667
दरअसल	ब	त	0.428571
दस	क	ब	0.366667
दस	क	श	0.150000
दस	क	द	0.066667
दस	क	ल	0.066667
दस	क	क	0.050000
दस	क	व	0.050000
दस	क	वजह	0.050000
दस	क	समय	0.050000
दस	त	व	0.788462
दस	त	क	0.076923
दस	त	न	0.038462
दस	त	पर	0.028846
दस	तक	द	0.944444
दस	द	न	1.000000
दस	पर	द	0.777778
दस	ल	ख	1.000000
दस	व	क	1.000000
नई	इन	व	1.000000
नई	क	मत	0.205128
नई	क	ट	0.128205
नई	क	ल	0.102564
नई	क	व	0.076923
नई	क	ब	0.076923
नई	क	श	0.076923
नई	कम	ट	1.000000
नई	ट	क	1.000000
नई	द	ल	0.898876
नई	द	श	0.067416
नई	द	न	0.033708
नई	न	कर	0.444444
नई	पहल	क	1.000000
नई	ब	त	0.647059
नई	ब	ल	0.294118
नई	भर	त	1.000000
नई	लहर	क	0.800000
नई	व	क	0.750000
नई	श	क	1.000000
नस	क	ब	0.194444
नस	क	त	0.138889
नस	क	और	0.138889
नस	क	पर	0.111111
नस	क	क	0.083333
नस	न	क	0.613636
नस	न	जगह	0.136364
नस	न	न	0.068182
नस	ल	क	0.625000
नस	ल	ब	0.375000
नस	लव	द	1.000000
पक	क	कर	0.214286
पक	क	क	0.107143
पक	क	न	0.107143
पक	जल	ए	0.888889
पक	न	क	0.416667
पक	ब	ल	1.000000
पथ	भर	त	1.000000
फसल	क	न	0.200000
फसल	क	क	0.160000
फसल	क	ब	0.120000
बच	गए	ल	0.428571
बच	द	कट	0.600000
बच	न	क	0.850746
बच	न	व	0.044776
बच	न	और	0.022388
बच	व	क	0.775000
बच	व	कर	0.087500
बच	व	व	0.037500
बच	व	और	0.037500
बज	क	ब	0.518519
बज	क	कर	0.222222
बज	तक	क	0.193548
बज	तक	चल	0.112903
बज	तक	ल	0.080645
बज	तक	ब	0.080645
बज	तक	कर	0.064516
बज	तक	व	0.064516
बज	तक	आय	0.064516
बज	तक	रह	0.048387
बज	द	ल	0.500000
बज	न	क	0.545455
बट	ट	ख	0.500000
बट	रन	क	0.600000
बटन	पर	क	0.750000
बढ़	त	आय	0.800000
बढ़	न	क	0.500000
बढ़	न	व	0.357143
बढ़	व	द	0.900000
भटक	न	क	0.800000
मच	न	व	0.473684
मच	न	क	0.263158
मत	अलग	अलग	1.000000
मत	और	द	0.428571
मत	और	व	0.214286
मत	क	ल	0.175000
मत	क	ब	0.150000
मत	क	क	0.112500
मत	क	आ	0.100000
मत	क	अ	0.075000
मत	क	द	0.062500
मत	क	ख	0.062500
मत	क	त	0.050000
मत	क	कम	0.037500
मत	कर	ब	0.727273
मत	द	न	0.229508
मत	द	ख	0.196721
मत	द	द	0.180328
मत	द	गई	0.147541
मत	द	त	0.114754
मत	न	कह	0.307692
मत	पर	ल	0.230769
मत	पर	ब	0.115385
मत	पर	क	0.115385
मत	रह	क	1.000000
मत	ल	ख	0.820513
मत	व	ल	0.714286
मत	व	ट	0.285714
मन	आ	रह	0.757282
मन	आ	गई	0.145631
मन	आ	गए	0.097087
मन	आई	क	0.444444
मन	आई	त	0.222222
मन	आए	और	0.266667
मन	आए	क	0.266667
मन	आन	क	0.782051
मन	आन	पर	0.076923
मन	आन	लग	0.051282
मन	आन	व	0.051282
मन	आय	क	0.535714
मन	आय	त	0.178571
मन	आय	और	0.142857
मन	ए	द	0.692308
मन	ए	ट	0.230769
मन	ओ	क	1.000000
मन	क	मन	0.153846
मन	क	ल	0.134615
मन	क	ब	0.102564
मन	क	क	0.076923
मन	क	व	0.044872
मन	क	ई	0.038462
मन	क	श	0.032051
मन	क	त	0.032051
मन	क	न	0.032051
मन	क	ओर	0.032051
मन	क	ट	0.032051
मन	क	द	0.025641
मन	क	हर	0.019231
मन	क	ख	0.019231
मन	क	तरह	0.019231
मन	क	तरफ	0.019231
मन	कर	द	0.518987
मन	कर	रह	0.405063
मन	ख	ल	0.500000
मन	द	ख	0.250000
मन	द	व	0.150000
मन	द	न	0.150000
मन	द	श	0.150000
मन	न	क	0.535714
मन	न	त	0.130952
मन	न	न	0.047619
मन	न	द	0.035714
मन	ब	द	0.500000
मन	बन	ल	0.545455
मन	बन	न	0.136364
मन	बन	रह	0.136364
मन	बह	त	1.000000
मन	रख	द	0.600000
मन	ल	न	0.732143
मन	ल	त	0.089286
मन	ल	ए	0.053571
मन	व	ल	0.864865
मन	व	पक	0.081081
मन	हर	पर	0.416667
मन	हर	ल	0.375000
मन	हर	क	0.125000
मम	कर	क	0.400000
यम	और	क	0.272727
यम	और	न	0.181818
यम	और	द	0.136364
यम	क	तहत	0.257143
यम	क	श	0.164286
यम	क	ल	0.100000
यम	क	ब	0.078571
यम	क	व	0.050000
यम	क	न	0.050000
यम	क	क	0.042857
यम	क	त	0.035714
यम	क	ख	0.035714
यम	क	द	0.035714
यम	त	क	0.222222
यम	त	व	0.148148
यम	त	त	0.148148
यम	न	क	0.266667
यम	न	त	0.266667
यम	न	एक	0.244444
यम	पर	क	0.375000
यम	बन	ए	0.363636
यम	बन	न	0.363636
यह	अ	द	0.444444
यह	अ	त	0.333333
यह	अब	तक	0.666667
यह	अलग	अलग	0.571429
यह	आन	व	1.000000
यह	आय	जन	1.000000
यह	इस	ब	0.230769
यह	उन	ल	0.600000
यह	एक	व	0.121212
यह	एक	ब	0.121212
यह	एक	तरह	0.075758
यह	एक	क	0.060606
यह	एक	बह	0.060606
यह	एक	द	0.060606
यह	एक	न	0.060606
यह	एक	ट	0.060606
यह	एक	श	0.045455
यह	एक	ख	0.045455
यह	और	ब	1.000000
यह	क	ल	0.237500
यह	क	न	0.131250
यह	क	ई	0.125000
यह	क	त	0.056250
यह	क	द	0.050000
यह	क	श	0.043750
यह	क	मत	0.043750
यह	क	रन	0.037500
यह	क	ब	0.037500
यह	क	व	0.037500
यह	क	क	0.037500
यह	क	ख	0.025000
यह	कदम	उठ	0.842105
यह	कर	ब	0.684211
यह	कह	रह	0.350000
यह	कह	न	0.300000
यह	कह	क	0.150000
यह	कह	कर	0.150000
यह	ख	ल	0.500000
यह	ख	न	0.107143
यह	ख	द	0.107143
यह	चल	रह	0.750000
यह	जल	द	1.000000
यह	ट	क	0.379310
यह	ट	व	0.344828
यह	ट	ट	0.137931
यह	त	न	0.324324
यह	त	सर	0.270270
यह	त	ल	0.108108
यह	त	कह	0.081081
यह	तक	क	0.784615
यह	तक	कह	0.138462
यह	तक	त	0.023077
यह	तय	कर	0.750000
यह	द	न	0.257485
यह	द	ख	0.191617
यह	द	सर	0.131737
यह	द	श	0.131737
यह	द	व	0.131737
यह	द	क	0.041916
यह	द	ल	0.041916
यह	द	आ	0.035928
यह	दर	श	0.714286
यह	दल	ल	0.500000
यह	दल	त	0.500000
यह	न	त	0.300000
यह	न	यम	0.175000
यह	न	क	0.125000
यह	न	श	0.100000
यह	न	कल	0.075000
यह	न	व	0.075000
यह	पर	क	0.307692
यह	पर	व	0.138462
यह	पर	न	0.076923
यह	पर	एक	0.061538
यह	पर	इस	0.046154
यह	पहल	ब	0.696970
यह	ब	त	0.657754
यह	ब	ल	0.149733
यह	ब	हद	0.053476
यह	ब	क	0.037433
यह	ब	जन	0.016043
यह	ब	ब	0.016043
यह	बदल	व	0.833333
यह	बल	ल	0.800000
यह	बह	त	1.000000
यह	भर	त	1.000000
यह	रह	क	0.818182
यह	ल	ख	0.300000
यह	ल	न	0.150000
यह	ल	ब	0.150000
यह	ल	क	0.150000
यह	लग	त	1.000000
यह	व	क	0.296296
यह	व	श	0.222222
यह	व	व	0.148148
यह	व	द	0.092593
यह	व	ट	0.074074
यह	व	ल	0.055556
यह	वजह	रह	0.750000
यह	वह	द	0.333333
यह	श	क	0.285714
यह	श	त	0.190476
यह	श	द	0.190476
यह	सब	क	0.300000
यह	समझ	त	0.333333
यह	सर	व	0.500000
यह	सर	द	0.300000
यह	हम	श	0.375000
रख	और	व	0.173913
रख	और	द	0.130435
रख	और	क	0.130435
रख	द	त	0.444444
रख	द	ए	0.222222
रख	न	क	0.571429
रख	बल	क	1.000000
रख	रख	व	1.000000
रख	ल	क	0.416667
रख	ल	त	0.333333
रन	और	श	0.230769
रन	क	ब	0.209302
रन	क	ल	0.172093
रन	क	लक	0.102326
रन	क	न	0.083721
रन	क	क	0.079070
रन	क	त	0.069767
रन	क	ट	0.060465
रन	क	श	0.032558
रन	क	अ	0.027907
रन	क	व	0.027907
रन	क	खबर	0.013953
रन	क	मन	0.013953
रन	त	क	0.722222
रन	त	न	0.166667
रन	द	कर	0.695652
रन	द	ए	0.231884
रन	न	कल	0.500000
रन	पर	आउट	0.440000
रन	पर	न	0.120000
रन	ब	द	0.555556
रन	ब	ल	0.333333
रन	बन	ए	0.554318
रन	बन	कर	0.217270
रन	बन	न	0.133705
रन	बन	ल	0.030641
रन	बन	द	0.025070
रन	बन	त	0.019499
रन	बन	रह	0.013928
रन	ल	ट	0.500000
रन	व	ल	0.892857
लहर	क	द	0.317073
लहर	क	ब	0.243902
लहर	क	व	0.073171
लहर	द	ख	0.800000
वजह	रह	क	1.000000
वह	अ	त	0.375000
वह	अगर	आप	0.206897
वह	अगर	ब	0.172414
वह	अगर	क	0.172414
वह	अगर	आय	0.103448
वह	अगर	त	0.103448
वह	आग	क	0.428571
वह	इन	द	0.500000
वह	इस	ब	0.312500
वह	इस	द	0.166667
वह	इस	व	0.083333
वह	इस	समय	0.083333
वह	इस	त	0.062500
वह	इस	पर	0.062500
वह	उस	पर	0.176471
वह	उस	ल	0.176471
वह	एक	ट	0.160000
वह	एक	क	0.140000
वह	एक	द	0.120000
वह	एक	ब	0.080000
वह	एक	और	0.080000
वह	एक	एक	0.060000
वह	एक	श	0.060000
वह	एक	ल	0.060000
वह	ओम	क	0.800000
वह	और	क	0.333333
वह	क	ल	0.243243
वह	क	व	0.153153
वह	क	ई	0.108108
वह	क	द	0.081081
वह	क	लक	0.054054
वह	क	क	0.045045
वह	क	न	0.045045
वह	क	त	0.036036
वह	क	श	0.027027
वह	क	गन	0.027027
वह	कई	ब	0.571429
वह	कई	ल	0.142857
वह	कई	द	0.107143
वह	कर	ब	0.545455
वह	कर	न	0.363636
वह	कह	रह	0.555556
वह	कह	न	0.444444
वह	ख	द	0.727273
वह	ख	श	0.054545
वह	ख	ब	0.054545
वह	ख	ल	0.054545
वह	घर	क	0.400000
वह	घर	पर	0.300000
वह	जल	द	1.000000
वह	ट	व	0.333333
वह	ट	ट	0.238095
वह	ट	न	0.190476
वह	त	न	0.366667
वह	त	सर	0.300000
वह	त	ल	0.133333
वह	द	सर	0.417085
वह	द	ल	0.185930
वह	द	न	0.150754
वह	द	श	0.145729
वह	द	व	0.030151
वह	द	क	0.015075
वह	न	त	0.277778
वह	न	क	0.166667
वह	न	यम	0.138889
वह	न	ट	0.083333
वह	न	चल	0.083333
वह	पब	ल	1.000000
वह	पर	श	0.139535
वह	पर	व	0.139535
वह	पर	त	0.093023
वह	पर	ल	0.069767
वह	पर	क	0.069767
वह	पर	एक	0.069767
वह	पर	कई	0.069767
वह	पहल	ब	0.400000
वह	ब	ल	0.267442
वह	ब	क	0.151163
वह	ब	हद	0.139535
वह	ब	त	0.104651
वह	ब	न	0.081395
वह	ब	हर	0.058140
वह	ब	ट	0.058140
वह	ब	द	0.058140
वह	ब	ब	0.034884
वह	बल	ल	0.666667
वह	बह	त	0.882353
वह	यह	क	0.375000
वह	रन	बन	0.444444
वह	रन	पर	0.333333
वह	रह	रह	1.000000
वह	ल	ल	0.240000
वह	ल	ब	0.200000
वह	ल	ख	0.200000
वह	लग	त	0.956522
वह	व	श	0.220000
वह	व	पक	0.220000
वह	व	द	0.160000
वह	व	क	0.100000
वह	व	त	0.060000
वह	व	व	0.060000
वह	वह	क	0.300000
वह	श	क	0.325000
वह	श	द	0.300000
वह	श	व	0.150000
वह	हम	श	0.846154
शपथ	द	ल	0.750000
शपथ	ल	न	0.695652
शपथ	ल	त	0.217391
शरण	ल	न	0.375000
सकल	घर	ल	1.000000
सच	कर	द	0.750000
सच	कह	त	0.833333
सच	त	यह	0.666667
सच	न	त	0.325301
सच	न	क	0.240964
सच	न	न	0.168675
सच	न	और	0.060241
सच	न	श	0.048193
सच	न	द	0.036145
सच	व	क	0.257353
सच	व	लय	0.161765
सच	व	न	0.117647
सच	व	जय	0.058824
सच	व	और	0.051471
सच	व	ए	0.044118
सच	व	द	0.036765
सच	व	व	0.036765
सच	व	त	0.029412
सच	व	हर	0.029412
सच	व	बन	0.022059
सफल	पर	क	1.000000
सफल	बन	न	0.888889
सफल	रह	और	0.600000
सह	कल	क	1.000000
सह	त	कई	0.330769
सह	त	व	0.130769
सह	त	क	0.107692
सह	त	द	0.061538
सह	त	ल	0.061538
सह	त	त	0.030769
सह	त	लगभग	0.023077
सह	द	श	1.000000
सह	ल	क	0.769231
सहमत	क	ब	0.500000
सहमत	द	द	0.750000
सहमत	बन	गई	0.363636
सहमत	बन	क	0.272727
सहमत	बन	न	0.272727
हक	क	ल	0.224490
हक	क	न	0.142857
हक	क	त	0.081633
हक	क	पर	0.081633
हक	क	ब	0.081633
हक	क	क	0.061224
हल	और	ब	0.428571
हल	क	ब	0.273256
हल	क	न	0.075581
हल	क	ल	0.069767
हल	क	लक	0.058140
हल	क	व	0.046512
हल	क	क	0.046512
हल	क	बल	0.040698
हल	क	त	0.034884
हल	क	ट	0.034884
हल	क	एल	0.034884
हल	क	एक	0.034884
हल	क	ख	0.029070
हल	क	और	0.023256
हल	क	इस	0.023256
हल	क	कप	0.023256
हल	क	अल	0.023256
हल	कप	त	1.000000
हल	कर	ल	1.000000
हल	द	व	0.388889
हल	द	क	0.388889
हल	न	क	0.275362
हल	न	कह	0.086957
हल	न	ट	0.072464
हल	न	ब	0.072464
हल	न	इस	0.072464
हल	न	ख	0.043478
हल	न	अब	0.043478
हल	न	रन	0.043478
हल	ल	क	0.459459
हल	ल	ब	0.216216
हलचल	क	ब	0.750000
