अटक	क	ल	1.000000
अटक	कर	न	1.000000
अथक	पर	श	1.000000
अब	द	ल	0.978022
असल	ल	व	0.150743
असल	ल	एक	0.135881
असल	ल	क	0.095541
असल	ल	द	0.091295
असल	ल	ब	0.074310
असल	ल	न	0.067941
असल	ल	श	0.059448
असल	ल	त	0.059448
असल	ल	ल	0.038217
असल	ल	सर	0.021231
असल	ल	ट	0.019108
असल	ल	ख	0.012739
असल	ल	शहर	0.012739
असल	ल	पर	0.010616
असल	ल	मर	0.008493
असल	ल	अ	0.008493
असल	ल	एन	0.008493
असल	ल	आ	0.006369
असल	ल	कर	0.006369
असल	ल	कल	0.006369
असल	ल	पद	0.006369
असल	ल	आर	0.006369
आई	व	त	0.750000
आई	श	त	1.000000
आम	ल	व	0.214286
आम	ल	त	0.178571
आम	ल	आम	0.142857
आम	ल	आह	0.107143
आय	आय	एम	0.600000
आय	क	त	0.897436
आय	जन	क	0.686275
आय	जन	कर	0.098039
आय	जन	व	0.058824
आय	जन	द	0.058824
आय	त	क	0.454545
आय	त	न	0.181818
आय	त	कर	0.136364
आय	ब	क	0.833333
उम	ब	ई	1.000000
ए	क	ल	0.833333
ए	ट	आर	0.307692
ए	ब	ट	0.571429
एन	क	ऊ	0.750000
एन	श	ट	1.000000
एम	क	ल	1.000000
एम	ब	ए	0.600000
एम	ल	न	0.750000
एर	न	ट	0.666667
ओक	न	व	0.750000
क	अ	क	0.242424
क	अ	ब	0.121212
क	अ	द	0.121212
क	अ	श	0.121212
क	अ	न	0.090909
क	अ	त	0.090909
क	अल	क	0.500000
क	अल	बम	0.300000
क	असल	ल	0.981481
क	आ	द	0.562500
क	आ	ब	0.375000
क	आन	द	0.833333
क	आम	ल	1.000000
क	आय	क	0.769231
क	आर	क	0.571429
क	आर	ट	0.428571
क	आह	त	0.978571
क	आह	क	0.014286
क	इस	ल	0.750000
क	उप	सन	0.428571
क	ऊ	ट	0.266667
क	ऊ	पद	0.200000
क	एक	आह	0.653846
क	एक	क	0.062937
क	एक	असल	0.045455
क	एक	व	0.038462
क	एक	न	0.031469
क	एक	ल	0.024476
क	एक	त	0.024476
क	एक	ब	0.020979
क	एक	द	0.013986
क	एक	श	0.010490
क	एक	ट	0.010490
क	क	ल	0.446321
क	क	व	0.121834
क	क	द	0.102533
क	क	त	0.062726
क	क	क	0.057901
क	क	ट	0.051870
क	क	न	0.050663
क	क	श	0.013269
क	क	आह	0.009650
क	क	ब	0.009650
क	क	सर	0.007238
क	क	मग	0.006031
क	क	कर	0.004825
क	क	कण	0.004825
क	क	रख	0.004825
क	क	मत	0.003619
क	क	मल	0.003619
क	क	पर	0.003619
क	कट	ल	0.600000
क	कण	त	0.656489
क	कण	क	0.083969
क	कण	व	0.068702
क	कण	तल	0.038168
क	कण	न	0.038168
क	कण	ब	0.030534
क	कण	मर	0.022901
क	कब	ब	0.428571
क	कम	ई	0.266667
क	कम	ल	0.200000
क	कम	कर	0.200000
क	कर	न	0.493506
क	कर	त	0.181818
क	कर	व	0.090909
क	कर	द	0.064935
क	कर	मच	0.051948
क	कर	श	0.038961
क	कर	ल	0.038961
क	कल	क	0.428571
क	कल	व	0.285714
क	कल	ल	0.107143
क	ख	ल	0.250000
क	ख	त	0.238095
क	ख	न	0.154762
क	ख	द	0.119048
क	ख	ट	0.071429
क	ख	व	0.035714
क	ख	ब	0.035714
क	गर	ब	0.400000
क	गर	द	0.400000
क	घटक	आह	0.454545
क	घर	त	0.666667
क	जल	ल	0.625000
क	ट	ब	0.543704
क	ट	क	0.103704
क	ट	ख	0.063704
क	ट	व	0.062222
क	ट	ल	0.048148
क	ट	न	0.045185
क	ट	ट	0.019259
क	ट	त	0.017037
क	ट	श	0.016296
क	ट	द	0.011111
क	ट	आह	0.008148
क	ट	पर	0.006667
क	ट	रस	0.004444
क	ट	जनरल	0.002963
क	ट	कर	0.002963
क	ट	कल	0.002963
क	ट	अ	0.002963
क	ट	लक	0.002222
क	ट	तल	0.002222
क	ट	ऑफ	0.002222
क	ट	बन	0.002222
क	ट	सर	0.002222
क	टच	व	0.454545
क	टन	त	0.250000
क	टब	ल	1.000000
क	त	क	0.241422
क	त	ल	0.151961
क	त	न	0.127451
क	त	व	0.114379
क	त	त	0.095588
क	त	ब	0.041258
क	त	आह	0.037990
क	त	द	0.030229
क	त	श	0.024918
क	त	एक	0.014706
क	त	सर	0.009395
क	त	असल	0.008578
क	त	कर	0.007761
क	त	ख	0.007353
क	त	ट	0.007353
क	त	हल	0.005719
क	त	पद	0.005310
क	त	आ	0.004085
क	त	पर	0.004085
क	त	अरब	0.003676
क	त	अ	0.002859
क	त	सच	0.002451
क	त	मर	0.002451
क	त	दर	0.002042
क	त	आर	0.002042
क	त	बह	0.002042
क	त	तय	0.001634
क	त	लय	0.001634
क	त	पक	0.001634
क	त	मन	0.001634
क	तल	व	0.333333
क	द	श	0.224242
क	द	व	0.214141
क	द	न	0.101010
क	द	ल	0.096970
क	द	त	0.074747
क	द	ख	0.066667
क	द	रस	0.060606
क	द	क	0.044444
क	द	सर	0.024242
क	द	वश	0.020202
क	द	ब	0.014141
क	द	द	0.012121
क	द	रन	0.010101
क	द	कर	0.006061
क	दर	न	0.272727
क	दर	व	0.181818
क	दर	ब	0.181818
क	दल	त	0.777778
क	दशक	न	0.600000
क	दस	त	1.000000
क	न	त	0.188465
क	न	क	0.126726
क	न	व	0.124289
क	न	द	0.120227
क	न	ल	0.068237
क	न	न	0.043054
क	न	ट	0.040617
क	न	ब	0.035743
क	न	आह	0.025183
क	न	सर	0.021121
क	न	गर	0.020309
क	न	यम	0.019496
क	न	श	0.014622
क	न	कल	0.012185
क	न	ख	0.010561
क	न	कर	0.009748
क	न	पर	0.007311
क	न	एक	0.006499
क	न	असल	0.004874
क	न	सन	0.004874
क	न	परत	0.004874
क	न	तय	0.004062
क	न	आर	0.004062
क	न	मर	0.003249
क	न	लक	0.003249
क	न	उन	0.003249
क	न	ई	0.002437
क	न	अप	0.002437
क	न	सह	0.002437
क	न	टन	0.002437
क	नस	व	0.416667
क	नस	न	0.250000
क	पद	धत	0.932432
क	पब	ल	1.000000
क	पर	पर	0.318841
क	पर	सर	0.159420
क	पर	क	0.144928
क	पर	जन	0.101449
क	पर	व	0.086957
क	पर	कर	0.057971
क	पर	न	0.043478
क	पल	ल	0.562500
क	पल	न	0.187500
क	फल	द	0.600000
क	ब	द	0.225694
क	ब	क	0.170139
क	ब	न	0.135417
क	ब	ल	0.118056
क	ब	ब	0.086806
क	ब	ई	0.048611
क	ब	ट	0.038194
क	ब	त	0.020833
क	ब	कर	0.017361
क	ब	धन	0.017361
क	ब	दर	0.017361
क	ब	लग	0.013889
क	ब	रह	0.013889
क	ब	व	0.013889
क	ब	लक	0.010417
क	बल	त	0.500000
क	बह	न	0.625000
क	बह	त	0.291667
क	भर	द	0.428571
क	मग	रन	0.571429
क	मच	द	0.600000
क	मत	त	0.269841
क	मत	व	0.126984
क	मत	न	0.111111
क	मत	आह	0.095238
क	मत	ल	0.079365
क	मत	कम	0.063492
क	मत	क	0.047619
क	मन	द	0.222222
क	मन	व	0.166667
क	मन	त	0.166667
क	मर	सच	0.571429
क	मर	जल	0.428571
क	यम	आह	0.261905
क	यम	न	0.142857
क	यम	क	0.119048
क	यम	द	0.119048
क	यम	व	0.071429
क	यम	रह	0.071429
क	यम	ट	0.071429
क	रख	न	1.000000
क	रस	त	0.600000
क	रस	द	0.085714
क	रस	ट	0.085714
क	रस	व	0.085714
क	रह	व	0.444444
क	रह	त	0.296296
क	ल	ल	0.427879
क	ल	आह	0.224971
क	ल	न	0.064516
क	ल	व	0.052148
क	ल	क	0.050476
क	ल	त	0.040448
क	ल	वध	0.039947
क	ल	ब	0.016714
क	ल	पर	0.011700
क	ल	द	0.010363
क	ल	ख	0.009360
क	ल	ऑफ	0.006351
क	ल	श	0.006017
क	ल	असल	0.004680
क	ल	ट	0.002841
क	ल	कप	0.002841
क	ल	वजन	0.002340
क	ल	डर	0.002340
क	ल	कर	0.002006
क	ल	एक	0.001839
क	ल	कश	0.001170
क	ल	टन	0.000836
क	ल	सर	0.000836
क	ल	आ	0.000836
क	ल	ए	0.000836
क	ल	जन	0.000836
क	ल	पद	0.000836
क	ल	सन	0.000669
क	ल	टच	0.000669
क	ल	हर	0.000501
क	लक	त	0.933333
क	लग	न	0.666667
क	लव	क	0.192308
क	लव	न	0.192308
क	लव	व	0.115385
क	लव	ब	0.115385
क	व	क	0.155958
क	व	त	0.134930
क	व	द	0.119159
क	व	व	0.112734
क	व	श	0.081776
क	व	न	0.075935
क	व	ल	0.038551
क	व	ब	0.038551
क	व	ट	0.025701
क	व	रस	0.022780
क	व	पर	0.020444
क	व	ख	0.014019
क	व	एक	0.011682
क	व	आर	0.009346
क	व	अ	0.009346
क	व	कम	0.008178
क	व	सर	0.008178
क	व	कल	0.007009
क	व	जय	0.007009
क	व	कर	0.007009
क	व	मर	0.005841
क	व	आ	0.005257
क	व	सह	0.004673
क	व	मन	0.003505
क	व	अप	0.003505
क	व	दर	0.002921
क	व	परत	0.002921
क	व	चक	0.002921
क	व	जन	0.002336
क	व	तल	0.001752
क	श	क	0.473684
क	श	त	0.107212
क	श	ल	0.068226
क	श	व	0.054581
क	श	द	0.052632
क	श	न	0.050682
क	श	ख	0.048733
क	श	ब	0.042885
क	श	श	0.015595
क	श	ट	0.011696
क	श	अ	0.007797
क	श	सन	0.007797
क	श	कर	0.007797
क	श	धन	0.005848
क	श	अल	0.005848
क	शक	त	0.904762
क	शहर	त	0.363636
क	शहर	आह	0.318182
क	शहर	न	0.090909
क	शहर	पर	0.068182
क	सच	द	0.250000
क	सच	व	0.250000
क	सन	व	0.300000
क	सन	न	0.300000
क	सर	व	0.666667
क	सर	सर	0.069444
क	सर	त	0.055556
क	सर	न	0.055556
क	सर	क	0.048611
क	सर	आह	0.020833
क	सह	न	0.214286
क	सह	व	0.214286
क	हक	क	1.000000
क	हल	ल	0.464286
क	हल	न	0.392857
कट	क	व	0.571429
कट	कर	न	1.000000
कट	ट	न	0.750000
कट	त	न	0.454545
गरम	क	ल	0.571429
गरम	कर	न	1.000000
घर	आह	त	1.000000
घर	क	ल	0.600000
घर	घर	त	0.703704
घर	घर	व	0.111111
घर	जन	मल	1.000000
घर	त	ल	0.496350
घर	त	न	0.145985
घर	त	त	0.072993
घर	त	व	0.051095
घर	त	क	0.043796
घर	त	श	0.029197
घर	त	ख	0.029197
घर	त	आह	0.021898
घर	त	ट	0.021898
घर	न	क	0.230769
घर	न	त	0.230769
घर	ब	ल	0.600000
घर	ल	क	0.500000
घर	लग	न	1.000000
छप	ई	कर	0.300000
छप	पर	ल	0.600000
जज	वन	त	0.800000
जय	जय	जय	1.000000
जय	त	न	0.342857
जय	त	ल	0.200000
जय	त	व	0.114286
जय	त	द	0.114286
जय	त	त	0.085714
जय	द	व	0.500000
जय	द	न	0.375000
जय	न	द	0.500000
जय	व	जय	0.428571
ट	अ	न	0.250000
ट	असल	ल	1.000000
ट	आम	ल	1.000000
ट	आह	त	0.925532
ट	आह	क	0.042553
ट	ईव	ल	1.000000
ट	ऑफ	ट	0.309524
ट	ऑफ	क	0.119048
ट	ऑफ	व	0.119048
ट	ऑफ	ल	0.071429
ट	ऑफ	द	0.071429
ट	ऑफ	ब	0.071429
ट	क	न	0.311943
ट	क	ल	0.229055
ट	क	व	0.092692
ट	क	क	0.086453
ट	क	ट	0.044563
ट	क	आह	0.041889
ट	क	द	0.023173
ट	क	त	0.023173
ट	क	ऊ	0.016934
ट	क	मग	0.016043
ट	क	श	0.015152
ट	क	कर	0.011586
ट	क	पर	0.009804
ट	क	सच	0.006239
ट	क	ब	0.006239
ट	क	एक	0.006239
ट	क	पक	0.006239
ट	क	ख	0.005348
ट	क	आम	0.003565
ट	क	असल	0.002674
ट	क	हल	0.002674
ट	क	इन	0.002674
ट	क	यम	0.002674
ट	क	सर	0.002674
ट	क	पल	0.002674
ट	कम	ट	0.333333
ट	कर	न	0.509434
ट	कर	व	0.169811
ट	कर	त	0.132075
ट	कर	ल	0.056604
ट	कल	ल	0.313433
ट	कल	आह	0.164179
ट	कल	क	0.149254
ट	कल	व	0.089552
ट	कल	न	0.089552
ट	कल	त	0.059701
ट	ख	ल	0.630435
ट	ख	न	0.217391
ट	ख	त	0.086957
ट	गर	ल	0.600000
ट	ट	क	0.143646
ट	ट	व	0.138122
ट	ट	न	0.116022
ट	ट	ल	0.088398
ट	ट	ब	0.082873
ट	ट	रस	0.066298
ट	ट	ट	0.044199
ट	ट	त	0.038674
ट	ट	इन	0.033149
ट	ट	आह	0.027624
ट	ट	द	0.027624
ट	ट	यम	0.027624
ट	ट	श	0.022099
ट	ट	सन	0.016575
ट	ट	सच	0.016575
ट	त	ल	0.340824
ट	त	न	0.149813
ट	त	व	0.086142
ट	त	द	0.078652
ट	त	त	0.074906
ट	त	क	0.056180
ट	त	पद	0.048689
ट	त	ब	0.029963
ट	त	ख	0.029963
ट	त	श	0.014981
ट	त	एक	0.011236
ट	तल	व	0.333333
ट	द	ल	0.422680
ट	द	त	0.252577
ट	द	व	0.118557
ट	द	श	0.077320
ट	द	ख	0.051546
ट	द	न	0.030928
ट	न	त	0.145455
ट	न	व	0.145455
ट	न	क	0.143182
ट	न	न	0.115909
ट	न	ट	0.052273
ट	न	द	0.050000
ट	न	ब	0.047727
ट	न	ल	0.045455
ट	न	श	0.029545
ट	न	ख	0.027273
ट	न	सर	0.025000
ट	न	यम	0.020455
ट	न	एक	0.013636
ट	न	अ	0.006818
ट	न	सच	0.006818
ट	न	कल	0.006818
ट	न	सह	0.006818
ट	पथ	त	1.000000
ट	पद	धत	1.000000
ट	पर	सर	0.571429
ट	पर	क	0.214286
ट	परत	न	1.000000
ट	पल	त	0.300000
ट	ब	त	0.340040
ट	ब	व	0.197183
ट	ब	क	0.136821
ट	ब	ल	0.086519
ट	ब	न	0.060362
ट	ब	द	0.048290
ट	ब	कल	0.022133
ट	ब	ट	0.018109
ट	ब	ब	0.016097
ट	ब	श	0.010060
ट	ब	आह	0.006036
ट	ब	तल	0.006036
ट	ब	धत	0.006036
ट	बल	ट	0.666667
ट	बल	ख	0.111111
ट	बह	मत	0.625000
ट	यम	द	0.428571
ट	रन	ट	0.600000
ट	रस	ट	0.511905
ट	रस	टच	0.202381
ट	रस	त	0.166667
ट	रस	टन	0.059524
ट	रस	व	0.035714
ट	ल	व	0.180628
ट	ल	क	0.180628
ट	ल	ट	0.086387
ट	ल	न	0.081152
ट	ल	ब	0.075916
ट	ल	ख	0.060209
ट	ल	त	0.057592
ट	ल	आह	0.049738
ट	ल	ल	0.039267
ट	ल	द	0.023560
ट	ल	जन	0.015707
ट	ल	श	0.013089
ट	ल	पर	0.010471
ट	ल	सच	0.010471
ट	ल	सर	0.007853
ट	व	ट	0.260870
ट	व	श	0.150502
ट	व	क	0.083612
ट	व	द	0.076923
ट	व	न	0.063545
ट	व	ल	0.053512
ट	व	त	0.046823
ट	व	पर	0.036789
ट	व	जय	0.030100
ट	व	हल	0.023411
ट	व	व	0.023411
ट	व	परत	0.016722
ट	व	जन	0.013378
ट	व	ब	0.010033
ट	व	जल	0.010033
ट	व	हर	0.010033
ट	श	न	0.402597
ट	श	क	0.173160
ट	श	व	0.103896
ट	श	श	0.060606
ट	श	ल	0.060606
ट	श	यम	0.021645
ट	श	ख	0.017316
ट	श	ट	0.017316
ट	श	ब	0.012987
ट	श	अ	0.012987
ट	श	आर	0.012987
ट	शक	ल	0.500000
ट	शक	त	0.500000
ट	शहर	आह	0.571429
ट	शहर	त	0.285714
ट	सब	द	0.625000
ट	सर	व	0.391304
ट	सर	सर	0.173913
ट	सर	क	0.173913
टब	ल	क	0.375000
टब	ल	ख	0.312500
टब	ल	व	0.145833
टब	ल	ल	0.104167
तल	आह	त	0.833333
तल	आह	क	0.111111
तल	क	ल	0.341463
तल	क	त	0.195122
तल	क	व	0.121951
तल	क	क	0.073171
तल	ख	त	1.000000
तल	त	व	0.535714
तल	द	व	0.666667
तल	न	व	0.250000
तल	न	ल	0.187500
तल	पर	त	1.000000
तल	रस	त	1.000000
तल	ल	आह	0.419048
तल	ल	न	0.133333
तल	ल	क	0.123810
तल	ल	द	0.047619
तल	ल	व	0.038095
तल	ल	ब	0.038095
तल	ल	ल	0.038095
तल	व	त	0.408451
तल	व	आह	0.169014
तल	व	न	0.063380
तल	व	व	0.056338
तल	व	क	0.056338
तल	व	ल	0.056338
तल	व	द	0.035211
तल	व	ब	0.028169
तल	व	श	0.028169
तल	व	पर	0.028169
तल	व	ख	0.021127
तल	सर	व	0.894737
थक	आह	त	0.800000
थक	न	त	0.857143
दस	त	व	0.785714
धत	आह	त	0.916667
धत	क	ल	0.800000
धत	त	ल	0.296296
धत	त	व	0.148148
धत	त	क	0.111111
धत	न	व	0.216216
धत	न	त	0.135135
धत	न	ल	0.126126
धत	न	क	0.108108
धत	न	ख	0.063063
धत	न	श	0.063063
धत	न	द	0.054054
धत	न	ब	0.054054
धत	ब	द	0.875000
धत	व	पर	0.388889
धत	व	परत	0.166667
नजर	त	न	1.000000
पद	आह	त	1.000000
पद	क	यम	0.600000
पद	त	न	0.600000
पद	द	ल	0.615385
पद	धत	न	0.517094
पद	धत	आह	0.134615
पद	धत	त	0.102564
पद	धत	व	0.081197
पद	धत	श	0.042735
पद	धत	ल	0.025641
पद	धत	ब	0.021368
पद	धत	क	0.019231
पद	धत	द	0.008547
पद	धत	सर	0.006410
पवन	चक	क	1.000000
पवन	त	ल	1.000000
फल	ट	आह	0.714286
बचत	ख	त	1.000000
बल	क	व	0.428571
बल	ट	न	0.687500
बल	ट	रस	0.250000
बल	त	क	0.568966
बल	त	द	0.344828
बल	द	न	0.903226
बल	न	व	1.000000
बस	त	क	0.333333
बस	त	न	0.285714
बस	त	द	0.142857
बस	द	त	1.000000
बस	न	त	0.250000
बस	न	क	0.166667
बस	न	ब	0.166667
बस	न	व	0.125000
बस	व	ल	0.571429
बह	त	क	0.663912
बह	त	श	0.325069
बह	द	द	0.357143
बह	भर	त	1.000000
बह	मत	न	1.000000
बह	ल	क	0.906250
बह	व	श	0.500000
मन	ई	क	0.555556
मन	ई	आह	0.333333
मन	क	ल	0.350000
मन	क	मन	0.300000
मन	कर	व	0.909091
मन	त	ल	0.373494
मन	त	न	0.156627
मन	त	क	0.096386
मन	त	व	0.060241
मन	त	त	0.060241
मन	त	असल	0.048193
मन	त	ब	0.036145
मन	द	व	0.562500
मन	द	न	0.187500
मन	न	व	0.275000
मन	न	क	0.100000
मन	न	ब	0.075000
मन	न	श	0.075000
मन	न	न	0.075000
मन	न	द	0.075000
मन	न	त	0.075000
मन	ल	क	0.433333
मन	ल	व	0.100000
मन	ल	डर	0.100000
मन	व	त	0.225000
मन	व	क	0.225000
मन	व	श	0.200000
मन	व	न	0.075000
मन	श	त	0.571429
मन	श	ल	0.214286
मन	हर	ल	0.200000
लय	असल	ल	1.000000
लय	आह	त	0.939394
लय	क	ल	0.526316
लय	क	त	0.210526
लय	त	न	0.273723
लय	त	ल	0.244526
लय	त	त	0.083942
लय	त	द	0.062044
लय	त	श	0.062044
लय	त	क	0.058394
लय	त	व	0.043796
लय	त	आह	0.043796
लय	त	मर	0.029197
लय	त	ब	0.014599
लय	द	व	0.450000
लय	द	ख	0.400000
लय	न	श	0.321839
लय	न	द	0.137931
लय	न	न	0.103448
लय	न	व	0.091954
लय	न	क	0.057471
लय	न	त	0.057471
लय	न	एक	0.045977
लय	ल	द	0.250000
लय	ल	त	0.187500
लय	ल	व	0.187500
लय	व	द	0.255319
लय	व	व	0.148936
लय	व	सर	0.148936
लय	व	श	0.063830
लय	व	एक	0.063830
लय	व	क	0.063830
लय	व	न	0.063830
लय	सर	व	1.000000
व	अ	क	0.250000
व	अ	ट	0.125000
व	अ	न	0.125000
व	अ	त	0.125000
व	अ	व	0.093750
व	अ	ब	0.093750
व	अल	क	0.600000
व	असल	ल	1.000000
व	आ	ब	0.730769
व	आ	द	0.192308
व	आज	ब	0.700000
व	आदर	न	0.272727
व	आदर	श	0.272727
व	आदर	त	0.272727
व	आन	द	0.909091
व	आर	द	0.500000
व	आह	त	0.881890
व	आह	क	0.055118
व	आह	व	0.031496
व	इस	ल	0.555556
व	ई	द	0.272727
व	उप	सन	0.714286
व	एक	क	0.153846
व	एक	श	0.115385
व	एक	द	0.096154
व	एक	न	0.076923
व	एक	दर	0.076923
व	एक	ब	0.076923
व	एक	एक	0.057692
व	एक	व	0.057692
व	क	ल	0.335404
व	क	न	0.118012
व	क	व	0.111801
व	क	क	0.078675
व	क	त	0.075569
व	क	द	0.057971
व	क	ट	0.046584
व	क	ब	0.020704
व	क	श	0.020704
व	क	मग	0.018634
व	क	कण	0.010352
व	क	आह	0.009317
व	क	यम	0.009317
व	क	कर	0.005176
व	क	लक	0.005176
व	क	अ	0.004141
व	क	पर	0.004141
व	क	लव	0.004141
व	क	वजन	0.003106
व	क	पद	0.003106
व	क	दर	0.003106
व	क	असल	0.003106
व	क	रस	0.003106
व	क	घटक	0.003106
व	क	सह	0.003106
व	क	मत	0.003106
व	कट	श	0.714286
व	कब	द	1.000000
व	कम	त	0.363636
व	कम	ल	0.136364
व	कर	न	0.587838
व	कर	त	0.094595
व	कर	मच	0.074324
व	कर	व	0.074324
व	कर	ल	0.060811
व	कर	क	0.040541
व	कर	द	0.020270
व	कल	क	0.303030
व	कल	व	0.181818
व	कल	ल	0.151515
व	कश	ल	0.500000
व	कश	त	0.500000
व	ख	ल	0.838863
व	ख	त	0.066351
व	ख	न	0.028436
व	ख	ट	0.018957
व	ख	द	0.014218
व	गर	ब	0.454545
व	गर	द	0.272727
व	घटक	न	0.714286
व	घर	त	0.384615
व	घर	घर	0.307692
व	चक	न	0.579710
व	चक	ल	0.173913
व	चक	आह	0.057971
व	चक	श	0.043478
व	चल	ल	0.387097
व	चल	त	0.387097
व	जय	त	0.333333
व	जय	न	0.182796
व	जय	द	0.107527
व	जय	लक	0.075269
व	जय	क	0.053763
व	जय	व	0.043011
व	जय	ल	0.043011
व	जय	आह	0.032258
व	जल	ल	0.857143
व	ट	न	0.200489
व	ट	ल	0.178484
व	ट	क	0.156479
व	ट	व	0.107579
व	ट	त	0.090465
व	ट	आह	0.088020
व	ट	ब	0.024450
व	ट	द	0.022005
व	ट	ट	0.017115
व	ट	कण	0.014670
व	ट	श	0.012225
व	ट	कर	0.009780
व	ट	पद	0.009780
व	ट	ख	0.009780
व	ट	कल	0.007335
व	ट	आ	0.007335
व	ट	बन	0.007335
व	टच	ल	0.936170
व	त	त	0.302811
व	त	क	0.215010
व	त	ल	0.185453
व	त	न	0.075340
व	त	व	0.038829
व	त	आह	0.024341
व	त	श	0.021443
व	त	द	0.015358
व	त	ब	0.013909
व	त	असल	0.013329
व	त	एक	0.012750
व	त	कम	0.008693
व	त	ख	0.008114
व	त	कर	0.006955
व	त	सर	0.006955
व	त	अ	0.003767
व	त	ट	0.003477
व	त	पर	0.003187
व	त	शक	0.003187
व	त	जन	0.002608
व	त	बल	0.002028
व	त	बह	0.001739
व	त	मर	0.001449
व	त	गर	0.001449
व	त	मत	0.001159
व	त	दर	0.001159
व	त	आर	0.001159
व	त	आन	0.001159
व	त	लक	0.000869
व	त	पक	0.000869
व	तल	व	0.428571
व	द	व	0.155116
व	द	क	0.146535
व	द	ल	0.145875
व	द	त	0.140594
व	द	न	0.109571
व	द	श	0.095710
व	द	यम	0.054785
व	द	द	0.020462
व	द	ख	0.019142
व	द	वन	0.017822
व	द	सर	0.015842
व	द	आह	0.010561
व	द	ब	0.009901
व	द	कर	0.009901
व	द	असल	0.003300
व	द	उन	0.002640
व	द	धत	0.002640
व	द	सह	0.002640
व	द	पर	0.002640
व	द	रस	0.002640
व	द	पद	0.001980
व	द	पक	0.001980
व	द	ट	0.001980
व	दर	व	0.869565
व	दल	त	0.600000
व	दल	ल	0.300000
व	धत	त	0.307692
व	धत	आह	0.230769
व	न	त	0.204669
व	न	द	0.178210
व	न	व	0.111284
व	न	क	0.100389
व	न	न	0.056031
व	न	श	0.052140
व	न	ल	0.045914
व	न	ब	0.028794
व	न	ट	0.028016
व	न	सर	0.022568
व	न	गर	0.018677
व	न	एक	0.012451
व	न	पर	0.010117
व	न	ख	0.010117
व	न	यम	0.008560
व	न	कर	0.007782
व	न	शक	0.006226
व	न	दर	0.005447
व	न	तय	0.003891
व	न	अ	0.003891
व	न	मर	0.003891
व	न	हम	0.003891
व	न	मल	0.003891
व	न	आह	0.003113
व	न	असल	0.003113
व	न	आ	0.002335
व	न	घर	0.002335
व	न	परत	0.002335
व	न	रन	0.002335
व	न	दल	0.002335
व	पद	धत	0.583333
व	पर	क	0.239362
व	पर	न	0.232713
व	पर	कर	0.174202
व	पर	त	0.154255
व	पर	व	0.065160
व	पर	सर	0.030585
व	पर	श	0.021277
व	पर	कम	0.011968
व	पर	ल	0.009309
व	पर	द	0.006649
व	पर	ट	0.006649
व	पर	ख	0.005319
व	पर	पर	0.005319
व	पर	मर	0.005319
व	पर	तल	0.003989
व	परत	त	0.878571
व	परत	न	0.064286
व	परत	आह	0.021429
व	परत	असल	0.021429
व	पल	ल	1.000000
व	फल	द	0.833333
व	ब	द	0.255924
व	ब	ल	0.151659
व	ब	क	0.127962
व	ब	ब	0.118483
व	ब	ट	0.094787
व	ब	दर	0.037915
व	ब	रह	0.028436
व	ब	लक	0.028436
व	ब	सर	0.023697
व	ब	न	0.014218
व	ब	श	0.014218
व	बदल	न	1.000000
व	बल	त	0.500000
व	बह	मत	0.272727
व	बह	ल	0.272727
व	मन	न	0.240000
व	मन	ल	0.160000
व	मन	कर	0.120000
व	मर	न	0.333333
व	रस	त	0.296296
व	रस	ल	0.185185
व	रस	हक	0.148148
व	रस	क	0.074074
व	रस	न	0.061728
व	रस	आह	0.049383
व	रस	द	0.037037
व	रस	व	0.037037
व	रह	त	0.523810
व	रह	व	0.238095
व	रह	न	0.190476
व	ल	न	0.165316
व	ल	क	0.141005
व	ल	यम	0.092382
व	ल	ब	0.082658
व	ल	ख	0.072934
व	ल	व	0.071313
व	ल	ल	0.069692
व	ल	सन	0.047002
व	ल	ट	0.045381
व	ल	द	0.037277
व	ल	त	0.024311
व	ल	कप	0.016207
व	ल	सर	0.012966
व	ल	श	0.012966
व	ल	आह	0.011345
व	ल	कश	0.006483
व	ल	सच	0.006483
व	ल	हम	0.004862
व	ल	एक	0.004862
व	ल	अ	0.004862
व	ल	जन	0.004862
व	ल	बट	0.004862
व	लग	न	1.000000
व	लय	ब	0.166667
व	लय	व	0.166667
व	लय	आह	0.166667
व	लय	ल	0.125000
व	लय	न	0.125000
व	व	द	0.191027
व	व	क	0.185239
व	व	श	0.123010
व	व	त	0.094067
व	व	व	0.091172
व	व	धत	0.052098
व	व	ल	0.044863
व	व	न	0.043415
व	व	पर	0.028944
व	व	ट	0.024602
व	व	दर	0.013025
व	व	जय	0.011577
व	व	ख	0.008683
व	व	सर	0.007236
व	व	आह	0.005789
व	व	कब	0.005789
व	व	कप	0.005789
व	व	चक	0.005789
व	व	रस	0.005789
व	व	आर	0.004342
व	व	ब	0.004342
व	व	चल	0.004342
व	व	हल	0.004342
व	श	व	0.313124
व	श	ल	0.175748
व	श	आह	0.138143
व	श	क	0.126631
व	श	त	0.056792
व	श	वन	0.031466
व	श	ख	0.029931
व	श	द	0.023791
व	श	न	0.021489
व	श	असल	0.016884
व	श	कर	0.014582
व	श	श	0.006140
व	श	ब	0.005372
व	श	ट	0.004605
व	श	पर	0.004605
व	श	तल	0.004605
व	श	सन	0.003070
व	श	वश	0.002302
व	श	मच	0.002302
व	शक	त	0.680000
व	शक	व	0.160000
व	शहर	त	0.470588
व	शहर	आह	0.235294
व	सन	द	0.652174
व	सन	क	0.130435
व	सर	व	0.732955
व	सर	जन	0.107955
व	सर	न	0.102273
व	सर	वश	0.022727
व	सरल	न	0.571429
व	सह	त	0.222222
व	सह	व	0.222222
व	सह	न	0.166667
व	हक	क	0.266667
व	हक	व	0.266667
व	हक	न	0.200000
व	हम	ट	0.769231
व	हर	न	0.222222
व	हर	ट	0.133333
व	हर	द	0.111111
व	हर	क	0.088889
व	हल	ल	0.400000
वजन	क	व	0.347826
वजन	क	क	0.200000
वजन	क	ल	0.086957
वजन	क	ब	0.078261
वजन	क	आर	0.069565
वजन	क	द	0.060870
वजन	क	श	0.026087
वजन	क	रस	0.026087
वजन	कर	त	0.800000
वश	क	ल	0.529412
वश	क	व	0.235294
वश	न	व	0.375000
वश	ब	ल	0.571429
वश	ल	व	0.368421
वश	ल	आह	0.157895
वश	ल	न	0.157895
वश	व	श	0.333333
वश	श	व	0.428571
वश	सर	व	1.000000
वह	द	ल	1.000000
वह	न	न	0.400000
वह	न	त	0.300000
वह	व	ट	0.857143
श	अ	ब	0.333333
श	अ	क	0.333333
श	असल	ल	1.000000
श	आ	ब	1.000000
श	आह	त	0.909091
श	ई	व	0.500000
श	क	ल	0.448598
श	क	व	0.098131
श	क	न	0.096573
श	क	त	0.082555
श	क	क	0.076324
श	क	द	0.028037
श	क	ब	0.024922
श	क	आह	0.024922
श	क	तल	0.014019
श	क	श	0.014019
श	क	शहर	0.010903
श	क	पक	0.007788
श	क	यम	0.006231
श	क	ट	0.006231
श	कर	न	0.448598
श	कर	व	0.177570
श	कर	ल	0.112150
श	कर	द	0.056075
श	कर	त	0.046729
श	कर	क	0.046729
श	कर	श	0.037383
श	कल	ल	0.513514
श	कल	व	0.135135
श	कल	न	0.135135
श	कल	क	0.108108
श	ख	त	0.262887
श	ख	आह	0.201031
श	ख	ल	0.113402
श	ख	न	0.077320
श	ख	व	0.061856
श	ख	श	0.056701
श	ख	ब	0.030928
श	ख	पर	0.030928
श	ख	अब	0.020619
श	ख	द	0.020619
श	ख	क	0.020619
श	जन	क	1.000000
श	जय	त	1.000000
श	ट	कण	0.192308
श	ट	ट	0.173077
श	ट	कल	0.153846
श	ट	व	0.076923
श	ट	क	0.076923
श	ट	ल	0.057692
श	त	ल	0.325337
श	त	क	0.242129
श	त	न	0.094453
श	त	व	0.083958
श	त	त	0.083208
श	त	ब	0.029985
श	त	आह	0.025487
श	त	द	0.022489
श	त	कर	0.014993
श	त	श	0.014243
श	त	असल	0.005997
श	त	ख	0.005247
श	त	मर	0.005247
श	त	सर	0.004498
श	त	एक	0.004498
श	त	पर	0.003748
श	त	अ	0.002249
श	त	बदल	0.002249
श	त	उप	0.002249
श	त	जन	0.002249
श	तक	कर	0.583333
श	तक	व	0.250000
श	तय	द	1.000000
श	तल	व	0.307692
श	तल	द	0.230769
श	द	ल	0.344086
श	द	व	0.166667
श	द	न	0.102151
श	द	त	0.091398
श	द	श	0.059140
श	द	ख	0.059140
श	द	धत	0.043011
श	द	द	0.032258
श	द	ऊ	0.026882
श	द	सर	0.021505
श	दल	त	1.000000
श	धत	न	0.307692
श	धत	आह	0.307692
श	धन	क	0.302083
श	धन	ब	0.177083
श	धन	त	0.163194
श	धन	कर	0.104167
श	धन	व	0.097222
श	धन	न	0.059028
श	धन	ल	0.024306
श	धन	पर	0.020833
श	धन	श	0.010417
श	न	व	0.203774
श	न	क	0.162264
श	न	त	0.150943
श	न	द	0.067925
श	न	न	0.060377
श	न	ल	0.041509
श	न	ब	0.037736
श	न	श	0.033962
श	न	गर	0.030189
श	न	एक	0.030189
श	न	ट	0.015094
श	न	कर	0.015094
श	न	गन	0.011321
श	पद	धत	1.000000
श	पर	क	0.538462
श	ब	द	0.312500
श	ब	त	0.203125
श	ब	ल	0.093750
श	ब	न	0.062500
श	ब	क	0.062500
श	ब	ई	0.062500
श	ब	ट	0.062500
श	ब	व	0.046875
श	बदल	न	0.800000
श	भर	त	0.250000
श	भर	व	0.187500
श	भर	क	0.187500
श	मर	व	0.571429
श	यम	न	0.400000
श	यम	क	0.266667
श	रस	त	0.550000
श	रस	न	0.150000
श	रस	ट	0.150000
श	रह	व	1.000000
श	ल	क	0.256080
श	ल	ल	0.197425
श	ल	त	0.091559
श	ल	व	0.074392
श	ल	लक	0.064378
श	ल	न	0.060086
श	ल	द	0.045780
श	ल	पक	0.045780
श	ल	आह	0.020029
श	ल	ब	0.018598
श	ल	श	0.017167
श	ल	ख	0.015737
श	ल	ट	0.010014
श	ल	ई	0.010014
श	ल	असल	0.007153
श	ल	पर	0.007153
श	ल	एक	0.004292
श	ल	आम	0.004292
श	ल	कर	0.004292
श	लग	न	0.958333
श	व	त	0.162562
श	व	क	0.150246
श	व	व	0.137931
श	व	श	0.098522
श	व	द	0.078818
श	व	न	0.073892
श	व	ल	0.061576
श	व	ट	0.027094
श	व	ब	0.024631
श	व	लय	0.022167
श	व	सर	0.019704
श	व	पर	0.014778
श	व	पद	0.009852
श	व	तल	0.007389
श	व	कर	0.007389
श	व	भर	0.007389
श	व	अ	0.007389
श	वश	कर	0.800000
श	श	न	0.283784
श	श	क	0.094595
श	श	व	0.094595
श	श	सन	0.081081
श	श	ल	0.081081
श	श	त	0.081081
श	श	द	0.067568
श	श	कर	0.040541
श	श	ख	0.040541
श	सन	न	0.615385
श	सन	क	0.076923
श	सन	ल	0.059829
श	सन	त	0.059829
श	सन	व	0.042735
श	सन	श	0.034188
श	सन	पर	0.025641
श	सन	ख	0.025641
श	सर	व	1.000000
श	हर	ख	1.000000
शक	आह	त	1.000000
शक	क	व	0.600000
शक	ख	ल	1.000000
शक	त	श	0.374101
शक	त	व	0.129496
शक	त	न	0.115108
शक	त	क	0.064748
शक	त	आह	0.064748
शक	त	त	0.057554
शक	त	द	0.043165
शक	त	ल	0.035971
शक	त	ब	0.021583
शक	तल	द	0.375000
शक	द	व	0.600000
शक	न	त	0.173913
शक	न	क	0.173913
शक	न	श	0.130435
शक	पद	धत	1.000000
शक	ल	क	0.347826
शक	ल	त	0.304348
शक	ल	न	0.173913
शक	ल	व	0.130435
शक	व	न	0.250000
शक	व	व	0.250000
शक	सर	व	1.000000
सरल	क	त	1.000000
सह	क	ल	0.518519
सह	क	ट	0.111111
सह	कर	न	0.750000
सह	त	त	0.148148
सह	त	क	0.111111
सह	त	सर	0.111111
सह	त	न	0.111111
सह	त	व	0.111111
सह	द	श	0.416667
सह	द	ल	0.333333
सह	न	व	0.272727
सह	ल	क	0.300000
सह	ल	ख	0.300000
सह	व	क	0.250000
सह	व	व	0.250000
सह	सर	व	0.909091
हर	क	न	0.600000
हर	क	ल	0.200000
हर	ख	ख	0.750000
हर	त	क	0.230769
हर	द	व	0.578947
हर	द	न	0.157895
हर	न	क	0.230769
हर	ब	द	0.500000
हर	ल	ल	0.625000
हर	व	द	0.352941
हर	व	त	0.235294
हर	व	श	0.176471
हर	श	ल	0.375000
हर	हर	श	0.727273
