abban	a	pillanatban	0.292683
abban	a	korban	0.097561
abban	a	helyzetben	0.097561
abban	a	formában	0.073171
abban	az	esetben	0.507937
abban	az	időben	0.206349
abban	az	évben	0.158730
abban	az	értelemben	0.047619
abban	biztos	vagyok	1.000000
abban	bízik	hogy	1.000000
abban	bízom	hogy	0.800000
abban	hogy	a	0.352941
abban	hogy	az	0.133690
abban	hogy	meg	0.026738
abban	hogy	egy	0.021390
abban	hogy	még	0.021390
abban	hogy	most	0.016043
abban	hogy	ha	0.016043
abban	hogy	ez	0.016043
abban	hogy	minél	0.016043
abban	is	hogy	0.437500
abban	látja	hogy	0.800000
abból	a	szempontból	0.611111
abból	hogy	az	0.300000
adjuk	meg	a	0.500000
adják	át	a	0.437500
adják	át	az	0.375000
adott	a	lehetőség	0.187500
adott	ahhoz	hogy	1.000000
adott	esetben	nem	0.200000
adott	esetben	az	0.150000
adott	esetben	a	0.150000
adott	hangot	hogy	0.307692
adott	interjút	a	0.571429
adott	ki	az	0.323529
adott	ki	a	0.264706
adott	körülmények	között	1.000000
adott	le	a	0.400000
adott	otthont	a	0.750000
adott	volt	ahhoz	0.500000
adott	választ	a	0.600000
adott	és	a	0.428571
adta	be	a	0.750000
adta	el	az	0.600000
adta	elő	a	0.500000
adta	fel	a	0.583333
adta	ki	magát	0.272727
adta	meg	a	0.700000
adta	át	a	0.666667
adtak	ki	a	0.285714
adtak	ki	az	0.214286
adtak	át	a	0.285714
ahogy	a	korábbi	0.078125
ahogy	a	legtöbb	0.062500
ahogy	arról	a	0.425000
ahogy	arról	korábban	0.300000
ahogy	arról	már	0.075000
ahogy	az	is	0.213115
ahogy	az	a	0.114754
ahogy	az	várható	0.065574
ahogy	az	első	0.049180
ahogy	az	egyik	0.049180
ahogy	az	sem	0.049180
ahogy	azt	a	0.357143
ahogy	azt	az	0.119048
ahogy	azt	már	0.119048
ahogy	azt	sem	0.119048
ahogy	azt	korábban	0.071429
ahogy	ez	a	0.600000
ahogy	kellett	volna	1.000000
ahogy	korábban	már	0.571429
ahogy	lenni	szokott	1.000000
ahogy	mondani	szokás	0.750000
ahogy	telik	az	1.000000
akik	a	helyszínen	0.064935
akik	a	legtöbbet	0.038961
akik	az	orosz	0.096774
akik	az	elmúlt	0.096774
akik	azt	mondják	0.266667
akik	azt	mondták	0.200000
akik	eddig	a	0.300000
akik	esetében	a	0.600000
akik	ezt	a	0.750000
akik	közül	az	0.150000
akik	látták	a	0.600000
akik	még	nem	0.400000
akik	nem	tudják	0.073171
akik	nem	tudnak	0.073171
akik	nem	igazán	0.073171
akik	nem	szeretnének	0.073171
akik	szeretik	a	1.000000
akik	szerint	a	0.238095
akik	szerint	az	0.142857
akik	továbbra	is	1.000000
akik	többek	között	1.000000
aktív	volt	a	0.750000
alakul	a	helyzet	0.272727
alakul	de	a	0.800000
alakul	ki	a	0.437500
alakult	ki	a	0.342105
alakult	ki	az	0.157895
alakult	ki	hogy	0.052632
alakult	ki	egy	0.039474
alakult	ki	és	0.039474
alapján	kiderült	hogy	1.000000
alapján	továbbra	is	1.000000
alapján	úgy	tűnik	0.428571
alkalom	arra	hogy	1.000000
alkalom	hogy	a	0.352941
alkalom	hogy	az	0.235294
alkalom	hogy	egy	0.176471
alá	a	véleményét	0.120000
alá	a	miniszter	0.120000
alá	az	új	0.384615
alá	az	is	0.230769
alá	került	a	0.285714
amelyet	a	magyar	0.106383
amelyet	a	kormány	0.063830
amelyet	a	napokban	0.063830
amelyet	az	európai	0.107143
ami	a	legfontosabb	0.035211
ami	a	világ	0.035211
ami	a	magyar	0.035211
ami	a	es	0.028169
ami	a	mai	0.028169
ami	a	második	0.021127
ami	a	hosszú	0.021127
ami	a	mi	0.021127
ami	a	legjobb	0.021127
ami	a	jövőben	0.021127
ami	arra	utal	0.857143
ami	az	elmúlt	0.115385
ami	az	előző	0.076923
ami	az	európai	0.076923
ami	az	egyik	0.076923
ami	az	eddigi	0.057692
ami	azt	jelenti	0.833333
ami	azt	is	0.050000
ami	aztán	a	0.375000
ami	biztos	hogy	0.500000
ami	egyben	azt	0.666667
ami	egyáltalán	nem	1.000000
ami	egyébként	nem	0.272727
ami	lehetővé	teszi	0.714286
ami	miatt	a	0.295455
ami	miatt	az	0.113636
ami	most	a	0.176471
ami	már	a	0.190476
ami	már	az	0.142857
ami	még	a	0.206897
ami	még	nem	0.137931
ami	nem	is	0.079365
ami	nem	meglepő	0.063492
ami	nem	egyszerű	0.047619
ami	nem	a	0.047619
ami	nem	más	0.047619
ami	nem	csak	0.047619
ami	nem	sok	0.047619
ami	nemcsak	a	0.428571
ami	pedig	a	0.560000
ami	pedig	az	0.240000
ami	persze	nem	0.375000
ami	sok	az	0.600000
ami	több	mint	0.846154
ami	ugyan	nem	0.571429
ami	éves	szinten	0.750000
amíg	az	első	0.272727
amíg	ki	nem	1.000000
amíg	le	nem	1.000000
amíg	meg	nem	1.000000
annak	a	két	0.088889
annak	a	férfinak	0.088889
annak	a	nőnek	0.088889
annak	a	jele	0.088889
annak	aki	nem	0.230769
annak	ellenére	hogy	0.843750
annak	ellenére	is	0.083333
annak	hogy	a	0.389831
annak	hogy	az	0.186441
annak	hogy	egy	0.033898
annak	idején	a	0.210526
annak	idején	az	0.131579
annak	idején	nem	0.078947
annak	is	hogy	0.500000
annak	tudják	be	1.000000
annak	érdekében	hogy	0.969072
annyit	hogy	a	0.500000
annyit	jelent	hogy	0.875000
annyit	lehet	tudni	1.000000
annyit	mondott	hogy	0.529412
annyit	mondott	a	0.176471
annyit	tudunk	hogy	0.750000
anyagi	kár	jelentős	0.428571
arany	ezüst	és	0.444444
arról	a	magyar	0.208333
arról	a	lap	0.125000
arról	a	hírek	0.125000
arról	adott	hírt	0.750000
arról	beszél	hogy	0.700000
arról	beszélt	hogy	0.769231
arról	beszélt	a	0.120879
arról	döntött	hogy	1.000000
arról	egyelőre	nem	0.500000
arról	hogy	a	0.264605
arról	hogy	az	0.137457
arról	hogy	mit	0.037801
arról	hogy	egy	0.037801
arról	hogy	mi	0.037801
arról	hogy	milyen	0.030928
arról	hogy	miként	0.027491
arról	hogy	nem	0.020619
arról	hogy	miért	0.017182
arról	hogy	ez	0.013746
arról	hogy	mikor	0.013746
arról	hogy	ki	0.013746
arról	hogy	már	0.010309
arról	hogy	hogyan	0.010309
arról	hogy	szerinte	0.010309
arról	hogyan	is	0.176471
arról	hogyan	lehet	0.176471
arról	is	beszélt	0.366279
arról	is	hogy	0.354651
arról	is	beszél	0.023256
arról	is	ír	0.017442
arról	is	írt	0.017442
arról	is	mesélt	0.017442
arról	is	szólt	0.017442
arról	korábban	a	0.666667
arról	mi	is	0.250000
arról	mi	történik	0.250000
arról	már	korábban	0.307692
arról	már	nem	0.230769
arról	nem	is	0.400000
arról	nem	beszélve	0.200000
arról	sem	hogy	0.500000
arról	szól	hogy	0.793103
arról	szólnak	hogy	0.666667
arról	szólt	hogy	0.722222
arról	szólt	a	0.222222
arról	szóltak	a	0.625000
arról	szóltak	hogy	0.375000
arról	van	szó	0.916667
arról	viszont	nem	0.600000
arról	volt	szó	1.000000
arról	ír	hogy	1.000000
arról	írt	hogy	0.916667
attól	függ	hogy	0.583333
attól	függetlenül	hogy	0.600000
attól	hogy	a	0.234375
attól	hogy	az	0.093750
attól	hogy	valaki	0.062500
attól	hogy	milyen	0.046875
attól	is	hogy	0.466667
attól	is	függ	0.266667
attól	nem	kell	0.750000
attól	tart	hogy	1.000000
attól	tartanak	hogy	0.846154
azelőtt	hogy	a	0.600000
azokat	a	hangokat	0.133333
azokat	a	döntéseket	0.100000
azokat	akik	a	0.200000
azokat	akik	nem	0.150000
azokat	az	embereket	0.230769
azokat	is	akik	0.750000
azonnal	el	kell	1.000000
azt	a	férfit	0.050459
azt	a	választ	0.050459
azt	a	célt	0.041284
azt	a	kérdést	0.036697
azt	a	bizonyos	0.022936
azt	a	lehetőséget	0.022936
azt	a	éves	0.022936
azt	a	két	0.018349
azt	a	törvényt	0.018349
azt	a	korábbi	0.018349
azt	a	feladatot	0.018349
azt	a	három	0.018349
azt	a	tényt	0.018349
azt	a	játékot	0.013761
azt	akarja	hogy	0.666667
azt	akarjuk	hogy	1.000000
azt	akarják	hogy	0.714286
azt	az	utat	0.094340
azt	az	érzést	0.056604
azt	azonban	nem	0.259259
azt	bizonyítja	hogy	0.888889
azt	csinál	amit	1.000000
azt	egyelőre	nem	0.750000
azt	el	kell	0.428571
azt	gondolja	hogy	0.700000
azt	gondoljuk	hogy	0.500000
azt	gondolják	hogy	0.727273
azt	gondolom	hogy	0.384615
azt	gondolom	ez	0.076923
azt	gondolta	hogy	0.571429
azt	gondoltam	hogy	0.400000
azt	hinni	hogy	0.750000
azt	hiszem	hogy	0.156250
azt	hiszem	a	0.093750
azt	hiszem	ez	0.093750
azt	hiszem	nem	0.093750
azt	hiszi	hogy	0.777778
azt	hiszik	hogy	0.400000
azt	hitte	hogy	0.388889
azt	hitte	a	0.166667
azt	hittem	hogy	0.500000
azt	hitték	hogy	0.363636
azt	hittük	hogy	0.300000
azt	hogy	a	0.277512
azt	hogy	az	0.086124
azt	hogy	ez	0.047847
azt	hogy	nem	0.038278
azt	hogy	egy	0.028708
azt	hogy	mi	0.019139
azt	hogy	ne	0.014354
azt	hogy	milyen	0.014354
azt	hogy	pontosan	0.014354
azt	hogy	minden	0.014354
azt	hozzá	kell	1.000000
azt	igen	hogy	0.750000
azt	is	hogy	0.367542
azt	is	elmondta	0.100239
azt	is	jelenti	0.066826
azt	is	mondta	0.035800
azt	is	figyelembe	0.021480
azt	is	írta	0.019093
azt	is	tudni	0.016706
azt	is	állította	0.016706
azt	is	a	0.016706
azt	is	el	0.014320
azt	is	meg	0.011933
azt	is	csak	0.009547
azt	is	fontos	0.009547
azt	is	jelentette	0.007160
azt	is	látjuk	0.007160
azt	is	írja	0.007160
azt	is	tudja	0.007160
azt	is	tudjuk	0.007160
azt	is	az	0.007160
azt	is	miért	0.007160
azt	is	érdemes	0.007160
azt	is	tudom	0.007160
azt	is	állítja	0.007160
azt	jelentette	hogy	0.916667
azt	jelenti	hogy	0.960000
azt	kérdezte	a	0.250000
azt	kéri	hogy	0.285714
azt	kéri	a	0.285714
azt	kérte	hogy	0.461538
azt	kérte	a	0.269231
azt	kívánom	hogy	0.500000
azt	követően	hogy	0.382979
azt	követően	került	0.063830
azt	követően	is	0.063830
azt	követően	kereste	0.063830
azt	lehet	mondani	0.428571
azt	látja	hogy	0.750000
azt	látjuk	hogy	0.700000
azt	látni	hogy	0.800000
azt	látom	hogy	0.625000
azt	látta	hogy	0.857143
azt	láttuk	hogy	0.833333
azt	mondani	hogy	0.692308
azt	mondaná	hogy	0.750000
azt	mondanám	hogy	0.888889
azt	mondhatjuk	hogy	0.600000
azt	mondhatom	hogy	1.000000
azt	mondja	hogy	0.315789
azt	mondja	a	0.118421
azt	mondja	az	0.065789
azt	mondja	nem	0.052632
azt	mondjuk	hogy	0.500000
azt	mondják	hogy	0.282051
azt	mondják	az	0.102564
azt	mondják	nem	0.076923
azt	mondom	hogy	0.642857
azt	mondta	hogy	0.344227
azt	mondta	a	0.178649
azt	mondta	az	0.058824
azt	mondta	nem	0.037037
azt	mondta	neki	0.021786
azt	mondta	ha	0.017429
azt	mondta	ez	0.013072
azt	mondta	úgy	0.008715
azt	mondta	ő	0.008715
azt	mondta	itt	0.006536
azt	mondta	egy	0.006536
azt	mondta	már	0.006536
azt	mondta	jól	0.006536
azt	mondta	nekem	0.006536
azt	mondta	csak	0.006536
azt	mondtuk	hogy	0.600000
azt	mondták	hogy	0.379310
azt	mondták	a	0.206897
azt	mondták	neki	0.120690
azt	mondták	nagyon	0.051724
azt	mondták	úgy	0.051724
azt	mutatja	hogy	0.781250
azt	mutatta	hogy	0.714286
azt	már	nem	0.178571
azt	már	a	0.107143
azt	már	most	0.107143
azt	még	nem	0.692308
azt	nem	tudni	0.184615
azt	nem	lehet	0.107692
azt	nem	tudjuk	0.092308
azt	nem	tudom	0.046154
azt	nem	tudta	0.046154
azt	persze	nem	0.666667
azt	sem	hogy	0.173077
azt	sem	tudtam	0.096154
azt	sem	tudjuk	0.076923
azt	sem	tudják	0.076923
azt	sem	tudta	0.076923
azt	sem	tudni	0.057692
azt	szeretné	ha	0.666667
azt	szeretné	hogy	0.200000
azt	szeretnék	hogy	0.466667
azt	szeretnék	ha	0.400000
azt	szeretném	hogy	0.500000
azt	szeretnénk	ha	0.500000
azt	szeretnénk	hogy	0.500000
azt	szerette	volna	1.000000
azt	szokták	mondani	1.000000
azt	találta	hogy	1.000000
azt	tervezte	hogy	1.000000
azt	tudjuk	hogy	1.000000
azt	tudom	hogy	0.714286
azt	veszem	észre	1.000000
azt	vettem	észre	1.000000
azt	viszont	nem	0.318182
azt	várják	hogy	0.750000
azt	állítani	hogy	0.750000
azt	állítja	hogy	0.622642
azt	állítja	nem	0.113208
azt	állítja	a	0.056604
azt	állítják	hogy	0.833333
azt	állította	hogy	0.781609
azt	állította	a	0.045977
azt	állította	az	0.034483
azt	éreztem	hogy	0.769231
azt	értem	hogy	1.000000
azt	írja	hogy	0.405405
azt	írja	az	0.189189
azt	írja	a	0.135135
azt	írják	a	0.428571
azt	írta	hogy	0.468468
azt	írta	a	0.252252
azt	írta	az	0.054054
azt	írták	a	0.413793
azt	írták	hogy	0.258621
azt	írták	az	0.155172
aztán	jött	a	0.750000
aztán	kiderült	hogy	0.714286
aztán	már	csak	0.428571
aztán	ott	van	0.600000
azzal	hogy	a	0.317073
azzal	hogy	az	0.105691
azzal	hogy	nem	0.048780
azzal	hogy	mi	0.032520
azzal	hogy	egy	0.024390
azzal	is	hogy	0.437500
azzal	is	tisztában	0.250000
azzal	jár	hogy	1.000000
azzal	kapcsolatban	hogy	0.607143
azzal	kapcsolatban	is	0.142857
azzal	kapcsolatban	mi	0.107143
azzal	került	be	0.500000
azzal	kezdte	hogy	0.750000
azzal	kezdődött	hogy	1.000000
azóta	hogy	a	0.277778
azóta	hogy	az	0.222222
azóta	is	a	0.080000
azóta	is	az	0.060000
azóta	ismeretlen	helyen	1.000000
azóta	már	több	0.272727
balesetet	szenvedett	a	0.500000
betegség	miatt	nem	0.400000
bizonyos	hogy	a	0.333333
bizonyíték	arra	hogy	1.000000
bizottság	elnöke	a	0.291667
bizottság	és	a	0.777778
biztonsági	szolgálat	az	0.500000
brit	védelmi	minisztérium	0.538462
brit	védelmi	miniszter	0.461538
brit	és	a	0.600000
bíróság	elé	kell	0.250000
bíróság	elé	kerül	0.150000
bíróság	szerint	a	0.375000
családban	nőtt	fel	1.000000
cukor	és	a	0.750000
cég	az	első	0.428571
cég	és	a	0.600000
cél	az	hogy	0.777778
cél	hogy	a	0.583333
cél	pedig	az	1.000000
dolgozik	azon	hogy	1.000000
dolgozik	hogy	a	0.428571
dolgoznak	a	helyszínen	0.428571
dolgoznak	azon	hogy	1.000000
dolgoznak	hogy	a	0.428571
dolgozunk	hogy	a	0.428571
dollár	és	az	1.000000
dollárt	tett	ki	1.000000
döntött	a	kormány	0.333333
döntött	arról	hogy	1.000000
döntött	az	ügyben	0.400000
döntött	hogy	a	0.190476
döntött	hogy	az	0.119048
döntött	hogy	nem	0.071429
döntött	úgy	hogy	0.636364
döntött	úgy	a	0.181818
döntött	úgy	az	0.136364
ebbe	a	körbe	0.166667
ebbe	a	sorba	0.166667
ebbe	az	irányba	0.750000
eddig	csak	a	0.470588
eddig	is	a	0.184211
eddig	is	és	0.078947
eddig	most	is	1.000000
eddig	még	nem	0.680000
eddig	nem	volt	0.119048
eddig	nem	sok	0.071429
eddig	sem	volt	0.500000
eddig	több	mint	0.842105
egyértelműen	látszik	hogy	0.750000
egész	évben	a	0.150000
eleget	tett	a	0.800000
elhagyta	a	helyszínt	0.300000
elhagyta	az	országot	0.571429
elkövetett	hivatalos	személy	1.000000
ellenére	hogy	a	0.369863
ellenére	hogy	az	0.178082
ellenére	is	hogy	0.184211
ellenére	sem	tudták	0.120000
ellenére	továbbra	is	1.000000
elnöki	iroda	vezetője	1.000000
előre	hogy	a	0.333333
előre	nem	látható	0.777778
előre	és	a	0.571429
előző	cikk	a	1.000000
előző	este	hat	0.300000
előző	év	azonos	0.901961
előző	évi	milliárd	0.285714
előző	évi	átlagos	0.190476
emellett	az	elmúlt	0.300000
emellett	azt	is	0.857143
emellett	pedig	a	0.416667
emiatt	pedig	a	0.428571
emlékeztek	meg	az	0.571429
energia	és	a	0.375000
energia	és	az	0.375000
ennek	a	két	0.090909
ennek	az	az	0.257143
ennek	az	oka	0.142857
ennek	az	egyik	0.114286
ennek	az	is	0.085714
ennek	csak	a	0.800000
ennek	egyik	oka	0.666667
ennek	ellenére	a	0.289256
ennek	ellenére	az	0.107438
ennek	ellenére	nem	0.099174
ennek	ellenére	is	0.041322
ennek	ellenére	nagyon	0.024793
ennek	fő	oka	1.000000
ennek	köszönhetően	a	0.346154
ennek	köszönhetően	az	0.153846
ennek	megfelelően	a	0.185185
ennek	megfelelően	az	0.148148
ennek	most	vége	0.428571
ennek	nem	volt	0.250000
ennek	oka	hogy	0.370370
ennek	oka	az	0.222222
ennek	oka	lehet	0.185185
ennek	okát	a	0.750000
ennek	több	mint	0.750000
ennek	érdekében	a	0.321429
ennek	érdekében	az	0.107143
eredményeket	ért	el	1.000000
eredményeket	értek	el	1.000000
eredményt	ért	el	0.833333
erről	beszélni	mert	0.375000
erről	beszélni	de	0.375000
erről	beszélt	a	0.750000
erről	lesz	szó	1.000000
erről	még	nem	1.000000
erről	van	szó	1.000000
erős	volt	a	0.800000
erősebben	a	dollárral	0.666667
erőt	ad	a	0.375000
esetre	ha	a	0.571429
esetében	ez	a	0.545455
esetében	is	meg	0.130435
esetében	pedig	az	0.300000
fejét	és	a	0.600000
fel	a	figyelmet	0.377709
fel	a	kapcsolatot	0.027864
fel	a	harcot	0.021672
fel	a	kérdés	0.021672
fel	a	telefont	0.018576
fel	a	kérdést	0.015480
fel	a	magyar	0.012384
fel	a	napokban	0.009288
fel	a	es	0.009288
fel	a	város	0.009288
fel	a	reményt	0.009288
fel	ahol	a	0.600000
fel	amikor	a	0.428571
fel	az	orosz	0.061856
fel	az	elmúlt	0.051546
fel	az	európai	0.051546
fel	az	utolsó	0.041237
fel	az	amerikai	0.030928
fel	az	első	0.030928
fel	az	új	0.030928
fel	először	a	0.500000
fel	ezt	a	0.750000
fel	hogy	a	0.333333
fel	hogy	ez	0.079365
fel	hogy	az	0.063492
fel	lehet	tölteni	0.214286
fel	magára	a	0.800000
fel	mint	a	0.500000
fel	rá	a	0.857143
fel	tudtunk	állni	0.800000
fel	vele	a	1.000000
fel	és	a	0.241379
fel	és	minden	0.103448
feladat	hogy	a	0.428571
felel	meg	a	0.517241
felel	meg	az	0.103448
felesége	valamint	a	1.000000
felett	van	a	0.500000
felhívni	a	figyelmet	0.692308
feltétlenül	van	így	0.750000
felül	a	es	0.500000
fenn	kell	tartani	1.000000
fest	hogy	az	0.500000
fia	és	a	1.000000
fiatal	vesz	részt	1.000000
film	és	a	0.800000
fogadott	el	az	0.333333
fogadott	el	a	0.166667
fogadta	el	a	0.526316
fogadta	el	az	0.263158
folyamatosan	csökken	a	0.428571
folyamatosan	nő	a	0.461538
folyamatosan	nő	az	0.230769
folytatjuk	a	munkát	0.500000
folytatni	a	munkát	0.333333
fontos	a	jó	0.088235
fontos	a	megfelelő	0.088235
fontos	az	hogy	0.217391
fontos	az	is	0.173913
fontos	hogy	a	0.304000
fontos	hogy	az	0.112000
fontos	hogy	legyen	0.040000
fontos	hogy	ne	0.040000
fontos	hogy	egy	0.032000
fontos	hogy	minél	0.032000
fontos	hogy	már	0.024000
fontos	kérdés	hogy	0.500000
fontos	lenne	a	0.454545
fontos	lenne	hogy	0.272727
fontos	mert	a	0.500000
fontos	mint	a	0.666667
fontos	része	a	0.428571
fontos	része	az	0.357143
fontos	szerepet	játszik	0.333333
fontos	szerepet	játszanak	0.238095
fontos	szerepet	tölt	0.142857
fontos	tudni	hogy	0.571429
fontos	volt	hogy	0.450000
fontos	volt	a	0.150000
fontos	volt	számára	0.150000
fontos	érdekes	rendőrségi	1.000000
fotó	is	készült	0.666667
francia	a	brit	0.750000
francia	és	a	0.375000
friss	kutatás	szerint	0.600000
férfi	a	helyszínen	0.173913
férfi	aki	a	0.136364
férfi	azt	mondta	0.444444
férfi	ellen	a	0.250000
férfi	elmondta	a	0.750000
férfi	és	egy	0.312500
férfi	és	a	0.187500
férfi	és	nő	0.156250
férfi	és	női	0.093750
férfi	éves	volt	0.750000
függetlenül	attól	hogy	0.882353
fő	a	civil	0.500000
fő	célja	a	0.384615
fő	célja	hogy	0.307692
fő	lépett	be	1.000000
fő	oka	hogy	0.533333
fő	oka	a	0.200000
gazdasági	helyzet	ellenére	0.230769
gazdasági	és	politikai	0.321429
gazdasági	és	társadalmi	0.178571
gazdasági	és	katonai	0.107143
gazdasági	és	pénzügyi	0.107143
gyakorlatilag	az	egész	0.428571
ha	a	kormány	0.044554
ha	a	magyar	0.029703
ha	a	saját	0.024752
ha	a	helyzet	0.019802
ha	a	bíróság	0.019802
ha	a	helyi	0.014851
ha	a	világ	0.014851
ha	a	másik	0.014851
ha	az	ember	0.103774
ha	az	orosz	0.047170
ha	az	állam	0.037736
ha	az	embernek	0.037736
ha	az	egyik	0.028302
ha	az	adott	0.028302
ha	az	ő	0.028302
ha	az	új	0.028302
ha	az	egész	0.028302
ha	azonban	a	0.400000
ha	azt	a	0.111111
ha	azt	mondjuk	0.111111
ha	azt	mondanám	0.111111
ha	azt	mondom	0.083333
ha	csak	a	0.321429
ha	csak	nem	0.142857
ha	eddig	nem	0.428571
ha	egy	kicsit	0.062500
ha	egy	vállalat	0.037500
ha	erre	nincs	0.375000
ha	ez	nem	0.240506
ha	ez	a	0.227848
ha	ez	az	0.113924
ha	ez	így	0.063291
ha	ezek	a	0.500000
ha	ezt	a	0.384615
ha	ezt	nem	0.192308
ha	igen	akkor	0.294118
ha	igen	mikor	0.176471
ha	jól	tudom	0.266667
ha	jól	emlékszem	0.200000
ha	kell	a	0.444444
ha	kíváncsi	vagy	1.000000
ha	lehet	hinni	0.400000
ha	megnézzük	a	0.600000
ha	minden	jól	0.434783
ha	minden	igaz	0.173913
ha	minél	több	0.375000
ha	most	nem	0.250000
ha	már	itt	0.117647
ha	már	az	0.098039
ha	már	ott	0.078431
ha	már	a	0.058824
ha	még	nem	0.176471
ha	nem	is	0.140704
ha	nem	a	0.065327
ha	nem	sikerül	0.035176
ha	nem	lesz	0.035176
ha	nem	akkor	0.025126
ha	nem	így	0.025126
ha	nem	az	0.020101
ha	nem	akar	0.020101
ha	nem	történik	0.015075
ha	nem	lenne	0.015075
ha	nincs	más	0.115385
ha	pedig	a	0.121951
ha	pedig	mégsem	0.073171
ha	pedig	ez	0.073171
ha	tudjuk	hogy	0.500000
ha	ugyanis	a	0.333333
ha	valaki	nem	0.154762
ha	valaki	a	0.130952
ha	valaki	csak	0.047619
ha	valami	nem	0.176471
ha	van	egy	0.219512
ha	van	rá	0.073171
ha	van	is	0.073171
ha	úgy	tetszik	0.160000
ha	úgy	érezzük	0.120000
ha	ő	nem	0.250000
hagyjon	fel	a	0.750000
hagyták	el	a	0.750000
halad	a	forgalom	0.700000
haltak	meg	a	0.285714
halála	után	is	0.250000
hamarabb	el	is	0.750000
hanem	a	magyar	0.039604
hanem	a	nemzetközi	0.029703
hanem	a	többi	0.029703
hanem	a	helyi	0.029703
hanem	a	nyugat	0.029703
hanem	arról	hogy	0.428571
hanem	arról	is	0.428571
hanem	az	hogy	0.180723
hanem	az	egész	0.108434
hanem	az	a	0.048193
hanem	az	európai	0.036145
hanem	az	élet	0.036145
hanem	az	is	0.036145
hanem	azok	is	0.600000
hanem	azt	hogy	0.777778
hanem	azért	mert	0.642857
hanem	csak	a	0.384615
hanem	meg	is	0.800000
hanem	sokkal	inkább	0.800000
hat	év	után	0.700000
hat	évvel	ezelőtt	1.000000
határon	innen	és	1.000000
hatása	is	lehet	0.375000
hatása	van	a	0.600000
helyet	kapott	a	0.428571
helyet	szerezte	meg	1.000000
helyett	inkább	a	0.333333
helyszínen	több	mint	1.000000
helyszínen	életét	vesztette	1.000000
helyzet	alakult	ki	1.000000
helyzet	az	hogy	0.375000
helyzet	ellenére	is	1.000000
helyzet	mint	a	0.600000
helyzet	továbbra	is	1.000000
hiába	kért	időt	0.750000
hogy	a	magyar	0.052491
hogy	a	kormány	0.029804
hogy	a	következő	0.015125
hogy	a	férfi	0.013790
hogy	a	világ	0.012900
hogy	a	két	0.012011
hogy	a	háború	0.012011
hogy	a	lehető	0.011566
hogy	a	jövőben	0.010676
hogy	a	jelenlegi	0.009342
hogy	a	cég	0.009342
hogy	a	játék	0.008897
hogy	a	gyerekek	0.008452
hogy	a	nagy	0.008452
hogy	a	korábbi	0.008007
hogy	a	nemzetközi	0.007562
hogy	a	saját	0.007562
hogy	a	jövő	0.007562
hogy	a	város	0.007562
hogy	a	éves	0.007562
hogy	a	es	0.007117
hogy	a	vállalat	0.006673
hogy	a	mostani	0.006228
hogy	a	helyszínen	0.005783
hogy	a	rendőrség	0.005783
hogy	a	nyugat	0.005783
hogy	a	legtöbb	0.005783
hogy	a	helyi	0.005338
hogy	a	múlt	0.005338
hogy	a	másik	0.005338
hogy	addig	nem	0.333333
hogy	adják	át	0.600000
hogy	adott	esetben	0.500000
hogy	ahhoz	hogy	0.444444
hogy	aki	bármilyen	0.120000
hogy	aki	teheti	0.120000
hogy	aki	a	0.120000
hogy	akkor	is	0.148148
hogy	akkor	sem	0.148148
hogy	akkor	most	0.111111
hogy	akár	a	0.157895
hogy	akár	az	0.157895
hogy	amennyiben	a	0.384615
hogy	amikor	a	0.321429
hogy	amikor	az	0.107143
hogy	amit	a	0.388889
hogy	amíg	a	0.363636
hogy	annak	a	0.230769
hogy	az	orosz	0.063200
hogy	az	európai	0.056000
hogy	az	elmúlt	0.040000
hogy	az	új	0.035200
hogy	az	egyesült	0.030400
hogy	az	első	0.028800
hogy	az	ország	0.028000
hogy	az	amerikai	0.024000
hogy	az	emberek	0.024000
hogy	az	a	0.022400
hogy	az	adott	0.019200
hogy	az	egyik	0.019200
hogy	az	év	0.017600
hogy	az	utóbbi	0.014400
hogy	az	ember	0.014400
hogy	az	egész	0.012800
hogy	az	állam	0.012000
hogy	az	érintett	0.012000
hogy	az	ő	0.012000
hogy	az	egykori	0.011200
hogy	az	oroszok	0.010400
hogy	az	eddigi	0.008000
hogy	az	orvosok	0.008000
hogy	az	idén	0.007200
hogy	az	utolsó	0.006400
hogy	az	egyes	0.006400
hogy	az	összes	0.006400
hogy	az	állami	0.006400
hogy	az	usa	0.006400
hogy	az	előző	0.006400
hogy	azok	a	0.333333
hogy	azok	akik	0.142857
hogy	azokat	a	0.375000
hogy	azon	a	0.555556
hogy	azt	a	0.121951
hogy	azt	nem	0.073171
hogy	azt	az	0.073171
hogy	aztán	a	0.277778
hogy	azért	mert	0.200000
hogy	azóta	is	0.428571
hogy	baj	van	0.600000
hogy	ban	a	0.235294
hogy	ben	a	0.212121
hogy	ben	már	0.090909
hogy	ben	is	0.090909
hogy	bár	a	0.333333
hogy	bár	az	0.230769
hogy	bárki	is	0.750000
hogy	csak	a	0.215190
hogy	csak	az	0.126582
hogy	csak	egy	0.050633
hogy	csak	olyan	0.037975
hogy	csupán	egy	0.600000
hogy	ebben	a	0.447368
hogy	ebben	az	0.289474
hogy	ebből	a	0.400000
hogy	ebből	az	0.300000
hogy	eddig	a	0.250000
hogy	egy	ilyen	0.077882
hogy	egy	olyan	0.031153
hogy	egy	másik	0.031153
hogy	egy	egy	0.028037
hogy	egy	új	0.024922
hogy	egy	kis	0.021807
hogy	egy	férfi	0.018692
hogy	egy	nő	0.018692
hogy	egy	adott	0.015576
hogy	egy	nagyon	0.015576
hogy	egy	két	0.012461
hogy	egy	napon	0.012461
hogy	egy	éve	0.012461
hogy	egy	jó	0.012461
hogy	egy	éves	0.012461
hogy	egy	kisebb	0.009346
hogy	egy	bizonyos	0.009346
hogy	egy	állami	0.009346
hogy	egy	volt	0.009346
hogy	egy	ország	0.009346
hogy	egy	a	0.009346
hogy	egy	több	0.009346
hogy	egy	párt	0.009346
hogy	egy	időre	0.009346
hogy	egy	fiatal	0.009346
hogy	egy	nagy	0.009346
hogy	egyre	többen	0.264706
hogy	egyre	több	0.205882
hogy	egyre	jobban	0.147059
hogy	egyre	nagyobb	0.117647
hogy	egyszer	majd	0.285714
hogy	egyszerűen	nem	0.750000
hogy	egyáltalán	nem	0.312500
hogy	el	kell	0.222222
hogy	el	is	0.148148
hogy	el	tudják	0.111111
hogy	elfogadja	e	0.600000
hogy	elindult	a	0.750000
hogy	eltűnt	a	1.000000
hogy	előbb	utóbb	1.000000
hogy	előző	este	0.428571
hogy	emellett	a	1.000000
hogy	ennek	a	0.344828
hogy	ennek	az	0.172414
hogy	ennek	mi	0.103448
hogy	erre	a	0.411765
hogy	ez	a	0.262735
hogy	ez	az	0.136729
hogy	ez	egy	0.104558
hogy	ez	nem	0.067024
hogy	ez	csak	0.021448
hogy	ez	már	0.018767
hogy	ez	így	0.018767
hogy	ez	pontosan	0.013405
hogy	ez	lesz	0.013405
hogy	ez	mennyire	0.010724
hogy	ez	még	0.010724
hogy	ez	volt	0.008043
hogy	ez	csupán	0.008043
hogy	ez	komoly	0.008043
hogy	ez	mekkora	0.008043
hogy	ez	mire	0.008043
hogy	ezek	a	0.531250
hogy	ezek	az	0.140625
hogy	ezek	után	0.046875
hogy	ezek	nem	0.046875
hogy	ezekben	az	0.800000
hogy	ezeken	a	1.000000
hogy	ezeket	a	0.555556
hogy	ezeket	az	0.185185
hogy	ezen	a	0.750000
hogy	ezt	a	0.443299
hogy	ezt	az	0.123711
hogy	ezt	nem	0.061856
hogy	ezt	már	0.030928
hogy	ezt	követően	0.030928
hogy	ezzel	is	0.230769
hogy	ezzel	a	0.230769
hogy	ezúttal	is	0.272727
hogy	folytatja	a	1.000000
hogy	fontos	a	0.454545
hogy	ha	a	0.225806
hogy	ha	az	0.064516
hogy	ha	nem	0.056452
hogy	ha	valaki	0.048387
hogy	ha	egy	0.032258
hogy	ha	meg	0.024194
hogy	ha	ez	0.024194
hogy	ha	mégis	0.024194
hogy	hagyjon	fel	1.000000
hogy	hogy	nem	0.600000
hogy	hogyan	lehet	0.120000
hogy	idén	is	0.142857
hogy	idén	már	0.114286
hogy	idén	a	0.085714
hogy	ilyen	esetben	0.166667
hogy	inkább	az	0.555556
hogy	inkább	a	0.333333
hogy	ismét	a	0.214286
hogy	itt	a	0.150943
hogy	itt	nem	0.094340
hogy	itt	az	0.094340
hogy	itt	is	0.075472
hogy	itt	van	0.056604
hogy	jobb	ha	0.285714
hogy	jobb	legyen	0.214286
hogy	jó	ötlet	0.111111
hogy	jövő	év	0.500000
hogy	jövőre	már	0.176471
hogy	ki	a	0.081395
hogy	ki	milyen	0.081395
hogy	ki	kell	0.046512
hogy	ki	tudják	0.046512
hogy	ki	ő	0.034884
hogy	ki	lesz	0.034884
hogy	ki	tudja	0.034884
hogy	ki	mit	0.034884
hogy	kik	a	0.214286
hogy	készen	áll	0.500000
hogy	két	hónap	0.103448
hogy	közben	a	0.187500
hogy	legalább	a	0.190476
hogy	legalább	az	0.190476
hogy	legalább	egy	0.142857
hogy	legyen	egy	0.147059
hogy	legyen	elég	0.088235
hogy	lehet	e	0.333333
hogy	lesz	e	0.235294
hogy	lesz	egy	0.176471
hogy	ma	már	0.222222
hogy	maga	a	0.454545
hogy	maga	az	0.363636
hogy	majd	a	0.636364
hogy	meg	kell	0.220000
hogy	meg	fog	0.080000
hogy	meg	van	0.060000
hogy	meg	tudjuk	0.060000
hogy	meg	kellett	0.060000
hogy	meg	tudja	0.060000
hogy	megtalálják	a	0.625000
hogy	mekkora	a	0.454545
hogy	melyik	csapat	0.240000
hogy	melyik	országban	0.120000
hogy	mennyire	fontos	0.170732
hogy	mi	a	0.160622
hogy	mi	lesz	0.108808
hogy	mi	történt	0.103627
hogy	mi	az	0.088083
hogy	mi	is	0.082902
hogy	mi	történik	0.056995
hogy	mi	van	0.041451
hogy	mi	volt	0.025907
hogy	mi	ennek	0.020725
hogy	mi	fog	0.020725
hogy	mi	nem	0.015544
hogy	mi	vezetett	0.015544
hogy	mikor	és	0.095238
hogy	mikor	lesz	0.095238
hogy	mikor	volt	0.071429
hogy	mikor	érkezik	0.071429
hogy	miként	lehetne	0.172414
hogy	miként	alakul	0.103448
hogy	miként	lehet	0.103448
hogy	miközben	a	0.428571
hogy	miközben	az	0.214286
hogy	milyen	jó	0.051282
hogy	milyen	az	0.051282
hogy	milyen	körülmények	0.034188
hogy	milyen	szerepet	0.025641
hogy	milyen	volt	0.025641
hogy	milyen	nehéz	0.025641
hogy	milyen	nagy	0.025641
hogy	milyen	a	0.025641
hogy	milyen	lesz	0.025641
hogy	milyen	módon	0.025641
hogy	milyen	is	0.025641
hogy	mind	a	0.400000
hogy	minden	rendben	0.109756
hogy	minden	egyes	0.073171
hogy	minden	évben	0.060976
hogy	minden	nap	0.060976
hogy	minden	olyan	0.036585
hogy	minden	a	0.036585
hogy	mindenki	a	0.173913
hogy	mindenki	azt	0.130435
hogy	mindig	a	0.166667
hogy	mint	minden	0.400000
hogy	minél	több	0.419355
hogy	minél	jobban	0.080645
hogy	minél	előbb	0.080645
hogy	minél	többen	0.064516
hogy	minél	többet	0.048387
hogy	minél	inkább	0.048387
hogy	minél	hamarabb	0.048387
hogy	mire	a	0.190476
hogy	mit	jelent	0.127660
hogy	mit	is	0.095745
hogy	mit	gondol	0.053191
hogy	mit	kell	0.042553
hogy	mit	tett	0.031915
hogy	mivel	a	0.307692
hogy	miért	nem	0.261364
hogy	miért	is	0.045455
hogy	miért	pont	0.045455
hogy	miért	éppen	0.034091
hogy	miért	van	0.034091
hogy	most	már	0.203704
hogy	most	is	0.074074
hogy	május	én	0.500000
hogy	már	a	0.262136
hogy	már	nem	0.126214
hogy	már	az	0.048544
hogy	már	egy	0.048544
hogy	már	több	0.038835
hogy	már	nincs	0.038835
hogy	már	csak	0.029126
hogy	mások	is	0.444444
hogy	még	a	0.181818
hogy	még	mindig	0.109091
hogy	még	az	0.072727
hogy	még	több	0.063636
hogy	még	egy	0.054545
hogy	még	nem	0.036364
hogy	még	ebben	0.036364
hogy	még	csak	0.027273
hogy	mégis	mi	0.300000
hogy	míg	a	0.526316
hogy	nagy	az	0.157895
hogy	nagy	a	0.157895
hogy	nagyon	sok	0.094340
hogy	nagyon	sajnálom	0.056604
hogy	nagyon	sokan	0.056604
hogy	nagyon	nehéz	0.056604
hogy	nagyon	jó	0.056604
hogy	ne	legyen	0.159664
hogy	ne	csak	0.084034
hogy	ne	maradjon	0.025210
hogy	ne	történjen	0.025210
hogy	ne	tegyék	0.025210
hogy	ne	csupán	0.025210
hogy	ne	a	0.025210
hogy	ne	legyenek	0.025210
hogy	nem	a	0.052980
hogy	nem	lehet	0.041943
hogy	nem	is	0.039735
hogy	nem	volt	0.035320
hogy	nem	lesz	0.030905
hogy	nem	csak	0.030905
hogy	nem	kell	0.026490
hogy	nem	az	0.024283
hogy	nem	szabad	0.022075
hogy	nem	ez	0.017660
hogy	nem	történt	0.017660
hogy	nem	egy	0.015453
hogy	nem	minden	0.015453
hogy	nem	tudja	0.015453
hogy	nem	tudnak	0.013245
hogy	nem	csupán	0.013245
hogy	nem	feltétlenül	0.008830
hogy	nem	akart	0.008830
hogy	nem	tud	0.008830
hogy	nem	elég	0.008830
hogy	nem	ő	0.008830
hogy	nem	voltak	0.008830
hogy	nem	lehetett	0.006623
hogy	nem	kíván	0.006623
hogy	nem	fog	0.006623
hogy	nem	sokkal	0.006623
hogy	nem	tudják	0.006623
hogy	nem	vagyok	0.006623
hogy	nem	sikerült	0.006623
hogy	nem	tudunk	0.006623
hogy	nemcsak	az	0.300000
hogy	nemcsak	a	0.300000
hogy	néhány	nap	0.176471
hogy	október	én	0.750000
hogy	pontosan	mi	0.216216
hogy	pontosan	milyen	0.135135
hogy	pontosan	hol	0.108108
hogy	pontosan	mit	0.108108
hogy	pontosan	mikor	0.081081
hogy	például	a	0.416667
hogy	részt	vegyen	0.625000
hogy	részt	vett	0.187500
hogy	segítsen	a	0.555556
hogy	segítsenek	a	0.538462
hogy	segítsenek	az	0.230769
hogy	sem	a	0.600000
hogy	semmit	nem	1.000000
hogy	senki	nem	0.375000
hogy	senki	sem	0.375000
hogy	senki	ne	0.187500
hogy	soha	nem	0.333333
hogy	soha	többé	0.333333
hogy	soha	ne	0.142857
hogy	sok	esetben	0.200000
hogy	sok	helyen	0.100000
hogy	sok	mindent	0.100000
hogy	személyesen	is	0.750000
hogy	szerinte	a	0.280000
hogy	szerinte	nem	0.120000
hogy	szükség	esetén	0.352941
hogy	szükség	van	0.352941
hogy	tavaly	a	0.333333
hogy	tavaly	az	0.200000
hogy	továbbra	is	0.970588
hogy	több	mint	0.344828
hogy	több	más	0.051724
hogy	többek	között	1.000000
hogy	többször	is	1.000000
hogy	valaha	is	0.500000
hogy	valaki	a	0.241379
hogy	valaki	egy	0.103448
hogy	valaki	ilyen	0.103448
hogy	valaki	csak	0.103448
hogy	valami	nem	0.157895
hogy	valóban	a	0.153846
hogy	valóban	az	0.115385
hogy	valójában	nem	0.210526
hogy	van	e	0.177419
hogy	van	a	0.096774
hogy	van	egy	0.096774
hogy	van	valami	0.064516
hogy	visszatér	a	1.000000
hogy	véget	ért	0.500000
hogy	végül	a	0.200000
hogy	véletlenül	se	1.000000
hogy	életben	maradt	0.375000
hogy	én	is	0.129032
hogy	éppen	a	0.157895
hogy	érzi	magát	0.857143
hogy	év	után	0.363636
hogy	évvel	ezelőtt	0.750000
hogy	így	alakult	0.173913
hogy	így	is	0.173913
hogy	így	lesz	0.173913
hogy	úgy	tűnik	0.136364
hogy	ő	is	0.154930
hogy	ő	maga	0.070423
hogy	ő	az	0.056338
hogy	ő	nem	0.056338
hogy	ő	lesz	0.056338
hogy	ő	bizony	0.042254
hogy	ő	milyen	0.042254
hogy	ők	is	0.259259
hogy	őszinte	legyek	1.000000
holtan	találták	meg	0.625000
hoz	a	jövő	0.250000
hozott	létre	a	0.312500
hozták	ki	a	0.800000
hozták	meg	a	0.571429
hozták	nyilvánosságra	a	0.555556
hány	éves	a	1.000000
három	ember	meghalt	0.230769
három	héten	át	0.750000
három	hónap	alatt	0.411765
három	hónap	után	0.235294
három	hónapban	a	0.500000
három	nap	múlva	0.500000
három	napon	át	0.571429
három	nappal	később	0.583333
három	perc	alatt	0.500000
három	perccel	a	0.600000
három	rendőrt	is	1.000000
három	vagy	több	0.800000
három	és	fél	0.888889
három	év	alatt	0.269231
három	év	után	0.230769
három	évben	a	0.375000
három	éve	a	0.137931
három	éven	át	0.666667
három	évvel	ezelőtt	0.434783
három	évvel	később	0.347826
hét	alatt	a	0.176471
hét	minden	napján	1.000000
hét	utolsó	napján	0.833333
hét	van	hátra	1.000000
hét	végén	a	0.400000
hét	és	fél	0.500000
hétfőn	az	orosz	0.272727
hétfőn	azt	mondta	0.500000
hétfőn	este	a	0.555556
hétfőn	kora	délután	0.571429
hívják	fel	a	0.800000
hívta	fel	a	0.877778
hívta	fel	magára	0.044444
hívta	fel	rá	0.044444
hívta	meg	a	1.000000
hívták	fel	a	0.928571
hónap	alatt	a	0.181818
hónap	alatt	az	0.121212
hónap	telt	el	1.000000
hónap	volt	a	1.000000
hónappal	azután	hogy	0.625000
hónappal	ezelőtt	a	0.176471
hónappal	később	pedig	0.235294
i	a	ban	0.750000
i	b	ben	0.545455
i	ben	is	0.500000
idén	az	első	0.214286
idén	először	a	0.428571
idén	is	a	0.186667
idén	is	az	0.080000
idén	is	több	0.053333
idén	is	várja	0.040000
idén	már	nem	0.130435
idén	nyáron	a	0.263158
idén	nyáron	is	0.157895
idén	sem	lesz	0.400000
idén	több	mint	0.777778
idén	év	elején	0.727273
idő	ahhoz	hogy	1.000000
idő	alatt	az	0.081633
idő	alatt	a	0.081633
idő	alatt	már	0.061224
idő	alatt	több	0.061224
idő	alatt	nem	0.061224
idő	ellenére	is	0.500000
idő	esetén	a	1.000000
idő	hogy	a	1.000000
idő	szerint	hajnali	0.134615
idő	szerint	óra	0.076923
idő	szerint	reggel	0.076923
idő	szerint	órakor	0.057692
idő	szerint	vasárnap	0.057692
idő	szerint	délután	0.057692
idő	szerint	csütörtökön	0.057692
idő	szerint	szombaton	0.057692
idő	telt	el	1.000000
idő	után	az	0.093023
idő	után	nem	0.093023
idő	után	a	0.093023
idő	és	a	0.300000
india	kína	és	1.000000
indult	el	a	0.444444
indult	el	az	0.185185
indult	el	és	0.111111
indult	meg	a	1.000000
inkább	a	saját	0.093750
inkább	az	a	0.103448
inkább	csak	a	0.411765
interjút	ad	a	0.750000
interjút	adott	a	0.625000
iskola	és	a	0.500000
ismert	a	magyar	0.187500
ismert	hogy	a	0.500000
ismert	meg	az	1.000000
ismerte	be	a	0.800000
ismerte	el	a	0.500000
ismerte	el	hogy	0.285714
ismét	a	régi	0.150000
ismét	megjelent	a	1.000000
ismét	megmutatta	magát	0.600000
javítani	kell	a	0.600000
jel	arra	utal	0.800000
jel	hogy	a	0.600000
jel	is	arra	1.000000
jel	szerint	egy	0.500000
jelentette	be	hogy	0.365385
jelentette	be	a	0.301282
jelentette	be	az	0.147436
jelentette	be	kedden	0.019231
jelentette	hogy	a	0.437500
jelentette	ki	a	0.416667
jelentette	ki	az	0.166667
jelentette	ki	hogy	0.069444
jelentette	ki	hétfőn	0.041667
jelenti	a	legnagyobb	0.333333
jelenti	azt	hogy	1.000000
jelenti	hogy	a	0.379121
jelenti	hogy	az	0.137363
jelenti	hogy	nem	0.043956
jelenti	hogy	ha	0.032967
jelenti	hogy	egy	0.027473
jelenti	hogy	ne	0.016484
jól	ismeri	a	0.571429
jól	jön	a	0.333333
jól	kezdett	a	0.750000
jól	látható	hogy	0.529412
jól	látszik	hogy	0.565217
jól	megy	a	0.400000
jól	ment	a	0.307692
jól	mutatja	hogy	0.583333
jól	mutatja	a	0.208333
jól	néz	ki	1.000000
jól	sikerült	az	0.187500
jól	sikerült	a	0.187500
jól	sikerült	hogy	0.187500
jól	szállt	be	1.000000
jól	tudja	hogy	0.500000
jól	érezte	magát	0.900000
jól	érezze	magát	1.000000
jól	érezzük	magunkat	1.000000
jól	érzem	magam	1.000000
jól	érzi	magát	0.818182
jól	érzik	magukat	1.000000
jövőben	már	nem	0.750000
június	e	a	0.500000
június	végén	a	0.300000
június	én	a	0.136364
június	én	szombaton	0.113636
június	én	lesz	0.068182
június	és	között	0.666667
k	h	bank	0.750000
kapcsolatban	azt	mondta	0.571429
kapcsolatban	de	az	0.300000
kapcsolatban	elmondta	hogy	0.466667
kapcsolatban	hogy	a	0.210526
kapcsolatban	hívja	a	1.000000
kapcsolatban	áll	a	0.571429
kapják	meg	a	0.400000
kapják	meg	az	0.266667
kapott	az	európai	0.333333
kapott	ki	a	0.454545
kapott	és	a	0.200000
kaptam	el	a	1.000000
kaptuk	hogy	a	0.400000
karácsony	első	napján	0.750000
karácsony	előtt	a	0.444444
kelet	és	nyugat	0.625000
kell	a	magyar	0.061538
kell	adni	a	0.642857
kell	ahhoz	hogy	1.000000
kell	arra	hogy	0.800000
kell	bemutatni	a	0.666667
kell	figyelembe	venni	1.000000
kell	figyelni	a	0.500000
kell	fizetni	a	0.227273
kell	fizetni	az	0.227273
kell	hogy	a	0.383562
kell	hogy	az	0.109589
kell	hogy	legyen	0.095890
kell	hozni	a	0.375000
kell	hozzá	az	0.375000
kell	hívni	a	0.750000
kell	ismerni	hogy	0.375000
kell	kezdeni	az	0.500000
kell	lennie	és	0.153846
kell	lennie	az	0.115385
kell	lennie	a	0.115385
kell	lennie	hogy	0.115385
kell	lépni	a	1.000000
kell	majd	a	0.173913
kell	maradnia	a	0.750000
kell	mondani	hogy	1.000000
kell	nézni	a	0.500000
kell	sokat	várni	0.800000
kell	szem	előtt	1.000000
kell	találni	a	0.461538
kell	találni	az	0.230769
kell	tenni	hogy	0.428571
kell	tenni	a	0.171429
kell	tenni	annak	0.085714
kell	tennie	a	0.500000
kell	tennünk	a	0.375000
kell	tudni	a	0.444444
kell	venni	hogy	0.521739
kell	venni	a	0.217391
kell	választani	a	0.600000
kell	védeni	a	0.500000
kell	végezni	a	0.600000
kell	állítani	az	0.571429
kell	állítani	a	0.428571
kell	érteni	hogy	0.600000
kellene	lennie	a	0.500000
kellett	ahhoz	hogy	1.000000
kellett	hogy	a	0.375000
kellett	hozzá	hogy	0.600000
kellett	volna	lennie	0.073171
kellett	volna	a	0.073171
kellett	állítani	a	0.800000
keresi	a	rendőrség	0.277778
kereste	meg	a	0.857143
kerül	majd	az	0.384615
kerül	majd	sor	0.230769
kerül	sor	a	0.318182
kerül	sor	amikor	0.181818
kerül	sor	az	0.136364
kerül	tette	hozzá	1.000000
került	a	magyar	0.081081
került	az	is	0.107143
került	az	a	0.107143
került	be	a	0.666667
került	be	az	0.208333
került	egy	éves	0.428571
került	elő	egy	0.333333
került	fel	a	0.590909
került	fel	az	0.272727
került	hogy	a	0.375000
került	sor	a	0.325000
került	sor	hogy	0.175000
került	sor	az	0.075000
került	szembe	a	0.666667
került	volna	a	0.333333
került	át	az	0.600000
kerültek	be	a	0.875000
kevés	volt	a	0.714286
kezdi	meg	a	0.428571
kezdi	meg	az	0.428571
kezdtem	el	a	0.600000
kik	azok	a	0.571429
kisebb	az	egy	0.428571
kisebb	lesz	a	0.600000
kisebb	mind	a	1.000000
kisebb	sérülés	miatt	1.000000
kisebb	volt	az	0.375000
kisebb	volt	a	0.375000
kivéve	ha	azt	0.500000
komoly	fenyegetést	jelent	1.000000
komoly	hatással	lehet	1.000000
komoly	kihívás	a	0.600000
korábbi	hírek	szerint	1.000000
képes	lenne	e	0.500000
képes	lesz	e	0.300000
képet	fest	a	0.750000
kérdés	az	hogy	0.466667
kérdés	csak	az	0.857143
kérdés	hogy	a	0.233577
kérdés	hogy	az	0.094891
kérdés	hogy	mi	0.051095
kérdés	hogy	mennyire	0.043796
kérdés	hogy	mit	0.043796
kérdés	hogy	ez	0.036496
kérdés	hogy	vajon	0.029197
kérdés	hogy	milyen	0.029197
kérdés	hogy	miként	0.021898
kérdés	miért	nem	0.750000
kérdés	már	csak	0.750000
kérdés	persze	hogy	0.875000
kérdés	továbbra	is	1.000000
kéri	hogy	aki	0.583333
kért	segítséget	a	0.750000
késő	este	fok	0.166667
késő	este	a	0.166667
késő	este	egy	0.125000
késő	estére	fok	0.500000
késő	estére	és	0.250000
két	alkalommal	is	0.375000
két	csapat	között	0.200000
két	ember	meghalt	0.263158
két	fél	között	0.571429
két	három	évben	0.166667
két	hét	múlva	0.310345
két	hét	alatt	0.275862
két	hét	után	0.172414
két	héten	belül	0.777778
két	héttel	ezelőtt	0.421053
két	héttel	a	0.368421
két	hónap	múlva	0.230769
két	hónap	után	0.230769
két	hónappal	azután	0.307692
két	nap	alatt	0.461538
két	napon	keresztül	0.375000
két	nappal	a	0.277778
két	nappal	ezelőtt	0.222222
két	nappal	azután	0.166667
két	ország	közötti	0.250000
két	ország	között	0.187500
két	és	fél	1.000000
két	év	alatt	0.322581
két	év	után	0.258065
két	év	múlva	0.193548
két	évben	a	0.304348
két	éve	nem	0.088235
két	éven	belül	0.500000
két	évig	a	0.250000
két	évvel	ezelőtt	0.655172
két	évvel	fiatalabb	0.103448
két	évvel	később	0.103448
kéz	a	kézben	1.000000
kíváncsi	vagy	a	0.500000
kíváncsi	vagyok	hogy	0.750000
körül	alakul	a	0.625000
körül	történt	a	0.750000
körül	érkezett	a	1.000000
körülmények	között	nem	0.116279
körülmények	között	a	0.046512
körülmények	között	élnek	0.046512
körülmények	között	történt	0.034884
körülmények	között	is	0.034884
közelebb	áll	a	0.750000
közlekedési	baleset	történt	0.500000
központ	szerint	a	0.750000
központ	és	a	0.750000
köztük	egy	éves	0.500000
köztük	gyermek	érkezett	1.000000
köztük	több	mint	0.750000
közösség	tagja	elleni	0.571429
közül	a	rendőrség	0.393939
közül	a	legnagyobb	0.106061
közül	az	egyik	0.592593
közül	az	első	0.148148
közül	csak	az	0.500000
közül	ez	a	1.000000
közül	pedig	en	0.625000
közül	többen	is	0.500000
küldte	el	a	0.750000
küldtek	be	a	1.000000
külföldi	és	magyar	1.000000
különbséget	a	két	0.600000
lassan	de	biztosan	0.500000
lassan	egy	éve	0.600000
lassan	tíz	éve	0.750000
legalábbis	ezt	állítja	0.600000
legjobb	döntése	volt	1.000000
legjobb	esetben	is	1.000000
legjobb	módja	a	0.500000
legjobb	négy	közé	0.625000
legyél	te	is	1.000000
lehet	a	következő	0.072917
lehet	a	jövőben	0.031250
lehet	a	baj	0.031250
lehet	az	oka	0.138889
lehet	az	a	0.111111
lehet	az	hogy	0.069444
lehet	az	egyik	0.055556
lehet	az	is	0.055556
lehet	az	orosz	0.041667
lehet	csak	úgy	0.500000
lehet	de	az	0.166667
lehet	e	az	0.176471
lehet	elérni	a	0.454545
lehet	ez	a	0.500000
lehet	ez	az	0.250000
lehet	figyelmen	kívül	1.000000
lehet	ha	a	0.416667
lehet	ha	egy	0.250000
lehet	használni	a	0.400000
lehet	hinni	a	0.750000
lehet	hogy	a	0.150685
lehet	hogy	az	0.116438
lehet	hogy	nem	0.061644
lehet	hogy	ez	0.054795
lehet	hogy	csak	0.047945
lehet	hogy	egy	0.034247
lehet	hogy	most	0.020548
lehet	hogy	már	0.020548
lehet	hogy	még	0.020548
lehet	látni	a	0.363636
lehet	majd	a	0.108108
lehet	mert	a	0.555556
lehet	mondani	hogy	0.500000
lehet	például	a	0.666667
lehet	tenni	a	0.300000
lehet	tudni	hogy	0.533333
lehet	tudni	a	0.100000
lehet	tölteni	a	0.571429
lehet	és	kell	0.190476
lehet	és	a	0.142857
lehetünk	abban	hogy	1.000000
lehetőséget	ad	a	0.388889
lehetőséget	ad	arra	0.222222
lehetőséget	ad	az	0.166667
lehetőséget	adott	a	0.571429
lehetőséget	arra	hogy	0.800000
lehetőséget	jelent	a	0.600000
lenni	azzal	hogy	1.000000
lenni	de	a	0.200000
lenni	szokott	a	0.333333
lenni	és	a	0.500000
lopta	el	a	0.750000
lássuk	milyen	fontos	0.750000
látjuk	hogy	a	0.388889
láttam	hogy	az	0.272727
lényege	az	volt	0.800000
lényege	hogy	a	0.433333
lényege	hogy	az	0.133333
lépés	volt	a	0.500000
maga	a	játék	0.085714
maga	is	a	0.156250
maga	is	az	0.093750
maga	mögött	a	0.416667
maga	sem	tudja	0.375000
magukat	az	emberek	0.333333
magyar	bajnok	a	0.600000
magyar	emberek	a	0.166667
magyar	falu	program	0.800000
magyar	idő	szerint	1.000000
magyar	kereskedelmi	és	1.000000
magyar	kormány	a	0.125000
magyar	kormány	nem	0.062500
magyar	kormány	által	0.050000
magyar	kormány	szerint	0.037500
magyar	kormány	az	0.037500
magyar	miniszterelnök	is	0.130435
magyar	nemzet	a	0.150000
magyar	nemzet	egy	0.150000
magyar	nemzeti	bank	0.913043
magyar	nyelv	és	0.857143
magyar	történelem	egyik	0.375000
magyar	zene	háza	0.625000
magyar	és	a	0.406250
magyar	és	az	0.093750
magyar	és	német	0.093750
magával	is	végzett	0.800000
magával	vitte	a	0.428571
maradt	el	az	0.357143
maradt	el	a	0.285714
maradt	ki	a	0.500000
maradt	le	a	0.750000
maradt	áram	nélkül	1.000000
meg	a	magyar	0.052893
meg	a	szükséges	0.018182
meg	a	közösségi	0.013223
meg	a	választ	0.011570
meg	a	nagy	0.011570
meg	a	saját	0.009917
meg	a	helyét	0.009917
meg	a	döntést	0.009917
meg	a	miniszterelnök	0.008264
meg	a	hírt	0.008264
meg	a	világot	0.008264
meg	a	éves	0.006612
meg	a	szél	0.006612
meg	a	vendégek	0.006612
meg	a	gyerekek	0.006612
meg	a	havi	0.006612
meg	a	harmadik	0.006612
meg	a	kormány	0.006612
meg	a	városban	0.006612
meg	a	két	0.006612
meg	a	következő	0.006612
meg	a	bal	0.004959
meg	a	több	0.004959
meg	a	rendőrök	0.004959
meg	a	felesége	0.004959
meg	a	helyzetet	0.004959
meg	a	brit	0.004959
meg	a	férfit	0.004959
meg	a	családi	0.004959
meg	a	versenyt	0.004959
meg	abban	hogy	0.571429
meg	akarjuk	mutatni	0.600000
meg	akarják	mondani	0.300000
meg	amely	az	0.214286
meg	amely	a	0.214286
meg	amelyet	a	0.600000
meg	ami	a	0.176471
meg	amikor	a	0.333333
meg	amit	a	0.500000
meg	annak	idején	0.600000
meg	arról	hogy	0.777778
meg	az	orosz	0.055336
meg	az	első	0.051383
meg	az	egy	0.043478
meg	az	elmúlt	0.043478
meg	az	a	0.039526
meg	az	ország	0.039526
meg	az	európai	0.035573
meg	az	egyik	0.031621
meg	az	új	0.023715
meg	az	állami	0.019763
meg	az	az	0.019763
meg	az	hogy	0.015810
meg	az	egyesült	0.015810
meg	az	előző	0.015810
meg	az	ötödik	0.011858
meg	az	év	0.011858
meg	az	utat	0.011858
meg	az	országos	0.011858
meg	az	eljárást	0.011858
meg	az	országot	0.011858
meg	azokat	a	0.571429
meg	azonban	a	0.750000
meg	azt	a	0.363636
meg	azt	is	0.151515
meg	azt	hogy	0.121212
meg	de	a	0.243902
meg	de	az	0.146341
meg	ebben	a	1.000000
meg	egy	éves	0.087719
meg	egy	kis	0.052632
meg	egymással	a	0.750000
meg	ez	a	0.533333
meg	ezeket	a	0.750000
meg	ezt	a	0.625000
meg	ezt	az	0.218750
meg	fogunk	tenni	0.750000
meg	ha	az	0.230769
meg	hanem	a	0.450000
meg	hogy	a	0.264901
meg	hogy	az	0.145695
meg	hogy	mi	0.039735
meg	hogy	nem	0.033113
meg	hogy	egy	0.033113
meg	hogy	ilyen	0.019868
meg	is	jelent	0.063380
meg	is	van	0.056338
meg	is	történt	0.056338
meg	is	tette	0.049296
meg	is	mutatta	0.042254
meg	is	kapta	0.042254
meg	is	lett	0.021127
meg	is	indult	0.021127
meg	is	érkezik	0.021127
meg	is	látszik	0.021127
meg	is	érkezett	0.021127
meg	is	kell	0.021127
meg	kell	védeni	0.096774
meg	kell	találni	0.075269
meg	kell	tenni	0.064516
meg	kell	adni	0.043011
meg	kell	állítani	0.043011
meg	kell	küzdeni	0.043011
meg	kell	találnunk	0.032258
meg	kell	állni	0.032258
meg	kell	fizetni	0.032258
meg	kellett	volna	0.187500
meg	közösségi	oldalán	1.000000
meg	lehet	nézni	0.131579
meg	lehet	találni	0.078947
meg	lehetett	volna	1.000000
meg	magának	hogy	0.300000
meg	magát	a	0.300000
meg	majd	a	0.500000
meg	mert	a	0.200000
meg	mindent	a	0.333333
meg	mint	a	0.333333
meg	május	én	0.750000
meg	míg	a	1.000000
meg	neki	a	0.444444
meg	neki	hogy	0.333333
meg	nem	nevezett	0.354167
meg	nem	is	0.083333
meg	tette	hozzá	1.000000
meg	tudja	oldani	0.166667
meg	tudják	mutatni	0.400000
meg	van	írva	0.428571
meg	és	a	0.148148
meg	és	az	0.061728
meg	és	több	0.049383
meg	és	ez	0.037037
meg	így	a	0.285714
meg	írja	a	0.750000
meg	ön	is	1.000000
meg	úgy	hogy	0.333333
meg	újra	a	0.714286
meglátjuk	mi	lesz	1.000000
megszületett	a	döntés	0.250000
megsérült	hogy	a	0.600000
megtalálta	a	közös	0.187500
megtalálta	a	helyét	0.187500
megtörténik	a	baj	0.600000
megvannak	a	maga	0.600000
megvolt	a	maga	0.428571
megérti	hogy	a	0.600000
mehet	el	a	1.000000
mellett	a	magyar	0.085106
mellett	a	másik	0.031915
mellett	a	kormány	0.031915
mellett	a	legnagyobb	0.031915
mellett	az	is	0.157895
mellett	az	új	0.105263
mellett	az	európai	0.078947
mellett	fogadta	el	0.800000
mellett	már	a	0.307692
mellett	természetesen	a	1.000000
mellett	többek	között	1.000000
mennyit	változott	a	0.750000
milliárd	dollár	volt	0.160000
millió	dollár	milliárd	0.266667
milyen	a	kapcsolata	0.272727
milyen	fontos	érdekes	0.500000
milyen	hatással	van	0.272727
milyen	is	a	0.375000
milyen	jó	hogy	0.230769
milyen	jó	lenne	0.230769
milyen	körülmények	között	0.888889
milyen	lehet	a	0.600000
milyen	lesz	a	0.333333
milyen	állapotban	van	0.750000
milyen	érzés	volt	0.333333
mindenképp	be	kell	1.000000
mindent	annak	érdekében	1.000000
mindent	meg	kell	0.363636
mindent	megtenni	hogy	0.444444
mindent	rendben	találtak	1.000000
mindent	és	mindenkit	0.750000
mindezt	úgy	hogy	0.857143
miniszter	arra	is	1.000000
miniszter	azt	mondta	0.666667
miniszter	elmondta	hogy	0.400000
miniszter	elmondta	a	0.300000
miniszter	hogy	a	0.750000
miniszter	szerint	a	0.285714
miniszterelnök	a	közösségi	0.266667
miniszterelnök	az	európai	0.375000
miniszterelnök	azt	mondta	0.500000
miniszterelnök	helyettes	a	0.312500
miniszterelnök	politikai	igazgatója	1.000000
miniszterelnök	szerint	az	0.272727
minisztérium	szerint	a	0.625000
minisztérium	és	a	0.888889
mint	a	magyar	0.043478
mint	a	hagyományos	0.034783
mint	a	fele	0.026087
mint	a	korábbi	0.026087
mint	a	legutóbbi	0.021739
mint	a	saját	0.021739
mint	a	másik	0.017391
mint	a	többi	0.017391
mint	a	német	0.013043
mint	a	múlt	0.013043
mint	a	mi	0.013043
mint	a	három	0.013043
mint	a	francia	0.013043
mint	a	férfiak	0.013043
mint	a	háború	0.013043
mint	a	es	0.013043
mint	a	második	0.013043
mint	a	többiek	0.013043
mint	a	fiú	0.013043
mint	ahogy	a	0.294118
mint	ahogy	az	0.156863
mint	ahogy	arról	0.098039
mint	ahogy	azt	0.078431
mint	ahogyan	az	0.416667
mint	ahogyan	azt	0.250000
mint	amennyi	a	0.636364
mint	ami	a	0.500000
mint	amikor	a	0.333333
mint	amikor	egy	0.200000
mint	amilyen	a	0.263158
mint	amilyen	például	0.157895
mint	amilyet	a	0.600000
mint	amit	a	0.558824
mint	amit	az	0.117647
mint	amit	eddig	0.088235
mint	annak	a	0.428571
mint	arról	a	0.500000
mint	arról	korábban	0.210526
mint	arról	már	0.105263
mint	az	előző	0.141935
mint	az	a	0.064516
mint	az	első	0.058065
mint	az	elmúlt	0.032258
mint	az	hogy	0.032258
mint	az	emberi	0.032258
mint	az	eredeti	0.025806
mint	az	amerikai	0.025806
mint	az	egy	0.019355
mint	az	európai	0.019355
mint	az	eddigi	0.019355
mint	az	összes	0.019355
mint	az	egyesült	0.019355
mint	az	ország	0.019355
mint	az	ismert	0.019355
mint	azt	a	0.404762
mint	azt	az	0.119048
mint	azt	már	0.071429
mint	azt	sokan	0.071429
mint	ben	a	0.375000
mint	bárki	más	1.000000
mint	bármely	más	0.750000
mint	bármi	amit	1.000000
mint	egy	évvel	0.245399
mint	egy	éve	0.171779
mint	egy	év	0.024540
mint	egy	hete	0.024540
mint	egy	hónapja	0.018405
mint	egy	hónappal	0.018405
mint	egy	órán	0.018405
mint	egy	átlagos	0.018405
mint	egy	falat	0.018405
mint	elmondta	a	0.538462
mint	ezer	ember	0.140351
mint	ezer	új	0.070175
mint	ezer	darab	0.070175
mint	fele	a	0.176471
mint	ismert	a	0.529412
mint	ismert	az	0.176471
mint	kiderült	a	0.363636
mint	kiderült	az	0.181818
mint	kiderült	két	0.068182
mint	kiderült	nem	0.068182
mint	korábban	mi	0.291667
mint	két	évvel	0.181818
mint	millió	dollárt	0.208333
mint	millió	ember	0.125000
mint	minden	évben	0.200000
mint	mindig	most	0.333333
mint	mondja	a	0.333333
mint	mondjuk	a	0.571429
mint	mondjuk	egy	0.428571
mint	mondta	a	0.284553
mint	mondta	az	0.146341
mint	mondta	nem	0.056911
mint	mondta	ez	0.040650
mint	mondta	egy	0.024390
mint	most	a	0.300000
mint	másfél	éve	0.333333
mint	még	soha	1.000000
mint	például	a	0.711864
mint	például	az	0.220339
mint	száz	éve	0.166667
mint	tavaly	ilyenkor	0.190476
mint	tíz	éve	0.583333
mint	valószínű	hogy	1.000000
mint	év	után	0.500000
mint	éve	a	0.230769
mint	évvel	ezelőtt	0.416667
mint	írja	a	0.375000
mint	írják	a	0.516129
mint	írják	az	0.096774
mint	írta	a	0.571429
mint	írták	a	0.435897
mint	írták	az	0.205128
mint	öt	éve	0.500000
miről	van	szó	1.000000
miről	írt	éve	0.800000
miután	a	nő	0.065574
miután	az	egyik	0.133333
miután	kiderült	hogy	1.000000
miután	nem	tudta	0.300000
miután	több	mint	0.666667
miért	döntött	így	0.750000
miért	ez	a	1.000000
miért	fontos	a	0.375000
miért	fontos	ez	0.375000
miért	ne	lehetne	1.000000
miért	nem	lehetett	0.050000
miért	van	szükség	0.200000
miért	van	az	0.200000
miért	éppen	a	0.600000
miért	és	hogyan	0.500000
mondhatom	azt	hogy	0.750000
most	a	legfontosabb	0.048387
most	arról	beszélt	0.750000
most	az	a	0.125000
most	azonban	a	0.152174
most	azonban	úgy	0.108696
most	azonban	az	0.108696
most	azonban	már	0.065217
most	egy	újabb	0.142857
most	egy	jó	0.095238
most	egy	új	0.071429
most	egy	olyan	0.071429
most	ez	a	0.444444
most	ezt	a	0.750000
most	hogy	a	0.277778
most	is	a	0.131387
most	is	egy	0.043796
most	is	az	0.036496
most	is	azt	0.029197
most	is	van	0.029197
most	is	ott	0.021898
most	is	nagyon	0.021898
most	is	alig	0.021898
most	is	sokan	0.021898
most	itt	van	0.375000
most	kiderült	hogy	0.500000
most	kiderült	a	0.300000
most	látszik	hogy	1.000000
most	meg	is	0.333333
most	már	a	0.133333
most	már	nem	0.066667
most	már	csak	0.051852
most	már	egy	0.029630
most	már	tényleg	0.029630
most	már	az	0.029630
most	már	tudjuk	0.029630
most	már	van	0.029630
most	még	nem	0.266667
most	nem	is	0.081081
most	pedig	már	0.150943
most	pedig	a	0.113208
most	pedig	az	0.094340
most	pedig	egy	0.094340
most	sem	történt	0.133333
most	sem	lesz	0.133333
most	vasárnap	a	1.000000
most	viszont	a	0.318182
most	viszont	egy	0.136364
most	éppen	a	0.187500
most	úgy	tűnik	0.280000
most	úgy	néz	0.200000
most	úgy	döntött	0.120000
most	úgy	érzem	0.120000
május	én	a	0.300000
május	én	pénteken	0.100000
május	én	és	0.075000
május	és	június	0.666667
már	a	második	0.072650
már	a	harmadik	0.047009
már	a	magyar	0.038462
már	a	háború	0.034188
már	a	negyedik	0.029915
már	a	es	0.021368
már	a	jövő	0.017094
már	a	percben	0.017094
már	a	világ	0.012821
már	a	város	0.012821
már	a	múlt	0.012821
már	a	helyszínen	0.012821
már	a	következő	0.012821
már	a	hetedik	0.012821
már	akkor	is	0.375000
már	amúgy	is	1.000000
már	arra	is	0.545455
már	az	első	0.250000
már	az	is	0.107955
már	az	elején	0.051136
már	az	új	0.051136
már	az	év	0.039773
már	az	a	0.039773
már	az	es	0.034091
már	az	egész	0.028409
már	az	előző	0.017045
már	az	ő	0.017045
már	az	orosz	0.017045
már	az	ötödik	0.017045
már	azon	hogy	0.800000
már	azt	is	0.560000
már	azért	is	0.600000
már	be	is	1.000000
már	ben	is	0.214286
már	ben	az	0.214286
már	biztonságban	van	0.750000
már	biztos	hogy	0.428571
már	csak	a	0.190955
már	csak	azért	0.155779
már	csak	az	0.120603
már	csak	egy	0.080402
már	csak	ezért	0.030151
már	csak	egyetlen	0.020101
már	csak	ilyen	0.015075
már	csak	alig	0.015075
már	csak	azt	0.015075
már	csak	néhány	0.015075
már	dolgoznak	a	0.666667
már	ebben	a	0.625000
már	ebben	az	0.375000
már	eddig	is	0.866667
már	egy	ideje	0.126761
már	egy	másik	0.070423
már	egy	olyan	0.056338
már	egy	kicsit	0.056338
már	egy	évvel	0.042254
már	egy	hónapja	0.042254
már	egy	éve	0.042254
már	egyáltalán	nem	0.875000
már	egészen	más	0.428571
már	el	is	0.590909
már	elérhető	a	0.857143
már	elérte	a	1.000000
már	ez	a	0.368421
már	ez	is	0.263158
már	fel	is	0.800000
már	folyamatban	van	0.428571
már	hetek	óta	1.000000
már	hivatalosan	is	0.600000
már	hogy	a	0.235294
már	hogy	nem	0.176471
már	hosszú	ideje	0.545455
már	hónapok	óta	0.909091
már	inkább	a	0.500000
már	itt	tartunk	0.187500
már	itthon	is	1.000000
már	jelenleg	is	1.000000
már	jó	ideje	0.684211
már	jó	előre	0.157895
már	jóval	a	0.250000
már	ki	is	0.500000
már	korábban	is	0.571429
már	korábban	a	0.071429
már	készül	a	0.800000
már	késő	volt	0.571429
már	két	éve	0.266667
már	le	is	0.833333
már	legalább	egy	0.333333
már	látszik	hogy	0.600000
már	ma	is	0.777778
már	maga	a	0.750000
már	meg	is	0.630435
már	meg	sem	0.086957
már	mi	is	0.500000
már	most	is	0.366667
már	most	a	0.050000
már	most	rengeteg	0.050000
már	már	a	0.333333
már	más	kérdés	0.600000
már	második	alkalommal	0.500000
már	nagyon	várta	0.135135
már	nagyon	várom	0.081081
már	napja	tart	1.000000
már	napok	óta	1.000000
már	ne	is	0.500000
már	neki	is	0.750000
már	nem	is	0.069333
már	nem	volt	0.048000
már	nem	lehet	0.042667
már	nem	kell	0.034667
már	nem	az	0.034667
már	nem	csak	0.029333
már	nem	a	0.029333
már	nem	lesz	0.026667
már	nem	lehetett	0.026667
már	nem	tudták	0.021333
már	nem	olyan	0.021333
már	nem	tudtak	0.018667
már	nem	tudott	0.016000
már	nem	egy	0.013333
már	nem	tud	0.013333
már	nem	tudta	0.010667
már	nem	használt	0.010667
már	nem	csupán	0.010667
már	nem	lesznek	0.008000
már	nem	maradt	0.008000
már	nem	tudják	0.008000
már	nem	jutott	0.008000
már	nem	lépett	0.008000
már	nem	tudtam	0.008000
már	nem	annyira	0.008000
már	nem	tudnék	0.008000
már	nem	tudom	0.008000
már	nem	működik	0.008000
már	nemcsak	a	0.363636
már	nincs	szükség	0.090909
már	nincs	lehetőség	0.090909
már	néhány	éve	0.750000
már	ott	van	0.235294
már	ra	vezetett	0.428571
már	rendelkezik	a	0.750000
már	rég	nem	0.333333
már	régóta	nem	0.120000
már	semmi	sem	0.500000
már	senki	nem	0.625000
már	soha	nem	0.600000
már	tavaly	is	0.400000
már	tudja	hogy	0.428571
már	tudjuk	hogy	0.545455
már	tudom	hogy	0.857143
már	tudtam	hogy	1.000000
már	tudtuk	hogy	1.000000
már	tíz	éve	0.571429
már	több	mint	0.721649
már	több	éve	0.051546
már	több	alkalommal	0.041237
már	több	száz	0.030928
már	többször	is	0.722222
már	túl	vagyunk	0.250000
már	vissza	is	0.800000
már	várja	a	0.750000
már	én	is	1.000000
már	éve	nem	0.187500
már	évek	óta	0.966667
már	így	is	0.777778
már	öt	éve	0.428571
más	a	helyzet	0.520000
más	kérdés	hogy	0.851852
más	mint	a	0.419355
más	mint	az	0.193548
más	mint	egy	0.193548
más	volt	a	0.533333
más	volt	mint	0.200000
más	választása	mint	0.750000
más	és	más	0.818182
másfél	éves	lesz	0.600000
másfél	évvel	ezelőtt	0.666667
másfél	óra	alatt	0.800000
még	a	es	0.031088
még	a	mai	0.025907
még	a	korábbi	0.020725
még	a	jövő	0.015544
még	a	héten	0.015544
még	a	nemzetközi	0.015544
még	a	saját	0.015544
még	a	magyar	0.015544
még	a	háború	0.015544
még	abban	az	0.500000
még	abban	is	0.375000
még	akkor	is	0.862069
még	akkor	sem	0.120690
még	annál	is	1.000000
még	arra	is	0.833333
még	az	is	0.162162
még	az	első	0.072072
még	az	utolsó	0.045045
még	az	előző	0.045045
még	az	idén	0.036036
még	az	olyan	0.036036
még	az	európai	0.027027
még	az	év	0.027027
még	az	orosz	0.027027
még	azt	is	0.500000
még	azt	mondta	0.147059
még	azt	az	0.088235
még	azért	is	1.000000
még	ban	a	0.222222
még	ban	is	0.166667
még	be	a	0.428571
még	ben	egy	0.187500
még	csak	a	0.173913
még	csak	az	0.119565
még	csak	nem	0.086957
még	csak	most	0.076087
még	csak	éves	0.065217
még	csak	egy	0.054348
még	ebben	az	0.523810
még	ebben	a	0.476190
még	egy	kis	0.077670
még	egy	utolsó	0.038835
még	egy	olyan	0.038835
még	egy	darabig	0.038835
még	egy	kört	0.029126
még	egy	ideig	0.029126
még	ehhez	képest	0.750000
még	el	sem	0.400000
még	el	is	0.300000
még	ennél	is	0.960000
még	ez	sem	0.300000
még	ezt	a	0.444444
még	ezt	is	0.444444
még	folyamatban	van	1.000000
még	ha	nem	0.294118
még	ha	a	0.117647
még	hogy	a	0.230769
még	hátra	van	0.500000
még	jó	hogy	0.235294
még	jó	darabig	0.176471
még	jóval	a	0.600000
még	karácsony	előtt	1.000000
még	ki	tudja	0.300000
még	két	évig	0.235294
még	közel	sem	0.750000
még	le	is	0.500000
még	ma	is	0.913043
még	meg	is	0.214286
még	meg	kell	0.214286
még	meg	sem	0.214286
még	messze	van	0.500000
még	mindig	nem	0.191235
még	mindig	a	0.099602
még	mindig	az	0.051793
még	mindig	ott	0.035857
még	mindig	nagyon	0.031873
még	mindig	nagy	0.019920
még	mindig	jelentős	0.015936
még	mindig	komoly	0.015936
még	mindig	csak	0.011952
még	mindig	keresik	0.011952
még	mindig	megvan	0.011952
még	mindig	több	0.011952
még	mindig	nincs	0.011952
még	mindig	sokan	0.011952
még	mindig	vannak	0.011952
még	mindig	kevés	0.011952
még	mindig	él	0.011952
még	most	is	0.678571
még	most	sem	0.214286
még	nagyobb	szükség	0.200000
még	nagyon	messze	0.333333
még	nagyon	sok	0.200000
még	nem	volt	0.094801
még	nem	is	0.061162
még	nem	ért	0.036697
még	nem	ismert	0.030581
még	nem	lehet	0.024465
még	nem	tudni	0.024465
még	nem	sikerült	0.021407
még	nem	tudjuk	0.018349
még	nem	döntött	0.015291
még	nem	tudott	0.015291
még	nem	érkezett	0.015291
még	nem	tudják	0.015291
még	nem	elég	0.015291
még	nem	tudta	0.012232
még	nem	látott	0.012232
még	nem	jelenti	0.012232
még	nem	töltötte	0.009174
még	nem	nyert	0.009174
még	nem	értek	0.009174
még	nem	akadt	0.009174
még	nem	született	0.009174
még	nem	történt	0.009174
még	nem	jelent	0.009174
még	nem	a	0.009174
még	nem	tud	0.009174
még	nem	igazán	0.009174
még	nem	minden	0.009174
még	nem	tudom	0.009174
még	nincs	vége	0.250000
még	nincs	itt	0.125000
még	nincs	hivatalos	0.093750
még	ott	van	0.400000
még	soha	nem	0.826087
még	sok	sok	0.200000
még	sok	más	0.200000
még	sosem	volt	0.238095
még	szerencse	hogy	1.000000
még	százalék	volt	1.000000
még	tavaly	is	0.333333
még	tavaly	év	0.250000
még	több	mint	0.102564
még	több	embert	0.076923
még	van	esélye	0.214286
még	várni	kell	0.800000
még	én	is	0.750000
még	így	is	0.825000
még	így	sem	0.075000
még	úgy	is	0.800000
mértékben	nőtt	a	0.600000
módját	annak	hogy	0.750000
műtét	jól	sikerült	1.000000
na	nem	a	1.000000
nagyon	boldog	vagyok	0.350000
nagyon	boldog	volt	0.150000
nagyon	boldog	hogy	0.150000
nagyon	bízom	benne	0.750000
nagyon	büszke	vagyok	0.687500
nagyon	büszkék	vagyunk	0.800000
nagyon	erős	a	0.454545
nagyon	fontos	hogy	0.273973
nagyon	fontos	a	0.136986
nagyon	fontos	volt	0.082192
nagyon	fontos	az	0.054795
nagyon	hálás	vagyok	0.400000
nagyon	hálásak	vagyunk	0.666667
nagyon	jó	a	0.102041
nagyon	jó	kapcsolatot	0.061224
nagyon	jó	hír	0.061224
nagyon	jó	érzés	0.061224
nagyon	jól	érezte	0.073171
nagyon	jól	esett	0.073171
nagyon	jól	sikerült	0.073171
nagyon	jól	áll	0.073171
nagyon	kevés	hiányzott	0.272727
nagyon	komolyan	veszi	0.333333
nagyon	magas	szinten	0.375000
nagyon	messze	van	0.400000
nagyon	nagy	a	0.125000
nagyon	nagy	szükségünk	0.125000
nagyon	nehéz	volt	0.208333
nagyon	nehéz	lesz	0.083333
nagyon	nehéz	helyzetbe	0.062500
nagyon	népszerű	a	0.428571
nagyon	rövid	idő	0.750000
nagyon	sok	olyan	0.069767
nagyon	sok	ember	0.058140
nagyon	sok	pénzt	0.046512
nagyon	sok	a	0.034884
nagyon	sokan	és	0.125000
nagyon	szereti	a	0.444444
nagyon	várom	a	0.428571
nagyon	várta	a	0.500000
nagyon	örülök	neki	0.312500
nagyon	örülök	hogy	0.312500
nagyon	úgy	tűnik	0.818182
nagyot	esett	a	0.666667
nak	és	a	0.666667
nemzeti	média	és	1.000000
nemzeti	nyomozó	iroda	1.000000
nemzeti	védelmi	szolgálat	1.000000
nevezte	a	döntést	0.157895
nevezte	azt	a	0.500000
nevezte	hogy	a	0.304348
nevezte	hogy	az	0.130435
nevezte	ki	a	0.666667
no	meg	a	0.400000
német	és	a	0.235294
nézze	meg	a	0.333333
nézze	meg	ön	0.200000
nő	a	helyszínen	0.142857
nő	az	apa	0.214286
nő	azt	mondta	0.600000
nő	életét	vesztette	0.800000
nő	és	egy	0.444444
női	és	férfi	1.000000
nők	és	gyerekek	0.352941
nők	és	a	0.235294
nők	és	férfiak	0.176471
oka	annak	hogy	0.909091
oka	az	hogy	0.400000
oka	az	volt	0.200000
oka	az	lehet	0.200000
oka	hogy	a	0.297872
oka	hogy	az	0.212766
oka	hogy	nem	0.063830
oka	is	van	0.583333
oka	is	lehet	0.250000
oka	lehet	hogy	0.555556
október	e	óta	0.750000
október	én	a	0.254902
október	én	az	0.117647
október	én	csütörtökön	0.098039
október	és	között	0.714286
olyan	ember	aki	0.266667
olyan	eset	is	0.571429
olyan	ez	mint	0.600000
olyan	hosszú	időre	0.800000
olyan	időszak	amikor	0.375000
olyan	is	aki	0.310345
olyan	is	amikor	0.172414
olyan	is	hogy	0.103448
olyan	játékos	is	0.600000
olyan	jó	mint	0.363636
olyan	mint	egy	0.312500
olyan	mint	a	0.281250
olyan	mintha	a	0.235294
olyan	mintha	egy	0.176471
olyan	ország	ahol	0.375000
olyan	súlyosan	megsérült	0.833333
olyan	világban	ahol	0.500000
olyan	volt	mint	0.333333
olyan	volt	mintha	0.266667
olyan	érzés	volt	0.600000
orvos	és	egy	0.428571
ott	a	helyszínen	0.176471
ott	ahol	a	0.333333
ott	lehetett	a	1.000000
ott	lesz	a	0.562500
ott	lesz	az	0.187500
ott	marad	a	0.600000
ott	tartunk	hogy	0.666667
ott	van	a	0.500000
ott	van	az	0.140625
ott	vannak	a	0.625000
ott	volt	a	0.368421
ott	volt	az	0.078947
pont	jár	abban	0.600000
pont	nélkül	álló	0.444444
pont	nélkül	maradtunk	0.333333
pont	úgy	ahogy	0.600000
pontosan	egy	éve	0.428571
pontosan	egy	évvel	0.428571
pontosan	mi	történt	0.428571
pontosan	tudta	hogy	0.666667
probléma	az	hogy	0.500000
probléma	hogy	a	0.400000
pályán	kívül	is	0.750000
pályára	lép	a	0.428571
példa	arra	hogy	0.833333
példa	hogy	a	0.400000
remek	formában	van	0.600000
remélem	hogy	a	0.181818
rendszer	valamint	az	0.750000
rendőrség	nemzeti	nyomozó	1.000000
rendőrség	szerint	a	0.333333
rendőrség	és	a	0.375000
rosszabb	a	helyzet	0.750000
rosszul	érezte	magát	1.000000
rá	a	figyelmet	0.156863
rá	a	miniszter	0.058824
rá	de	a	0.300000
rá	esély	hogy	0.600000
rá	hogy	a	0.328125
rá	hogy	az	0.156250
rá	mert	a	0.600000
rádió	jó	reggelt	1.000000
rádió	nek	elmondta	0.655172
rádió	nek	arról	0.344828
róla	hogy	a	0.341463
sajnos	az	elmúlt	0.428571
sajnos	azonban	a	0.416667
sajnos	ezen	a	1.000000
sajnos	már	nem	0.500000
sajnos	még	nem	0.333333
sajnos	még	mindig	0.250000
sajnos	nem	sikerült	0.137931
sajnos	nem	ez	0.051724
saját	facebook	oldalán	1.000000
saját	maga	által	0.294118
segítségét	kéri	egy	0.500000
segítségét	kéri	a	0.500000
sem	a	magyar	0.100000
sem	adta	fel	0.750000
sem	az	a	0.071429
sem	az	európai	0.071429
sem	bizonyítja	jobban	0.571429
sem	bizonyítja	ezt	0.428571
sem	biztos	hogy	1.000000
sem	felel	meg	1.000000
sem	gondolta	volna	0.750000
sem	hogy	a	0.250000
sem	igaz	hogy	0.750000
sem	járt	sikerrel	0.500000
sem	kapta	meg	0.800000
sem	kell	hogy	0.125000
sem	kell	a	0.100000
sem	került	sor	0.300000
sem	kizárt	hogy	0.857143
sem	lehet	majd	0.090909
sem	lesz	másként	0.147059
sem	lett	volna	0.533333
sem	marad	el	0.333333
sem	maradt	el	0.363636
sem	pedig	az	0.250000
sem	pedig	a	0.250000
sem	sokkal	jobb	1.000000
sem	sérült	meg	1.000000
sem	telt	el	1.000000
sem	tesz	jót	0.714286
sem	tudja	hogy	0.210526
sem	tudják	hogy	0.200000
sem	tudni	hogy	0.666667
sem	tudta	hogy	0.222222
sem	tudtam	hogy	0.375000
sem	tudták	megmenteni	0.214286
sem	történt	meg	0.272727
sem	vette	fel	0.428571
sem	világos	hogy	0.750000
sem	volt	a	0.176471
sem	volt	egyszerű	0.039216
sem	volt	éppen	0.029412
sem	volt	arról	0.029412
sem	volt	még	0.029412
sem	változott	a	0.400000
sem	véletlen	hogy	1.000000
sem	állt	meg	0.375000
sem	éri	el	1.000000
sem	érkezett	meg	0.750000
sem	érte	el	1.000000
semmi	baja	nem	0.750000
semmi	esetre	se	0.500000
semmi	esetre	sem	0.500000
semmi	köze	a	0.333333
semmi	köze	nincs	0.190476
semmi	más	nem	1.000000
semmi	nem	lesz	0.222222
semmi	probléma	nem	0.500000
semmi	sem	tetszik	0.125000
semmi	sem	lesz	0.125000
semmilyen	formában	nem	0.750000
semmilyen	körülmények	között	1.000000
sokan	azt	hitték	0.454545
sokan	mondják	hogy	0.800000
sokan	nem	tudják	0.190476
sokan	vannak	akik	0.333333
sor	hogy	a	0.625000
sor	kerül	a	0.500000
sorban	állás	közben	0.500000
szabad	elfelejteni	hogy	0.600000
szabad	szemmel	is	0.500000
szakmai	vezetője	szerint	0.375000
szerepelt	többek	között	1.000000
szerepet	játszanak	a	0.700000
szerepet	játszik	a	0.631579
szerepet	játszott	a	0.227273
szerepet	játszott	az	0.181818
szerepet	játszott	abban	0.136364
szerepet	kapott	a	0.571429
szerepet	tölt	be	1.000000
szerepet	töltött	be	1.000000
szeretnénk	ha	a	0.300000
szerettem	volna	de	0.142857
szerezte	meg	a	0.666667
szerezte	meg	az	0.277778
szerint	a	magyar	0.030441
szerint	a	következő	0.028919
szerint	a	két	0.027397
szerint	a	férfi	0.025875
szerint	a	kormány	0.022831
szerint	a	éves	0.021309
szerint	a	vádlott	0.016743
szerint	a	háború	0.013699
szerint	a	jelenlegi	0.012177
szerint	a	cég	0.012177
szerint	a	jövő	0.012177
szerint	a	nyugat	0.010654
szerint	a	nő	0.010654
szerint	a	több	0.010654
szerint	a	es	0.009132
szerint	a	rendőrség	0.009132
szerint	a	német	0.009132
szerint	a	vállalat	0.009132
szerint	a	mostani	0.009132
szerint	a	második	0.007610
szerint	a	év	0.007610
szerint	a	nemzetközi	0.007610
szerint	a	legtöbb	0.007610
szerint	a	három	0.007610
szerint	a	tűz	0.007610
szerint	a	most	0.007610
szerint	a	külföldi	0.007610
szerint	a	legnagyobb	0.007610
szerint	a	brit	0.006088
szerint	a	városban	0.006088
szerint	az	elmúlt	0.096875
szerint	az	orosz	0.062500
szerint	az	európai	0.059375
szerint	az	új	0.043750
szerint	az	első	0.037500
szerint	az	egyik	0.031250
szerint	az	ország	0.031250
szerint	az	amerikai	0.028125
szerint	az	a	0.028125
szerint	az	is	0.021875
szerint	az	egyesült	0.021875
szerint	az	utóbbi	0.018750
szerint	az	ilyen	0.015625
szerint	az	oroszok	0.015625
szerint	az	elnök	0.015625
szerint	az	éves	0.015625
szerint	az	hogy	0.012500
szerint	az	érintett	0.012500
szerint	az	eddigi	0.012500
szerint	az	utolsó	0.012500
szerint	az	idén	0.009375
szerint	az	elkövető	0.009375
szerint	az	év	0.009375
szerint	az	ügyben	0.009375
szerint	az	állam	0.009375
szerint	azonban	a	0.288889
szerint	azonban	ez	0.133333
szerint	azonban	még	0.066667
szerint	azt	mondta	0.285714
szerint	azt	is	0.285714
szerint	azért	mert	0.230769
szerint	azért	volt	0.153846
szerint	azért	nem	0.115385
szerint	ben	az	0.214286
szerint	ben	a	0.214286
szerint	csak	a	0.409091
szerint	csak	az	0.136364
szerint	ebben	az	0.600000
szerint	egy	férfi	0.083333
szerint	egy	éves	0.062500
szerint	egyelőre	nem	0.571429
szerint	egyre	több	0.300000
szerint	egyébként	az	0.384615
szerint	egyébként	a	0.307692
szerint	ennek	oka	0.333333
szerint	ez	a	0.298851
szerint	ez	az	0.080460
szerint	ez	nem	0.057471
szerint	ez	egy	0.045977
szerint	ez	is	0.034483
szerint	ezek	a	0.500000
szerint	ezt	követően	0.214286
szerint	ezzel	a	0.800000
szerint	ha	a	0.190476
szerint	ha	nem	0.142857
szerint	hajnali	négy	0.428571
szerint	idén	a	0.250000
szerint	is	több	0.130435
szerint	lehetséges	hogy	0.800000
szerint	meg	kell	0.428571
szerint	meg	is	0.428571
szerint	mindez	a	0.333333
szerint	mivel	a	0.416667
szerint	mivel	az	0.250000
szerint	most	már	0.428571
szerint	már	az	0.179487
szerint	már	a	0.153846
szerint	még	mindig	0.217391
szerint	még	a	0.173913
szerint	nagyjából	milliárd	0.333333
szerint	nem	volt	0.059524
szerint	nem	csak	0.059524
szerint	nem	kell	0.059524
szerint	nem	lehet	0.059524
szerint	nem	is	0.059524
szerint	nem	sokkal	0.035714
szerint	nem	lesz	0.035714
szerint	október	én	0.666667
szerint	pedig	a	0.454545
szerint	például	a	0.428571
szerint	re	a	0.750000
szerint	sem	a	0.750000
szerint	továbbra	is	0.777778
szerint	több	mint	0.700000
szerint	ugyanakkor	a	0.500000
szerint	ugyanis	a	0.441176
szerint	ugyanis	az	0.147059
szerint	valójában	a	0.500000
szerint	vasárnap	reggel	0.600000
szerint	viszont	a	0.260870
szerint	viszont	nem	0.130435
szerint	éppen	ezért	0.600000
szokott	lenni	a	0.444444
számítanak	hogy	a	0.454545
százalék	alá	csökken	0.375000
százalék	de	a	0.750000
százalék	felett	van	0.200000
százalék	körüli	volt	0.333333
százalék	között	mozog	0.307692
százalék	között	alakul	0.230769
százalék	közötti	mértékben	0.600000
százalék	lesz	a	0.600000
százalék	lett	a	0.375000
százalék	míg	a	0.800000
százalék	valamint	a	0.750000
százalék	volt	az	0.277778
százalék	volt	a	0.277778
százalék	volt	ez	0.083333
százalék	és	a	0.666667
százalék	és	az	0.190476
szép	volt	jó	0.600000
szép	és	jó	0.272727
szóltak	a	hírek	0.625000
szóló	törvény	szerint	0.214286
szövetség	elnöke	is	0.250000
szövetség	elnöke	a	0.250000
szükséges	ahhoz	hogy	1.000000
született	meg	a	0.448276
született	meg	az	0.172414
sőt	azt	is	0.571429
sőt	mi	több	1.000000
sőt	még	a	0.285714
sőt	még	egy	0.142857
tagjai	voltak	a	1.000000
találkozót	tartott	a	0.750000
tart	a	háború	0.102564
tart	a	véres	0.102564
tart	a	magyar	0.076923
tart	attól	hogy	1.000000
tart	hogy	a	0.444444
tart	majd	a	0.714286
tartanak	hogy	a	0.444444
tartjuk	azt	a	0.750000
tartották	a	kapcsolatot	0.400000
tartották	meg	a	0.538462
tartották	meg	az	0.230769
tartozik	hogy	a	0.666667
teljes	mértékben	az	0.360000
teljes	mértékben	a	0.160000
tenné	lehetővé	a	1.000000
területen	és	a	0.500000
tettek	meg	a	0.750000
tették	hogy	a	0.571429
tették	hozzá	a	0.600000
tud	mit	kezdeni	0.428571
tudom	hogy	a	0.193548
tudom	hogy	az	0.096774
tudom	hogy	ez	0.080645
tudom	hogy	nem	0.064516
tudomány	és	a	1.000000
tudtam	hogy	a	0.200000
tudtam	hogy	ez	0.160000
tudták	hogy	a	0.150000
tudták	megmenteni	az	0.833333
támogatja	a	magyar	0.230769
támogatja	az	orosz	0.250000
támogatja	az	európai	0.187500
támogatja	e	a	0.500000
tér	szám	alatti	1.000000
tér	vissza	a	0.615385
tér	és	a	1.000000
tért	ki	hogy	0.500000
tért	vissza	a	0.523810
tíz	év	alatt	0.333333
tíz	év	után	0.238095
tíz	év	múlva	0.142857
tíz	éve	nem	0.212121
tíz	éven	át	0.500000
tíz	évvel	ezelőtt	0.642857
többen	hagyják	el	1.000000
többen	vannak	akik	0.333333
többi	között	a	0.272727
többi	között	azt	0.181818
tölti	az	idejét	0.666667
tölti	be	az	0.384615
tölti	be	a	0.384615
tölti	ki	a	1.000000
tűnt	el	a	0.470588
tűnt	fel	hogy	0.190476
tűnt	fel	a	0.142857
tűnt	hogy	a	0.388889
ugyanakkor	arra	is	0.500000
ugyanakkor	arról	is	0.750000
ugyanakkor	az	is	0.161290
ugyanakkor	az	a	0.161290
ugyanakkor	az	elmúlt	0.096774
ugyanakkor	felhívta	a	1.000000
ugyanakkor	hogy	a	0.333333
ugyanakkor	továbbra	sem	0.600000
ugyanaz	mint	az	0.666667
ugyanazok	a	szabályok	1.000000
ugyanazon	a	napon	0.500000
ugyanazon	a	helyen	0.250000
ugyanez	a	helyzet	0.200000
ugyanis	a	magyar	0.075472
ugyanis	a	kormány	0.028302
ugyanis	a	régi	0.028302
ugyanis	az	hogy	0.073529
ugyanis	az	egyik	0.058824
ugyanis	az	előző	0.044118
ugyanis	az	első	0.044118
ugyanis	az	új	0.044118
ugyanis	az	utóbbi	0.044118
ugyanis	az	európai	0.044118
ugyanis	csak	a	0.416667
ugyanis	egy	olyan	0.136364
ugyanis	ez	a	0.714286
ugyanis	hogy	a	0.354839
ugyanis	hogy	az	0.096774
ugyanis	kiderült	hogy	1.000000
ugyanis	már	a	0.312500
ugyanis	már	csak	0.187500
utolsó	csepp	a	0.800000
utolsó	sorban	a	0.428571
utóbbi	egy	évben	0.875000
utóbbi	időben	több	0.098039
utóbbi	időben	a	0.098039
utóbbi	időben	az	0.098039
utóbbi	időben	egyre	0.078431
utóbbi	időben	számos	0.058824
utóbbi	két	hónapban	0.428571
utóbbi	években	a	0.300000
utóbbi	öt	évben	0.750000
vagyok	arra	hogy	1.000000
vagyok	benne	hogy	1.000000
vagyok	hogy	a	0.388889
vagyok	rá	hogy	0.625000
vagyok	és	a	0.210526
valaha	volt	legnagyobb	0.444444
valami	baj	van	1.000000
valami	nem	stimmel	0.454545
valamivel	több	mint	0.933333
valamivel	óra	előtt	1.000000
vallomást	tett	a	0.555556
való	tekintettel	a	0.363636
valószínű	de	a	1.000000
valószínű	hogy	a	0.307692
valószínűleg	azért	mert	0.428571
valószínűleg	még	nem	0.500000
valóság	az	hogy	1.000000
vasárnap	a	facebook	0.176471
vasárnap	az	ország	0.300000
vasárnap	délelőtt	a	0.300000
vasárnap	délután	a	0.571429
vasárnap	este	a	0.285714
vasárnap	kora	délután	0.750000
vasárnap	késő	este	0.750000
vasárnap	pedig	a	0.833333
vasárnap	reggel	óra	0.187500
vasárnap	és	hétfőn	0.555556
vasárnap	és	óra	0.333333
vegye	át	az	1.000000
vegyék	fel	a	0.800000
venni	hogy	a	0.388889
verseny	alakult	ki	1.000000
vesz	e	a	1.000000
vesz	részt	a	0.536585
vesz	részt	és	0.073171
vette	az	irányt	0.529412
vette	fel	a	0.333333
vette	hogy	a	0.500000
vette	ki	a	0.750000
vette	meg	a	0.363636
vette	át	a	0.586207
vette	át	az	0.241379
vette	észre	a	0.500000
vette	észre	hogy	0.222222
vette	észre	az	0.166667
vették	fel	a	0.583333
vették	át	a	0.750000
világ	a	világ	0.600000
világ	egyik	legnagyobb	0.576923
világ	egyik	vezető	0.115385
világ	első	számú	0.571429
világ	harmadik	legnagyobb	0.600000
világ	második	legnagyobb	1.000000
világ	nagy	része	1.000000
világ	negyedik	legnagyobb	1.000000
világ	szinte	minden	0.600000
világban	ahol	a	1.000000
világos	hogy	a	0.350000
világra	jött	a	0.500000
voltak	a	helyszínen	0.108108
voltak	akik	a	0.230769
voltak	amikor	a	0.750000
voltak	az	elmúlt	0.200000
voltak	az	első	0.200000
voltak	azok	akik	0.500000
voltak	azok	a	0.500000
voltak	hogy	a	0.333333
voltak	mint	a	0.600000
voltak	vele	hogy	1.000000
voltak	és	nem	0.130435
voltam	vele	hogy	0.833333
voltunk	vele	hogy	1.000000
vágott	bele	a	0.500000
vágott	neki	a	0.555556
vágott	neki	az	0.333333
választotta	ki	a	0.600000
várt	százalék	helyett	1.000000
vége	előtt	már	0.263158
vége	előtt	a	0.157895
vége	felé	már	0.312500
vége	lesz	a	0.500000
vége	lett	a	0.666667
végezte	el	a	0.538462
végzett	az	első	0.500000
végzi	a	dolgát	0.750000
véleménye	alapján	a	0.600000
véleménye	hogy	a	0.500000
véleménye	szerint	a	0.461538
víz	és	a	0.428571
zárt	a	héten	0.333333
zárt	a	magyar	0.333333
zárt	ajtók	mögött	0.800000
áldozata	is	van	0.714286
áldozata	van	az	0.428571
áll	a	háttérben	0.111111
áll	arra	hogy	0.875000
áll	erősebben	a	0.600000
áll	hogy	a	0.526316
áll	meg	a	0.750000
államok	továbbra	is	1.000000
államok	és	kína	0.416667
állunk	arra	hogy	1.000000
állítják	hogy	a	0.473684
át	a	keleti	0.043478
át	az	irányítást	0.081633
át	az	új	0.061224
át	az	egyesült	0.061224
át	egészen	a	0.600000
át	neki	az	0.600000
át	nem	volt	0.500000
át	és	a	0.333333
ázsiai	országban	a	1.000000
életét	hogy	a	0.600000
életét	már	nem	1.000000
életét	nem	tudták	0.500000
életét	nem	sikerült	0.375000
életét	vesztette	a	0.272727
életét	vesztette	és	0.159091
életét	vesztette	egy	0.159091
életét	vesztette	további	0.068182
életét	vesztette	az	0.068182
élnek	és	a	0.500000
én	csütörtökön	órakor	0.214286
én	ezt	nem	0.333333
én	ezt	a	0.250000
én	is	a	0.044118
én	is	csak	0.044118
én	is	nagyon	0.044118
én	is	úgy	0.044118
én	jelentette	be	0.600000
én	kezdődik	a	1.000000
én	lesz	a	0.400000
én	leszek	a	1.000000
én	magam	is	0.714286
én	meg	csak	0.235294
én	már	nem	0.277778
én	nem	vagyok	0.147059
én	pedig	a	0.150000
én	pedig	az	0.150000
én	pénteken	a	0.312500
én	pénteken	óra	0.187500
én	sem	tudok	0.300000
én	soha	nem	1.000000
én	személy	szerint	1.000000
én	vagyok	az	0.500000
én	vagyok	a	0.400000
én	voltam	a	0.375000
én	és	én	0.461538
én	óra	perc	0.416667
én	óra	és	0.416667
én	úgy	gondolom	0.272727
ér	az	egész	0.500000
ér	ki	a	1.000000
ér	véget	a	0.500000
éreztem	azt	hogy	0.600000
éreztem	hogy	az	0.294118
éreztem	hogy	ez	0.176471
érjen	véget	a	1.000000
érkezett	a	hír	0.138889
érkezett	hogy	a	0.666667
érkezett	meg	a	0.375000
érkezett	ugyanis	a	0.750000
érzik	magukat	a	0.400000
és	a	magyar	0.037704
és	a	helyi	0.016320
és	a	es	0.015194
és	a	többi	0.012380
és	a	kormány	0.011818
és	a	nemzeti	0.009567
és	a	magas	0.009004
és	a	nemzetközi	0.009004
és	a	két	0.008441
és	a	város	0.007878
és	a	második	0.006753
és	a	éves	0.006753
és	a	rendőrök	0.006753
és	a	háború	0.006753
és	a	hozzá	0.006753
és	a	legtöbb	0.006753
és	a	jövő	0.006753
és	a	gazdasági	0.006753
és	a	nyugati	0.006753
és	a	közösségi	0.006190
és	a	nyugat	0.006190
és	a	rendőrség	0.005627
és	a	szülők	0.005627
és	a	saját	0.005627
és	a	közös	0.005065
és	a	korábbi	0.005065
és	a	legjobb	0.005065
és	a	the	0.005065
és	a	következő	0.005065
és	a	végén	0.005065
és	abban	a	0.500000
és	abban	hogy	0.375000
és	adott	esetben	0.500000
és	ahhoz	hogy	0.750000
és	ahogy	az	0.333333
és	ahol	a	0.375000
és	akit	a	0.600000
és	akkor	még	0.175439
és	akkor	is	0.087719
és	akkor	az	0.052632
és	akkor	már	0.052632
és	akkor	a	0.052632
és	amelyet	a	0.500000
és	amennyiben	az	0.375000
és	amerikában	is	1.000000
és	ami	a	0.181818
és	ami	még	0.136364
és	amikor	a	0.206897
és	amit	a	0.555556
és	angol	nyelven	0.750000
és	annak	a	0.193548
és	arra	hogy	0.187500
és	arra	is	0.187500
és	arra	a	0.125000
és	arról	is	0.350000
és	arról	hogy	0.150000
és	az	európai	0.062645
és	az	orosz	0.042923
és	az	egyesült	0.040603
és	az	egész	0.024362
és	az	új	0.022042
és	az	első	0.020882
és	az	amerikai	0.017401
és	az	ország	0.017401
és	az	egyik	0.016241
és	az	is	0.015081
és	az	azt	0.013921
és	az	utolsó	0.011601
és	az	ott	0.011601
és	az	hogy	0.011601
és	az	ő	0.011601
és	az	üzleti	0.011601
és	az	emberek	0.010441
és	az	sem	0.010441
és	az	állami	0.009281
és	az	usa	0.009281
és	az	emberi	0.009281
és	az	állam	0.009281
és	az	a	0.009281
és	az	ilyen	0.008121
és	az	idén	0.008121
és	az	év	0.008121
és	az	érintett	0.006961
és	az	összes	0.006961
és	az	egyéb	0.005800
és	az	ezzel	0.005800
és	azok	a	0.312500
és	azok	az	0.187500
és	azokat	is	0.444444
és	azon	kívül	0.176471
és	azon	keresztül	0.176471
és	azt	is	0.201258
és	azt	mondta	0.169811
és	azt	hogy	0.075472
és	azt	a	0.056604
és	azt	sem	0.056604
és	azt	követően	0.037736
és	azt	mondja	0.031447
és	azt	állította	0.025157
és	azt	mondják	0.025157
és	azt	mondjuk	0.018868
és	azt	mondták	0.018868
és	azóta	is	0.277778
és	azóta	a	0.083333
és	be	is	0.500000
és	ben	a	0.263158
és	ben	is	0.263158
és	bár	a	0.300000
és	bár	az	0.140000
és	bár	egy	0.060000
és	bár	nem	0.060000
és	bízom	benne	0.500000
és	csak	a	0.171429
és	csak	úgy	0.057143
és	csak	százalék	0.057143
és	csak	az	0.057143
és	csak	akkor	0.042857
és	csak	azt	0.042857
és	délután	és	0.428571
és	e	között	0.750000
és	ebben	a	0.470588
és	ebben	az	0.235294
és	ebből	a	0.300000
és	egy	éves	0.071429
és	egy	új	0.029412
és	egy	másik	0.025210
és	egy	újabb	0.021008
és	egy	nő	0.021008
és	egy	egy	0.016807
és	egy	saját	0.016807
és	egy	olyan	0.016807
és	egy	kis	0.016807
és	egy	rendőr	0.012605
és	egy	amerikai	0.012605
és	egy	fiatal	0.012605
és	egy	nagy	0.012605
és	egy	idő	0.012605
és	egy	férfi	0.012605
és	egy	egész	0.012605
és	egy	két	0.012605
és	egy	ideig	0.012605
és	egy	sor	0.012605
és	egy	nagyon	0.012605
és	egyben	a	0.360000
és	egyben	az	0.160000
és	egyben	utolsó	0.120000
és	egyik	sem	0.333333
és	egyre	nagyobb	0.240000
és	egyre	többen	0.240000
és	egyre	több	0.120000
és	egyszer	csak	0.300000
és	egyszerűen	nem	0.750000
és	egyáltalán	nem	1.000000
és	egyéb	értékes	0.130435
és	egyéb	egészségügyi	0.130435
és	ehhez	hasonló	0.294118
és	ehhez	a	0.176471
és	el	is	0.428571
és	el	tudja	0.214286
és	elindult	a	0.750000
és	elmondta	hogy	0.666667
és	ennek	megfelelően	0.138889
és	ennek	köszönhetően	0.111111
és	ennek	a	0.111111
és	ennek	érdekében	0.083333
és	ennek	nagyon	0.083333
és	ennek	az	0.083333
és	es	évek	0.800000
és	ez	a	0.196629
és	ez	az	0.056180
és	ez	még	0.056180
és	ez	így	0.039326
és	ez	már	0.033708
és	ez	nem	0.028090
és	ez	olyan	0.022472
és	ez	alapján	0.022472
és	ez	egy	0.016854
és	ez	most	0.016854
és	ez	nagyon	0.016854
és	ez	csak	0.016854
és	ez	is	0.016854
és	ezek	a	0.291667
és	ezek	közül	0.208333
és	ezek	az	0.125000
és	ezeket	a	0.625000
és	ezen	a	0.400000
és	ezt	a	0.234375
és	ezt	az	0.156250
és	ezt	nem	0.093750
és	ezt	követően	0.046875
és	ezután	is	0.500000
és	ezzel	a	0.275000
és	ezzel	egy	0.125000
és	ezzel	együtt	0.125000
és	ezáltal	a	0.500000
és	ezért	nem	0.153846
és	ezért	a	0.115385
és	felesége	valamint	0.272727
és	fok	között	0.739130
és	fok	közé	0.159420
és	fok	közötti	0.057971
és	fél	éves	0.150000
és	fél	év	0.125000
és	fél	éve	0.112500
és	fél	milliárd	0.075000
és	fél	millió	0.075000
és	fél	évvel	0.050000
és	fél	perc	0.050000
és	fél	órás	0.037500
és	fél	évig	0.037500
és	ha	már	0.115044
és	ha	a	0.070796
és	ha	ez	0.061947
és	ha	igen	0.061947
és	ha	nem	0.053097
és	ha	minden	0.026549
és	ha	valami	0.026549
és	harry	herceg	0.500000
és	hogy	a	0.128205
és	hogy	az	0.076923
és	hogy	milyen	0.064103
és	hogy	mit	0.051282
és	hogy	mi	0.051282
és	hogy	miért	0.051282
és	itt	is	0.161290
és	itt	van	0.096774
és	jelenleg	is	0.333333
és	jelenleg	a	0.333333
és	jó	a	0.200000
és	június	között	0.500000
és	kelet	európai	1.000000
és	kell	is	0.375000
és	ki	is	0.142857
és	ki	nem	0.142857
és	kiderült	hogy	0.500000
és	kinek	nem	0.600000
és	kiváló	művész	0.833333
és	kizárólag	a	0.272727
és	km	h	0.500000
és	korábban	nem	0.300000
és	könnyen	lehet	0.500000
és	könnyű	testi	0.750000
és	közel	keleti	0.400000
és	közlekedési	minisztérium	0.500000
és	közlekedési	miniszter	0.500000
és	között	a	0.217391
és	között	az	0.130435
és	között	volt	0.086957
és	között	több	0.057971
és	le	is	0.400000
és	lehet	hogy	0.571429
és	ma	már	0.722222
és	ma	is	0.166667
és	meg	is	0.425532
és	meg	kell	0.191489
és	meg	lehet	0.063830
és	megkérdezte	hogy	0.600000
és	mi	nem	0.200000
és	mi	a	0.142857
és	mi	van	0.114286
és	mind	a	0.571429
és	minden	bizonnyal	0.101695
és	minden	más	0.101695
és	minden	egyes	0.050847
és	minden	a	0.050847
és	mindig	is	0.142857
és	mint	a	0.210526
és	mint	ilyen	0.157895
és	minél	több	0.500000
és	mit	kell	0.111111
és	miután	nem	0.428571
és	mivel	a	0.347826
és	mivel	az	0.130435
és	most	már	0.196970
és	most	is	0.196970
és	most	a	0.106061
és	már	a	0.171429
és	már	nem	0.114286
és	már	nagyon	0.057143
és	már	csak	0.042857
és	már	az	0.042857
és	más	hasonló	0.072727
és	más	a	0.054545
és	még	a	0.139344
és	még	egy	0.098361
és	még	sok	0.057377
és	még	mindig	0.057377
és	még	az	0.057377
és	még	azt	0.040984
és	még	számos	0.032787
és	még	nincs	0.024590
és	még	hosszú	0.024590
és	még	nagyobb	0.024590
és	még	most	0.024590
és	még	több	0.024590
és	még	tovább	0.024590
és	nagyon	sok	0.132075
és	nagyon	fontos	0.056604
és	ne	az	0.214286
és	neki	is	0.600000
és	nem	is	0.139860
és	nem	a	0.041958
és	nem	csak	0.034965
és	nem	volt	0.027972
és	nem	marad	0.013986
és	nem	tudott	0.013986
és	nem	azért	0.013986
és	nem	lesz	0.013986
és	nem	egy	0.013986
és	nem	az	0.013986
és	nem	mellesleg	0.010490
és	nem	utolsó	0.010490
és	nem	akarnak	0.010490
és	nemcsak	a	0.533333
és	nemcsak	az	0.333333
és	november	között	0.555556
és	néhány	további	0.200000
és	október	között	0.375000
és	ott	is	0.115385
és	ott	van	0.115385
és	ott	a	0.115385
és	persze	a	0.326923
és	persze	az	0.134615
és	persze	nem	0.076923
és	remélem	hogy	0.666667
és	reméljük	hogy	0.750000
és	senki	sem	0.428571
és	soha	nem	0.500000
és	sok	más	0.137931
és	sok	sikert	0.103448
és	sok	esetben	0.103448
és	sokszor	a	0.333333
és	személy	szerint	0.600000
és	személyesen	is	0.500000
és	szeptember	között	0.500000
és	szeretné	ha	0.666667
és	szerette	volna	1.000000
és	szinte	minden	0.250000
és	százalék	közötti	0.333333
és	talán	az	0.200000
és	természetesen	az	0.208333
és	természetesen	a	0.166667
és	továbbra	is	0.947368
és	tudom	hogy	0.750000
és	több	mint	0.406977
és	több	tucat	0.046512
és	több	más	0.034884
és	többször	is	0.600000
és	vagy	a	0.272727
és	van	hogy	0.178571
és	van	egy	0.142857
és	vasárnap	is	0.400000
és	vele	együtt	0.400000
és	vele	szemben	0.200000
és	védelmi	tanács	0.571429
és	végül	a	0.384615
és	általában	a	0.454545
és	általános	iskola	1.000000
és	április	között	0.666667
és	én	is	0.181818
és	én	azt	0.068182
és	én	a	0.068182
és	észak	amerikában	0.375000
és	év	közötti	0.781250
és	év	között	0.093750
és	így	tovább	0.163636
és	így	a	0.145455
és	így	az	0.072727
és	óra	között	0.843750
és	óra	közötti	0.046875
és	úgy	tűnik	0.101695
és	úgy	néz	0.067797
és	úgy	döntött	0.067797
és	úgy	tűnt	0.050847
és	úgy	gondolom	0.050847
és	újra	meg	0.166667
és	ő	is	0.269231
és	ő	az	0.115385
és	ők	is	0.444444
év	alatt	a	0.221053
év	alatt	az	0.042105
év	alatt	millió	0.031579
év	alatt	több	0.031579
év	alatt	gyakorlatilag	0.031579
év	alatti	fiatalok	0.428571
év	elején	még	0.104167
év	elején	a	0.083333
év	első	három	0.217391
év	első	hat	0.173913
év	első	napján	0.173913
év	kellett	hozzá	1.000000
év	körüli	férfi	0.250000
év	körüli	férfit	0.187500
év	közötti	fiatalok	0.200000
év	minden	napján	1.000000
év	múlva	már	0.114286
év	múlva	is	0.114286
év	múlva	egy	0.085714
év	múlva	nem	0.085714
év	telt	el	1.000000
év	utolsó	napján	0.333333
év	után	a	0.083333
év	után	újra	0.083333
év	után	ismét	0.071429
év	után	is	0.047619
év	után	már	0.047619
év	után	véget	0.035714
év	után	először	0.035714
év	volt	a	0.363636
év	vége	felé	0.350000
év	vége	előtt	0.300000
év	vége	óta	0.250000
év	végéig	pedig	0.150000
év	végén	a	0.157895
év	végén	már	0.078947
év	végére	a	0.185185
év	végére	százalék	0.111111
év	végére	az	0.111111
évben	a	cég	0.120000
évben	a	magyar	0.120000
évben	is	folytatódik	0.300000
évben	több	mint	0.750000
évek	egyik	legnagyobb	0.428571
évek	elején	történt	0.166667
évek	során	a	0.190476
évek	óta	nem	0.113636
évek	óta	a	0.102273
évek	óta	egyre	0.056818
évek	óta	tartó	0.034091
évek	óta	az	0.034091
évek	óta	küzd	0.034091
éven	át	tartó	0.133333
éven	át	nem	0.133333
éven	át	a	0.100000
évvel	a	halála	0.333333
évvel	azután	hogy	0.800000
évvel	ezelőtt	a	0.128571
évvel	ezelőtt	még	0.071429
évvel	ezelőtt	az	0.064286
évvel	ezelőtt	is	0.050000
évvel	ezelőtt	egy	0.035714
évvel	ezelőtt	indult	0.028571
évvel	ezelőtt	született	0.021429
évvel	ezelőtt	már	0.021429
évvel	ezelőtt	azt	0.021429
évvel	korábban	a	0.214286
évvel	korábbi	milliárd	0.666667
évvel	később	a	0.093750
évvel	később	az	0.093750
évvel	később	ban	0.093750
így	a	magyar	0.048649
így	a	második	0.037838
így	a	két	0.032432
így	a	rendőrök	0.016216
így	a	bíróság	0.016216
így	a	percben	0.016216
így	a	többi	0.016216
így	a	cél	0.016216
így	a	jövőben	0.016216
így	a	jövő	0.016216
így	alakult	ki	0.428571
így	amikor	a	0.428571
így	az	első	0.093023
így	az	ő	0.058140
így	az	utolsó	0.046512
így	az	új	0.034884
így	az	sem	0.034884
így	azt	a	0.250000
így	aztán	a	0.176471
így	ebben	a	0.600000
így	egyre	nagyobb	1.000000
így	ez	a	0.588235
így	ezek	a	0.875000
így	ezen	a	1.000000
így	ha	az	0.136364
így	is	a	0.059829
így	is	tett	0.042735
így	is	úgy	0.042735
így	is	történt	0.042735
így	is	több	0.034188
így	is	sikerült	0.025641
így	is	marad	0.025641
így	is	nagyon	0.025641
így	is	van	0.025641
így	is	volt	0.025641
így	lenne	akkor	0.600000
így	lesz	a	0.166667
így	lett	a	0.400000
így	minden	bizonnyal	0.272727
így	most	már	0.277778
így	most	a	0.166667
így	már	csak	0.195122
így	már	a	0.097561
így	már	nem	0.073171
így	még	nem	0.214286
így	nem	is	0.084746
így	nem	csoda	0.076271
így	nem	meglepő	0.050847
így	nem	lehet	0.042373
így	nem	kell	0.042373
így	nem	volt	0.033898
így	nem	lesz	0.033898
így	nem	tudott	0.025424
így	nemcsak	a	0.750000
így	néz	ki	1.000000
így	pedig	nem	0.214286
így	például	a	0.550000
így	tehát	nem	0.375000
így	természetesen	a	0.428571
így	továbbra	is	1.000000
így	több	mint	0.500000
így	többek	között	0.571429
így	többek	közt	0.428571
így	többé	nem	0.600000
így	történt	ez	0.230769
így	vagy	úgy	1.000000
így	van	ez	0.285714
így	van	a	0.107143
így	van	ezzel	0.107143
így	volt	ez	0.318182
így	ő	is	0.600000
így	ők	is	0.272727
írja	a	magyar	0.311111
írja	a	lap	0.111111
írja	a	bank	0.066667
írja	a	v	0.066667
írja	elő	a	0.375000
írja	elő	hogy	0.375000
írja	hogy	a	0.692308
írja	le	a	0.444444
írt	alá	a	0.294118
írt	alá	az	0.235294
írt	hogy	a	0.615385
írt	hogy	az	0.307692
írt	ki	a	1.000000
írt	éve	az	1.000000
órakor	kezdődik	a	0.733333
órakor	kezdődött	a	0.600000
órakor	lesz	a	0.800000
órakor	new	yorkban	1.000000
örömmel	tölt	el	1.000000
örül	annak	hogy	0.800000
úgy	alakult	ahogy	0.714286
úgy	dönt	hogy	0.750000
úgy	döntött	hogy	0.654762
úgy	döntött	az	0.071429
úgy	döntött	a	0.047619
úgy	döntött	nem	0.047619
úgy	döntöttünk	hogy	0.857143
úgy	fest	hogy	0.555556
úgy	gondolja	hogy	0.481481
úgy	gondolja	a	0.148148
úgy	gondoljuk	hogy	0.888889
úgy	gondolják	hogy	0.703704
úgy	gondolom	hogy	0.538462
úgy	gondolom	a	0.096154
úgy	gondolom	nem	0.057692
úgy	gondolta	hogy	0.526316
úgy	határozott	hogy	0.857143
úgy	hogy	a	0.241135
úgy	hogy	az	0.106383
úgy	hogy	közben	0.063830
úgy	hogy	nem	0.056738
úgy	hogy	ne	0.035461
úgy	hogy	még	0.028369
úgy	is	hogy	0.540541
úgy	is	lehet	0.081081
úgy	is	mint	0.081081
úgy	látja	hogy	0.375000
úgy	látja	a	0.175000
úgy	látja	az	0.150000
úgy	látjuk	hogy	0.750000
úgy	látják	hogy	0.545455
úgy	látom	hogy	0.416667
úgy	látom	a	0.250000
úgy	látszik	hogy	0.416667
úgy	látta	a	0.600000
úgy	mint	az	0.333333
úgy	mint	a	0.333333
úgy	most	is	1.000000
úgy	működik	hogy	0.600000
úgy	néz	ki	1.000000
úgy	nézek	ki	1.000000
úgy	nézett	ki	1.000000
úgy	sikerült	ahogyan	0.333333
úgy	tartják	hogy	0.750000
úgy	tenni	mintha	1.000000
úgy	tudja	hogy	0.382353
úgy	tudja	a	0.382353
úgy	tudja	az	0.088235
úgy	tudjuk	hogy	0.450000
úgy	tudják	hogy	0.500000
úgy	tudni	hogy	0.440000
úgy	tudni	a	0.240000
úgy	tudom	hogy	0.555556
úgy	tűnik	hogy	0.282297
úgy	tűnik	a	0.143541
úgy	tűnik	az	0.062201
úgy	tűnik	nem	0.057416
úgy	tűnik	ez	0.052632
úgy	tűnik	mintha	0.033493
úgy	tűnik	nincs	0.019139
úgy	tűnt	hogy	0.485714
úgy	tűnt	a	0.085714
úgy	volt	hogy	0.625000
úgy	voltam	vele	1.000000
úgy	voltunk	vele	1.000000
úgy	vélem	hogy	0.307692
úgy	vélem	a	0.230769
úgy	véli	hogy	0.369565
úgy	véli	a	0.239130
úgy	véli	az	0.076087
úgy	véli	nem	0.054348
úgy	véli	ha	0.043478
úgy	véli	ez	0.032609
úgy	érezte	hogy	0.400000
úgy	éreztem	hogy	0.625000
úgy	érezzük	hogy	0.714286
úgy	érzem	hogy	0.218750
úgy	érzem	még	0.093750
úgy	érzem	a	0.093750
úgy	érzi	hogy	0.192308
úgy	érzi	a	0.096154
úgy	érzi	nem	0.057692
úgy	érzi	ez	0.057692
úgy	érzik	hogy	0.384615
újra	a	régi	0.181818
újra	meg	újra	0.555556
újra	és	újra	0.954545
út	és	a	0.769231
úton	és	a	0.500000
ütötte	el	a	0.750000
ő	az	első	0.225806
ő	az	egyetlen	0.193548
ő	irányítja	a	1.000000
ő	is	a	0.046875
ő	lesz	a	0.777778
ő	lett	a	0.400000
ő	lett	az	0.400000
ő	maga	is	0.404762
ő	maga	a	0.119048
ő	már	nem	0.272727
ő	vezeti	a	1.000000
ő	volt	az	0.545455
ő	volt	a	0.393939
ő	és	a	0.428571
